t_min,roll,pitch,yaw,att_err,rw_sat,alt,vel,omega_x,omega_y,omega_z,fuel,power_w,voltage_v,mat_temp,mat_integrity,mat_uv,mat_rad,mat_ao
0.016666666666666666,7.0246274840609075,-3.3397043497330716,13.94973011372611,8.025465123602308,24.70885141058673,399.9999937499575,7672.598646777954,-3.0524730557545934,1.487575930158987,-1.2823202233735742,0.5,34.999996378425415,27.99999884109613,287.4515927513452,99.99998965264405,0.0,1.388888884066358e-08,0.00010000000000000009
0.03333333333333333,5.060990550787113,-2.15980773651219,12.710292681500533,5.376904337270435,19.120385609437605,399.99997499984875,7672.598641956801,-2.0233132398506406,1.0432052476905538,-1.3556695949994166,0.5,34.99999275672985,27.999997682153555,284.86085523687615,99.99997930494244,1.1574074074040595e-11,2.7777777488425926e-08,0.00020000000000000017
0.05,3.735108625019329,-1.3858374994068734,11.684067805996678,3.5139461507891996,14.129760095221409,399.99994374972766,7672.598633921629,-1.3576949874831636,0.6930891530086329,-1.0821927134873806,0.5,34.999989135034696,27.999996523211102,282.4185491599503,99.99996895724198,2.314814814794723e-11,4.1666665943287046e-08,0.00030000000000000024
0.06666666666666667,2.8489378757868318,-0.8887809839056491,10.962744474445591,2.272185015595824,10.077733571690741,399.9998999996828,7672.598622672555,-0.9005067861031266,0.4548386402902607,-0.7485742101827609,0.5,34.999985513339915,27.99999536426877,280.1112151003214,99.9999586095426,3.472222222171991e-11,5.555555420524694e-08,0.00040000000000000034
0.08333333333333333,2.240846327212687,-0.5844289836118952,10.504998368182257,1.4637781179226175,7.4681800063203605,399.99984374983796,7672.5986082097525,-0.6139821812289074,0.2837332085811197,-0.47078157293101885,0.5,34.99998189164549,27.999994205326555,277.92706519343864,99.99994826184427,4.629629629535863e-11,6.94444422743056e-08,0.0005000000000000004
0.1,1.8272955351678881,-0.3845318045748489,10.238392740573254,0.943627871776462,5.979414370137456,399.9997750003561,7672.598590533436,-0.41580695561468434,0.19031014457994824,-0.27352591365941986,0.5,34.99997826995141,27.999993046384454,275.85572287108516,99.9999379141469,5.787037036886339e-11,8.333333015046303e-08,0.0006000000000000005
0.11666666666666667,1.5468637064307007,-0.2574886555541312,10.091238243220232,0.6114804874139005,5.260520309092565,399.9996937514311,7672.598569643876,-0.28125685052707833,0.12265621143500616,-0.15082928494091521,0.5,34.999974648257655,27.99999188744245,273.8880107896273,99.99992756645045,6.944444444223419e-11,9.722221783371925e-08,0.0007000000000000005
0.13333333333333333,1.370345004876623,-0.18983066564727294,10.011349652656518,0.4163336631149366,4.866420157071474,399.99960000329463,7672.598545541384,-0.1768306941286629,0.06560262790402761,-0.08158443427181436,0.5,34.99997102656421,27.99999072850055,272.01577669605575,99.9999172187549,8.101851851547102e-11,1.1111110532407424e-07,0.0008000000000000007
0.15,1.230785653785957,-0.13175949052262378,9.980217325712593,0.26646465476479114,4.803984503229318,399.999493756216,7672.598518226326,-0.13964678999159966,0.057349648787271536,-0.032442266155415095,0.5,34.999967404871065,27.999989569558743,270.2317494267776,99.99990687106019,9.25925925885739e-11,1.2499999262152802e-07,0.0009000000000000007
0.16666666666666666,1.1636778145118043,-0.09256147456671412,9.975949935142847,0.18955235014899838,4.55277844658775,399.9993750104988,7672.5984876991115,-0.06711620065842999,0.03910030385056216,-0.005085459811645807,0.5,34.999963783178195,27.99998841061702,268.5294190365608,99.99989652336627,1.0416666666154283e-10,1.388888797260806e-07,0.0010000000000000009
0.18333333333333332,1.111437279000187,-0.07375035077812385,9.976779061977233,0.13562175549891137,4.543159913445444,399.9992437664801,7672.598453960201,-0.052239335782193586,0.018823878980925284,0.0004555087468630506,0.5,34.999960161485596,27.999987251675392,266.9029363985233,99.99988617567313,1.1574074073437779e-10,1.5277776663773194e-07,0.001100000000000001
0.2,1.0854083628714037,-0.06015854334685185,9.984194784687062,0.10565048759450194,4.448675122053503,399.9991000245353,7672.598417010105,-0.026020250745643785,0.013731468939967658,0.007153801313459253,0.5,34.999956539793246,27.999986092733838,265.34702862770035,99.99987582798072,1.273148148070788e-10,1.666666533564821e-07,0.001200000000000001
0.21666666666666667,1.0604486945535088,-0.04627301096737742,9.987621823654772,0.07712231161877228,4.425451701458074,399.9989437850751,7672.598376849381,-0.024956485711574473,0.013947269660491516,0.003166429566972354,0.5,34.99995291810115,27.99998493379237,263.8569274497443,99.999865480289,1.3888888887964584e-10,1.8055553988233107e-07,0.001300000000000001
0.23333333333333334,1.0485780395800532,-0.03118340194181261,9.99424867512963,0.0580099655504137,4.368406626941357,399.9987750485437,7672.598333478632,-0.011866175697196814,0.015209012085602927,0.006348023214671387,0.5,34.999949296409284,27.99998377485097,262.4283082261007,99.99985513259796,1.5046296295207892e-10,1.9444442621527882e-07,0.001400000000000001
0.25,1.0386954301634792,-0.02318035800629479,9.993254154249703,0.045607741798411955,4.344602010209683,399.9985938154254,7672.598286898515,-0.009883081254997159,0.007983602288121746,-0.0011401223591578518,0.5,34.99994567471765,27.999982615909648,261.0572378031075,99.99984478490757,1.6203703702437805e-10,2.0833331235532538e-07,0.0015000000000000013
0.26666666666666666,1.024579610087682,-0.02049260079294694,9.98735564301335,0.03440744847761123,4.358428922553558,399.9984000862343,7672.59823710973,-0.01411806817871222,0.0025811218344193045,-0.005945946466837843,0.5,34.99994205302623,27.999981456968392,259.7401297079436,99.9998344372178,1.736111110965432e-10,2.2222219830247075e-07,0.0016000000000000014
0.2833333333333333,1.0234774607893906,-0.027889108762228873,9.99215672772986,0.03728834705030835,4.35695339031429,399.9981938615255,7672.598184113029,-0.0011001222320913902,-0.007309523044404524,0.004932505816642677,0.5,34.99993843133502,27.999980298027204,258.4737054934391,99.99982408952862,1.851851851685744e-10,2.3611108405671492e-07,0.0017000000000000014
0.3,1.007700876163957,-0.026810343288729395,10.002898570499148,0.02804478845987213,4.431225927657235,399.9979751418866,7672.598127909211,-0.01577145718422906,0.0012689892200457662,0.010721033718287015,0.5,34.999934809644,27.99997913908608,257.25496125440054,99.99981374184001,1.9675925924047166e-10,2.499999696180579e-07,0.0018000000000000015
0.31666666666666665,1.008467934531931,-0.02666348602178355,10.002230357817634,0.028064758715633464,4.305699719856426,399.99774392794166,7672.598068499125,0.0007667465484247957,0.0001350783487568506,-0.0006706929156403155,0.5,34.999931187953194,27.999977980145022,256.0811385136637,99.99980339415198,2.0833333331223496e-10,2.6388885498649966e-07,0.0019000000000000017
0.3333333333333333,1.01154096281564,-0.023760393718038873,9.997369034955073,0.02654542356041844,4.2711738794096465,399.99750022035,7672.598005883665,0.0030708891499931787,0.002816950777323481,-0.004911739886284406,0.5,34.99992756626256,27.999976821204022,254.94969881665614,99.99979304646446,2.1990740738386428e-10,2.7777774016204026e-07,0.0020000000000000018
0.35,1.0048954120888558,-0.026372381997793487,9.997541179983312,0.02693525282360635,4.351105084014947,399.9972440198101,7672.597940063777,-0.006645475422336286,-0.0026085548682926,0.00021807843355387663,0.5,34.99992394457211,27.999975662263076,253.8583014864488,99.99978269877747,2.3148148145535965e-10,2.916666251446797e-07,0.002100000000000002
0.36666666666666664,1.0037717902026704,-0.02794830876662564,9.993307812745105,0.028984606513909363,4.304142011038699,399.99697532704937,7672.597871040454,-0.0011256286607706756,-0.0016498872446352507,-0.004205093510148464,0.5,34.999920322881835,27.999974503322186,252.8047840829483,99.99977235109095,2.4305555552672104e-10,3.0555550993441795e-07,0.002200000000000002
0.38333333333333336,1.001850487032866,-0.021666786502683937,9.993013130561854,0.02284043321188732,4.307295953116199,399.9966941428352,7672.597798814738,-0.0019214307595229476,0.00627540280983388,-0.0004045728488062612,0.5,34.99991670119173,27.999973344381356,251.7871451845062,99.99976200340494,2.546296295979485e-10,3.1944439453125505e-07,0.002300000000000002
0.4,0.9946152047181293,-0.022619158945674265,9.98838504174125,0.025991427733040934,4.333656029346014,399.99640046797225,7672.597723387716,-0.007237070931528241,-0.0010328564666172936,-0.0046107942738454095,0.5,34.99991307950178,27.99997218544057,250.80352917127593,99.99975165571938,2.66203703669042e-10,3.33333278935191e-07,0.002400000000000002
0.4166666666666667,0.9996010183911685,-0.03483657669158194,9.98843836820104,0.03670722528460297,4.312910402568402,399.99609430329593,7672.597644760527,0.004985840413851594,-0.012214639794510096,0.0002659251638176118,0.5,34.999909457811995,27.999971026499836,249.85221273983876,99.99974130803427,2.777777777400015e-10,3.4722216314622575e-07,0.0025000000000000022
0.43333333333333335,0.9981640543907715,-0.040683245265119024,9.991680702710893,0.04156583561010342,4.346113471287451,399.99577564968166,7672.597562934361,-0.0014348271894393102,-0.005789256791610752,0.003343765514612532,0.5,34.99990583612236,27.999969867559155,248.9315929200657,99.9997309603496,2.893518518108271e-10,3.6111104716435935e-07,0.002600000000000002
0.45,0.9935629911066083,-0.03891008497493731,9.99708238983658,0.03954687087773735,4.358148475822143,399.9954445080394,7672.597477910448,-0.0045973113677565585,0.001866774960599348,0.005370052000756296,0.5,34.99990221443287,27.999968708618518,248.0401763995575,99.99972061266534,3.009259258815187e-10,3.749999309895918e-07,0.0027000000000000023
0.4666666666666667,0.9982180957840601,-0.034031813227107514,10.00244182049658,0.03416576350417545,4.307135853408614,399.99510087931066,7672.597389690074,0.004658516161833768,0.004970685468650097,0.005273832267717664,0.5,34.99989859274352,27.999967549677926,247.17656998963184,99.99971026498149,3.1249999995207637e-10,3.8888881462192306e-07,0.002800000000000002
0.48333333333333334,1.0133230810097387,-0.03696561320236581,10.004829291176788,0.03958945062653567,4.258093795172768,399.99474476447983,7672.597298274572,0.01510646451693422,-0.002891440477613085,0.002438599716610685,0.5,34.99989497105432,27.99996639073738,246.33947209076229,99.99969991729805,3.2407407402250005e-10,4.0277769806135316e-07,0.0029000000000000024
0.5,1.0146465214377562,-0.026216540606903458,10.00654133332259,0.030735329270167703,4.306437630435502,399.9943761645593,7672.597203665318,0.0013243843938113091,0.010777686445886885,0.0015215533754756952,0.5,34.99989134936524,27.999965231796878,245.5276650354636,99.99968956961499,3.356481480927898e-10,4.166665813078821e-07,0.0030000000000000027
0.5166666666666667,1.011194126419716,-0.025907336614625916,10.00216208782247,0.02830519591848591,4.328881663706776,399.99399508060424,7672.597105863743,-0.0034543869916978205,0.00023173993287510853,-0.004384026794062562,0.5,34.999887727676295,27.999964072856415,244.74000820353865,99.99967922193228,3.4722222216294555e-10,4.3055546436150987e-07,0.0031000000000000025
0.5333333333333333,1.0057665858495024,-0.019211881210479037,9.996947810088239,0.0202894023818659,4.329991978941061,399.9936015137006,7672.597004871323,-0.005429593641094124,0.0066026449654932136,-0.005331312314733452,0.5,34.99988410598748,27.999962913915994,243.9754318189059,99.99966887424995,3.587962962329674e-10,4.444443472222365e-07,0.0032000000000000028
0.55,1.008015598010461,-0.01637287553618389,9.997293445377094,0.018429327198907677,4.321013847931768,399.99319546497054,7672.596900689583,0.00224911949330216,0.0028446410325970364,0.00029569302029544607,0.5,34.99988048429879,27.99996175497561,243.23293134935813,99.99965852656797,3.7037037030285525e-10,4.583332298900619e-07,0.0033000000000000026
0.5666666666666667,1.0085966156471275,-0.006124448926145823,10.000133614731041,0.010555976849659936,4.333474031101216,399.9927769355746,7672.596793320096,0.0005815752363054233,0.01029681917790008,0.002659384341900289,0.5,34.999876862610215,27.999960596035265,242.51156244092343,99.99964817888632,3.819444443726091e-10,4.722221123649862e-07,0.003400000000000003
0.5833333333333334,1.0048890451329402,-0.005148657958939608,10.00040155918381,0.007111460117128679,4.364520728519618,399.99234592670575,7672.596682764483,-0.0037075441560658097,0.0009803481427073204,0.00025075837168750766,0.5,34.99987324092175,27.999959437094958,241.81043632730888,99.999637831205,3.935185184422291e-10,4.861109946470094e-07,0.0035000000000000027
0.6,1.0092348446550117,-0.005101665369677683,9.998091152556118,0.0107215421939095,4.318494192329206,399.99190243959333,7672.596569024415,0.004345592856096453,6.3784516617334195e-06,-0.0023108756718006286,0.5,34.999869619233415,27.999958278154693,241.12871566244812,99.99962748352404,4.0509259251171506e-10,4.999998767361314e-07,0.003600000000000003
0.6166666666666667,1.0166726072032644,-0.005715464916520572,9.996576507213465,0.017954302543737425,4.31156158450003,399.99144647550304,7672.5964521016085,0.007437619580312832,-0.000640480218005688,-0.0015035576075470352,0.5,34.99986599754517,27.999957119214454,240.46561073064657,99.99961713584335,4.166666665810671e-10,5.138887586323523e-07,0.0037000000000000028
0.6333333333333333,1.0182141934821165,-0.004017818878761873,9.99332785707645,0.019809307975689052,4.339299821751749,399.9909780357378,7672.596331997832,0.0015413103420960162,0.0016396927359227113,-0.003278282698107335,0.5,34.99986237585705,27.999955960274256,239.82037599439101,99.99960678816299,4.2824074065028514e-10,5.27777640335672e-07,0.0038000000000000035
0.65,1.0053843882061924,-0.002091353274758943,9.996034822890284,0.0070062290549016875,4.445213920715668,399.99049712163026,7672.596208714898,-0.012829661014187414,0.001973965686413584,0.002672525628051168,0.5,34.99985875416902,27.999954801334088,239.1923069446992,99.99959644048292,4.3981481471936926e-10,5.416665218460906e-07,0.003900000000000004
0.6666666666666666,1.013542692776347,-0.015581908202732104,10.000329208469322,0.020647275244133196,4.364891185888876,399.9900037345551,7672.596082254671,0.008158966899736197,-0.01341280471885147,0.00453138961820255,0.5,34.9998551324811,27.999953642393955,238.58073722304735,99.99958609280314,4.513888887883194e-10,5.555554031636079e-07,0.004000000000000005
0.6833333333333333,1.0172120484791736,-0.011707627807022683,10.006865513841039,0.02191991292240982,4.383791307837243,399.98949787591954,7672.595952619062,0.003670912299882142,0.003989500275756411,0.0064666236813278755,0.5,34.99985151079328,27.99995248345385,237.98503598752393,99.99957574512365,4.629629628571356e-10,5.694442842882244e-07,0.004100000000000006
0.7,1.0181269904471437,-0.018457489315570074,10.007338819990409,0.026891779799528066,4.393964766437258,399.98897954716625,7672.59581981003,0.0009150665612440714,-0.006740390558258715,0.0005931140794982377,0.5,34.999847889105546,27.999951324513773,237.40460549899663,99.99956539744443,4.745370369258177e-10,5.833331652199396e-07,0.004200000000000007
0.7166666666666667,1.0317455200514511,-0.015479962975272871,10.000527278029887,0.03532265324371032,4.295064268219343,399.98844874977505,7672.5956838295815,0.013616512361192894,0.002855208122917548,-0.006863712582656578,0.5,34.99984426741791,27.99995016557373,236.83887890581704,99.99955504976546,4.861111109943661e-10,5.972220459587537e-07,0.004300000000000008
0.7333333333333333,1.0173559795996607,-0.01838439239828215,10.008111329911769,0.026552867116866816,4.515295522162935,399.9879054852594,7672.595544679774,-0.01438729927133982,-0.002768355956110875,0.007634772736991728,0.5,34.99984064573037,27.99994900663372,236.28731820797628,99.99954470208678,4.976851850627804e-10,6.111109265046667e-07,0.004400000000000009
0.75,1.015268109338392,-0.019036103752386593,10.006807576514621,0.025335075107955657,4.421184230939118,399.9873497551698,7672.595402362711,-0.002088296009247487,-0.0006747335835014032,-0.0012919887850123635,0.5,34.999837024042925,27.999947847693736,235.7494123837183,99.99953435440835,5.092592591310608e-10,6.249998068576784e-07,0.00450000000000001
0.7666666666666667,1.0111889493633088,-0.013694563124098601,10.01654083071122,0.024215221578772077,4.478475797478412,399.9867815610906,7672.595256880545,-0.004076379877637814,0.005512821009638458,0.009637276128913208,0.5,34.999833402355556,27.999946688753777,235.2246756634523,99.99952400673016,5.208333331992071e-10,6.388886870177893e-07,0.00460000000000001
0.7833333333333333,1.0075012784839195,-0.021821207169233612,10.016052665997806,0.028109930609704493,4.457239431519367,399.98620090464317,7672.595108235474,-0.0036878221792898303,-0.008133982352311206,-0.0003449341740622486,0.5,34.99982978066827,27.999945529813846,234.7126459374201,99.99951365905221,5.324074072672195e-10,6.527775669849989e-07,0.0047000000000000115
0.8,1.0028312650040023,-0.021053430145864183,10.004657874791667,0.021747726775878513,4.424779414302463,399.9856077874843,7672.594956429751,-0.004674276863989355,0.0005677650688983042,-0.011406505771619726,0.5,34.99982615898108,27.999944370873948,234.2128832849942,99.99950331137451,5.43981481335098e-10,6.666664467593074e-07,0.004800000000000013
0.8166666666666667,1.0078478557774107,-0.023958928122215836,10.002546086110382,0.025339889224633167,4.418523858833605,399.9850022113053,7672.594801465668,0.0050157612514076825,-0.002942103285272707,-0.0020604847798228344,0.5,34.99982253729396,27.999943211934067,233.72496861473815,99.99949296369704,5.555555554028426e-10,6.805553263407147e-07,0.004900000000000013
0.8333333333333334,1.017706668011451,-0.029237175221122874,9.992801726105304,0.034929766644012525,4.375295029536388,399.9843841778338,7672.594643345572,0.009854288696828228,-0.0054496577680678586,-0.009649541735277867,0.5,34.99981891560692,27.999942052994214,233.2485024054675,99.99948261601979,5.671296294704531e-10,6.944442057292211e-07,0.005000000000000014
0.85,1.0013006605918526,-0.023632703567748426,9.992219741268794,0.02491434611223122,4.55738655950341,399.9837536888337,7672.594482071857,-0.016406276045949398,0.005593348271939553,-0.0006806354397098334,0.5,34.999815293919966,27.99994089405439,232.78310353953344,99.99947226834276,5.787037035379297e-10,7.083330849248263e-07,0.005100000000000015
0.8666666666666667,1.0184919658092586,-0.023029873403055824,9.994722611443288,0.030002324400772492,4.399099282516307,399.9831107461015,7672.594317646961,0.0171923245346387,0.0006468498731086719,0.0024918562703575104,0.5,34.999811672233086,27.999939735114587,232.3284082204213,99.99946192066595,5.902777776052723e-10,7.222219639275303e-07,0.005200000000000016
0.8833333333333333,1.0036294328145408,-0.023818284774819475,9.994097081961444,0.02480562431499074,4.574663502617122,399.9824553514719,7672.594150073376,-0.0148627888115866,-0.0007993263596600116,-0.0006115201928171215,0.5,34.99980805054627,27.99993857617481,231.8840689675308,99.99945157298936,6.01851851672481e-10,7.361108427373334e-07,0.0053000000000000165
0.9,1.0073069941417843,-0.029641211472708724,9.994876328908148,0.03095522921223068,4.491995032497098,399.981787506816,7672.593979353636,0.003677924864425973,-0.0058083560290077664,0.0008813066075880308,0.5,34.99980442885954,27.999937417235053,231.4497536816945,99.99944122531296,6.134259257395558e-10,7.499997213542353e-07,0.005400000000000018
0.9166666666666666,0.9968460111798416,-0.03985128016065967,9.997194320982116,0.04007430799835414,4.588925478689431,399.9811072140364,7672.59380549033,-0.010459577276320626,-0.010167968721857337,0.002496197402465249,0.5,34.99980080717287,27.999936258295318,231.02514477560484,99.99943087763677,6.249999998064965e-10,7.63888599778236e-07,0.005500000000000019
0.9333333333333333,1.0104266214244444,-0.0337728288624268,9.997957067252845,0.03540451127303713,4.457303865011922,399.98041447507495,7672.59362848609,0.013581100366196322,0.006090878980234168,0.0006561597858775146,0.5,34.99979718548627,27.999935099355607,230.60993836386965,99.99942052996079,6.365740738733032e-10,7.777774780093358e-07,0.00560000000000002
0.95,1.0146709060596715,-0.03226186552743853,10.003967922500998,0.03566287470673631,4.542493453509891,399.9797092919052,7672.593448343596,0.004247748460957572,0.0016169475466616505,0.005983214835919648,0.5,34.99979356379975,27.99993394041592,230.20384350790647,99.99941018228499,6.481481479399761e-10,7.916663560475344e-07,0.00570000000000002
0.9666666666666667,1.03532434079368,-0.033855773487631795,10.006220500300165,0.04932389763840928,4.451924728840035,399.9789916665405,7672.593265065578,0.020654734661777682,-0.0015533574152411093,0.0022807298454997106,0.5,34.99978994211328,27.99993278147625,229.80658151132616,99.99939983460938,6.59722222006515e-10,8.05555233892832e-07,0.005800000000000021
0.9833333333333333,1.025943012141998,-0.022966094351712835,10.008462824917165,0.035667755271930945,4.628285411467974,399.9782616010271,7672.593078654813,-0.009380216783856133,0.010928250131285696,0.002046089145657577,0.5,34.999786320426885,27.999931622536604,229.4178852618497,99.99938948693396,6.712962960729199e-10,8.194441115452285e-07,0.005900000000000022
1.0,1.0152488741083079,-0.02893080416476081,10.008167059810651,0.03370880198272,4.642133999843697,399.9775190974465,7672.5928891141275,-0.010694272012572142,-0.005969031698519432,-0.00018947583318584306,0.5,34.99978269874055,27.99993046359698,229.03749861615793,99.99937913925872,6.828703701391909e-10,8.333329890047239e-07,0.0060000000000000235
1.0166666666666666,1.0198094122615091,-0.02628181849444811,10.009769642972591,0.03433193091688277,4.577806339889276,399.97676415791733,7672.592696446393,0.004561310313845238,0.0026770271013038228,0.0015552887817050485,0.5,34.999779077054285,27.99992930465737,228.66517582439073,99.99936879158366,6.944444442053278e-10,8.472218662713182e-07,0.006100000000000024
1.0333333333333334,1.0136866558022102,-0.017102823685045752,10.005786597724768,0.022656996196562234,4.630860697076857,399.97599678459204,7672.592500654533,-0.006124264455690282,0.009106871801354098,-0.004145296085662045,0.5,34.99977545536807,27.99992814571778,228.30068099130085,99.99935844390878,7.060185182713309e-10,8.611107433450115e-07,0.006200000000000025
1.05,1.0055659976390892,-0.012308137150243464,9.997004998192093,0.01383607691377752,4.639615441655196,399.9752169796582,7672.592301741513,-0.00812291205371369,0.004639206949803953,-0.008864720192033005,0.5,34.99977183368192,27.999926986778213,227.94378757132523,99.99934809623406,7.175925923372e-10,8.749996202258037e-07,0.006300000000000026
1.0666666666666667,1.0025092054312819,-0.011409923877962353,9.991789881682275,0.014278809930025312,4.6388603754832545,399.9744247453399,7672.592099710354,-0.003057871628796762,0.000806691582247324,-0.0052300549594329355,0.5,34.99976821199583,27.999925827838666,227.59427789507097,99.99933774855951,7.291666664029351e-10,8.888884969136948e-07,0.006400000000000026
1.0833333333333333,0.9945876162753294,-0.009080777487122804,9.990298231055819,0.014348764973665575,4.694644078862478,399.97362008389644,7672.59189456412,-0.007921855898230726,0.002302797578136424,-0.0015320142896127745,0.5,34.999764590309795,27.999924668899133,227.25194272492422,99.99932740088514,7.407407404685363e-10,9.027773734086849e-07,0.0065000000000000275
1.1,1.0029678458530964,-0.012881993153030171,9.990562471326825,0.016242367578828423,4.625416017317606,399.97280299762355,7672.591686305922,0.008380280237348466,-0.0037960321557981313,0.00033045940366614214,0.5,34.99976096862382,27.999923509959622,226.91658083768152,99.99931705321092,7.523148145340035e-10,9.166662497107738e-07,0.006600000000000029
1.1166666666666667,1.005585666448358,-0.026283235268663753,9.997631431053819,0.026974287267585762,4.696590252256905,399.9719734888487,7672.591474938922,0.0026202366324807654,-0.01327528568783782,0.007302757595626649,0.5,34.9997573469379,27.99992235102013,226.58799863227645,99.99930670553685,7.638888885993368e-10,9.305551258199618e-07,0.00670000000000003
1.1333333333333333,1.0039251110291945,-0.0274604561904982,10.006545170278056,0.028501486205509734,4.744865231494082,399.9711315599391,7672.591260466328,-0.001656374856259292,-0.001020734031224467,0.008933010744579037,0.5,34.99975372525203,27.99992119208065,226.26600976083174,99.99929635786293,7.754629626645361e-10,9.444440017362486e-07,0.00680000000000003
1.15,1.003208400947847,-0.025697971442575233,9.999895550031095,0.025897689548426955,4.700265522723606,399.9702772132941,7672.591042891398,-0.0007197948054623597,0.0016457486455992354,-0.006679468834232954,0.5,34.999750103566214,27.999920033141187,225.95043478141002,99.99928601018918,7.870370367296014e-10,9.583328774596343e-07,0.006900000000000031
1.1666666666666667,1.0041806529800799,-0.012673338803540348,9.99877116233906,0.013401502803748777,4.731972063508523,399.9694104513498,7672.590822217433,0.0009718755278364256,0.013002938535149602,-0.001352366024026804,0.5,34.99974648188045,27.999918874201743,225.64110083096588,99.99927566251556,7.986111107945327e-10,9.722217529901192e-07,0.007000000000000032
1.1833333333333333,1.004785866147132,-0.006347539080441885,9.991434820096636,0.011685611971529944,4.726344732035769,399.96853127657806,7672.590598447788,0.0006039954188146277,0.006196216832910697,-0.007446110092279741,0.5,34.999742860194736,27.999917715262313,225.33784131712028,99.9992653148421,8.101851848593301e-10,9.861106283277028e-07,0.007100000000000033
1.2,1.0093803027846726,-0.0017784598111920513,9.990383518518087,0.013550900595721768,4.743145215931141,399.9676396914851,7672.59037158586,0.004594362089350114,0.004549895801950895,-0.0011314453689293604,0.5,34.99973923850907,27.999916556322905,225.04049562748656,99.99925496716878,8.217592589239936e-10,9.999995034723856e-07,0.007200000000000034
1.2166666666666666,1.0042216773321122,-0.006991048337249403,9.997368232154324,0.008580335776230645,4.838936591372887,399.9667356986124,7672.590141635099,-0.005158090927116349,-0.005089054780030492,0.0070752261656817205,0.5,34.999735616823465,27.999915397383507,224.74890885537482,99.99924461949561,8.333333329885231e-10,1.0138883784241671e-06,0.007300000000000035
1.2333333333333334,1.0129770074740245,-0.013478245084331989,10.003279570112,0.018995562735206684,4.775230526593434,399.965819300537,7672.589908598998,0.008756386091101657,-0.006382137526736344,0.006024612707363691,0.5,34.99973199513789,27.999914238444127,224.46293154079186,99.99923427182256,8.449074070529186e-10,1.0277772531830477e-06,0.007400000000000036
1.25,1.0070741325792825,-0.010709214855828523,10.000474889880985,0.01284355020207506,4.8478859092674735,399.9648904998712,7672.589672481101,-0.005903466898981419,0.002719160893998285,-0.002853055088609584,0.5,34.999728373452385,27.99991307950476,224.1824194257352,99.99922392414966,8.564814811171801e-10,1.0416661277490274e-06,0.007500000000000036
1.2666666666666666,1.0147725677748856,-0.0028101635465267202,9.996168380227056,0.015517870577176926,4.7892685071930785,399.9639492992638,7672.589433284999,0.0076979271301988285,0.00782184199048528,-0.0044452025007458585,0.5,34.99972475176691,27.999911920565413,223.9072332228556,99.99921357647689,8.680555551813078e-10,1.0555550021221059e-06,0.007600000000000036
1.2833333333333334,1.0175017636816024,-0.009167761494004067,9.9951829499445,0.020335930253550367,4.837601503588908,399.9629957013987,7672.58919101433,0.0027290929030487593,-0.006374073790455455,-0.000872529607645645,0.5,34.99972113008148,27.999910761626072,223.6372383966305,99.99920322880423,8.796296292453015e-10,1.0694438763022834e-06,0.0077000000000000375
1.3,1.0156357794155073,-0.014313159878588598,9.994441592249375,0.02191388436832826,4.883257774441664,399.96202970899174,7672.588945672778,-0.0018661361776380835,-0.005157741364198071,-0.0006499536976155354,0.5,34.9997175083961,27.999909602686753,223.37230495625363,99.99919288113173,8.912037033091612e-10,1.08333275028956e-06,0.007800000000000039
1.3166666666666667,1.0073708762093527,-0.012622522154292833,9.994030317584738,0.01578877102570918,4.943756818421342,399.9610513247978,7672.588697264079,-0.008264999893955459,0.0016831139868400064,-0.0004410556413290267,0.5,34.999713886710765,27.999908443747444,223.11230725950514,99.99918253345933,9.027777773728869e-10,1.0972216240839354e-06,0.007900000000000039
1.3333333333333333,1.0007694886989589,-0.011580996381409959,9.993258882720635,0.013422116060324963,4.952205290798411,399.9600605516052,7672.588445792013,-0.006601550456730382,0.0010278476639387888,-0.0007895675044051727,0.5,34.99971026502547,27.99990728480815,222.85712382691773,99.99917218578706,9.143518514364787e-10,1.1111104976854099e-06,0.00800000000000004
1.35,1.007279784333028,-0.010924633377270414,9.991223112121153,0.01579127754199032,4.894819653051527,399.95905739223866,7672.588191260408,0.006509895818436905,0.0006205901592998927,-0.0020469592172391287,0.5,34.999706643340225,27.999906125868872,222.60663716560458,99.99916183811493,9.259259254999366e-10,1.1249993710939834e-06,0.008100000000000041
1.3666666666666667,1.003221312107993,-0.017630988722432264,9.994239545441177,0.018825667026047196,4.9841737006306905,399.95804184955546,7672.587933673142,-0.00405772054720067,-0.006652402792343728,0.003133625491182641,0.5,34.999703021655016,27.999904966929606,222.36073360215903,99.9991514904429,9.374999995632603e-10,1.1388882443096557e-06,0.008200000000000042
1.3833333333333333,1.0014630346594824,-0.018511805234589635,9.997619969884738,0.018721400113806443,4.997832690277634,399.957013926452,7672.587673034137,-0.0017572112446171046,-0.0008215470260672505,0.003395315376236068,0.5,34.99969939996984,27.99990380799035,222.11930312407705,99.99914114277098,9.490740736264504e-10,1.152777117332427e-06,0.008300000000000043
1.4,1.004913373295648,-0.01991961395673473,9.996131077471642,0.02087807952504658,4.972097519318623,399.9559736258565,7672.587409347366,0.003449839296349689,-0.001433660527750179,-0.0014640161414249753,0.5,34.99969577828472,27.99990264905111,221.8822392291923,99.99913079509919,9.606481476895065e-10,1.1666659901622975e-06,0.008400000000000045
1.4166666666666667,1.0101637846497107,-0.012059894401792877,9.991018495340462,0.01814915374497064,4.980152607044064,399.954920950735,7672.587142616846,0.005248984569733395,0.007768604953297735,-0.00524999648667614,0.5,34.99969215659963,27.99990149011188,221.6494387826479,99.99912044742752,9.722222217524286e-10,1.1805548627992668e-06,0.008500000000000044
1.4333333333333333,1.004977507253536,-0.016044243049267392,9.990598197601143,0.019250301059056226,5.061971022580001,399.9538559040856,7672.586872846643,-0.005186380479780811,-0.003991123328057702,-0.00035016988706769035,0.5,34.999688534914576,27.999900331172665,221.4208018809618,99.99911009975594,9.837962958152167e-10,1.194443735243335e-06,0.008600000000000045
1.45,1.0056872096850835,-0.009804480478474596,9.996214779499217,0.011949744628624987,5.082606584147285,399.95277848894426,7672.586600040872,0.0007109693789043496,0.006337347576457763,0.005506237687511732,0.5,34.99968491322957,27.999899172233466,221.1962317227722,99.99909975208449,9.953703698778708e-10,1.2083326074945024e-06,0.008700000000000046
1.4666666666666666,1.0132316406677788,-0.010399376871104213,9.998017482728734,0.0169454703296349,5.045673860535831,399.9516887083799,7672.586324203693,0.0075447488316564525,-0.0005630449799348039,0.0018129040011770968,0.5,34.9996812915446,27.99989801329427,220.9756344858778,99.99908940441313,1.0069444439403908e-09,1.2222214795527686e-06,0.008800000000000047
1.4833333333333334,1.015216330711597,-0.015030171656731895,10.001325693769074,0.021429081443848263,5.098096564199048,399.95058656550106,7672.586045339316,0.001985424184587892,-0.004571511893445336,0.003389660626102527,0.5,34.99967766985966,27.99989685435509,220.7589192102119,99.99907905674188,1.0185185180027769e-09,1.236110351418134e-06,0.008900000000000048
1.5,1.015844592432731,-0.0022923984467919938,9.999395760254608,0.016020952538191614,5.130965495559382,399.9494720634455,7672.585763451994,0.0006279699770630411,0.012701567486425229,-0.002155387299077144,0.5,34.99967404817476,27.999895695415923,220.54599768641447,99.99906870907074,1.030092592065029e-09,1.2499992230905984e-06,0.00900000000000005
1.5166666666666666,1.0206342037615987,-0.016510735922473048,10.001292662483914,0.02645852271631977,5.109906218267766,399.9483452053899,7672.585478546033,0.0047899225911244335,-0.014182383055380395,0.00214927241269117,0.5,34.99967042648989,27.999894536476766,220.33678434968718,99.99905836139969,1.041666666127147e-09,1.2638880945701617e-06,0.00910000000000005
1.5333333333333334,1.0185189521566917,-0.01597580242469722,10.005042733864192,0.024972646099091233,5.193962718651098,399.9472059945436,7672.585190625782,-0.002114188465443147,0.000601577680522745,0.003739958874569479,0.5,34.99966680480507,27.99989337753762,220.13119617863688,99.99904801372877,1.0532407401891313e-09,1.277776965856824e-06,0.00920000000000005
1.55,1.0063758826473213,-0.009572603270477724,10.008317807425755,0.014194414015177797,5.277268705404102,399.9460544341542,7672.584899695638,-0.012142339370949483,0.006460068838445816,0.0031614200950016965,0.5,34.99966318312027,27.999892218598486,219.92915259883236,99.99903766605792,1.0648148142509818e-09,1.2916658369505853e-06,0.009300000000000051
1.5666666666666667,1.0134169700229931,-0.02059406552485991,10.009633052834596,0.026400241914426668,5.1655513125559,399.9448905275008,7672.584605760048,0.00704143362794554,-0.010996568960921039,0.0015092955007420612,0.5,34.99965956143551,27.99989105965936,219.73057539081563,99.99902731838716,1.0763888883126982e-09,1.3055547078514457e-06,0.009400000000000052
1.5833333333333333,1.0038299326977533,-0.025515238838068662,10.007503365087079,0.026870226691758578,5.2756060682245876,399.9437142778989,7672.584308823503,-0.009587894290470857,-0.004957899490930538,-0.0020427307273659673,0.5,34.99965593975078,27.99988990072025,219.53538860232652,99.99901697071653,1.0879629623742807e-09,1.319443578559405e-06,0.009500000000000054
1.6,1.0027611953519804,-0.024597990148700212,10.00934999216305,0.02645975725328246,5.273485383130419,399.9425256887013,7672.584008890543,-0.00106792977809682,0.000949442347790918,0.0018302828451152893,0.5,34.99965231806609,27.99988874178115,219.34351846451307,99.99900662304597,1.0995370364357292e-09,1.3333324490744634e-06,0.009600000000000055
1.6166666666666667,1.0028688593892292,-0.01881064809578286,9.998712241411155,0.01907165275715529,5.257512040015562,399.9413247632934,7672.583705965753,0.00010363433149308089,0.005600278742299689,-0.010737408060736099,0.5,34.99964869638143,27.999887582842057,219.1548933119154,99.9989962753755,1.1111111104970436e-09,1.3472213193966208e-06,0.009700000000000056
1.6333333333333333,1.0049217099724272,-0.027085217053510687,9.994625331028791,0.02804829352251138,5.270267227090622,399.94011150509397,7672.583400053769,0.0020512137064521247,-0.008344903103401708,-0.003941309146932076,0.5,34.999645074696794,27.99988642390297,218.96944350602288,99.99898592770514,1.122685184558224e-09,1.3611101895258772e-06,0.009800000000000057
1.65,1.0038214487014234,-0.02326649044860596,9.99365037861766,0.024418044185294262,5.339578974255342,399.93888591756115,7672.58309115927,-0.0011006896666149097,0.0038010502597595483,-0.0010417398137559557,0.5,34.9996414530122,27.999885264963904,218.78710136221713,99.99897558003485,1.1342592586192705e-09,1.3749990594622327e-06,0.009900000000000058
1.6666666666666667,1.0081440280266951,-0.028059671462099672,9.994493941462322,0.02973155003253953,5.326583203767597,399.9376480041845,7672.582779286986,0.004322957163544836,-0.004777631963801099,0.0009275857041258722,0.5,34.99963783132763,27.999884106024844,218.6078010799245,99.99896523236465,1.145833332680183e-09,1.3888879292056872e-06,0.010000000000000057
1.6833333333333333,1.0037679930546135,-0.029904268090524478,9.993823490284976,0.03076686758145427,5.39739268812574,399.93639776849,7672.58246444169,-0.00437637410904817,-0.0018560830014796544,-0.0006379633890316882,0.5,34.99963420964309,27.999882947085787,218.43147867581203,99.99895488469454,1.1574074067409614e-09,1.4027767987562408e-06,0.010100000000000059
1.7,1.0108560625010052,-0.02565561923478907,9.994670201233017,0.028362752480786648,5.374932203134405,399.9351352140391,7672.582146628205,0.007088479984475999,0.004262877460261878,0.0007718887280560332,0.5,34.999630587958585,27.999881788146748,218.25807191987104,99.99894453702453,1.1689814808016063e-09,1.4166656681138932e-06,0.01020000000000006
1.7166666666666666,0.9985473565720068,-0.024911402632599753,9.997649623390215,0.02506419574285868,5.504868179083462,399.9338603444267,7672.581825851401,-0.01230739121542801,0.0007963447269252042,0.0029659143956377873,0.5,34.99962696627411,27.999880629207716,218.08752027424146,99.9989341893546,1.1805555548621171e-09,1.4305545372786449e-06,0.01030000000000006
1.7333333333333334,1.0005314247405686,-0.02081641893092523,10.001161644075733,0.020855583100149053,5.460242825774709,399.93257316328305,7672.581502116193,0.0019854696424159803,0.004155625570831676,0.00344005159989032,0.5,34.99962334458966,27.99987947026869,217.91976483463873,99.99892384168474,1.192129628922494e-09,1.4444434062504954e-06,0.010400000000000062
1.75,1.0019171310556252,-0.018987234046499653,10.003966042485267,0.019491599637571883,5.482139377703089,399.9312736742757,7672.581175427545,0.0013866804296213937,0.0018779090207140124,0.0027720073140546377,0.5,34.99961972290524,27.999878311329674,217.75474827425293,99.99891349401496,1.2037037029827368e-09,1.4583322750294451e-06,0.010500000000000063
1.7666666666666666,0.9922496728341171,-0.010278336770406647,10.010124308275984,0.016376792155569826,5.589584483071009,399.9299618811011,7672.580845790466,-0.009665885483193384,0.008814741762912345,0.006005785201603633,0.5,34.999616101220845,27.99987715239067,217.59241478999738,99.99890314634527,1.2152777770428456e-09,1.4722211436154937e-06,0.010600000000000064
1.7833333333333334,0.9996082817194328,-0.0021796318985469743,10.010888816682252,0.011111723856733648,5.505878589021658,399.9286377875004,7672.580513210013,0.007358692009945222,0.008110769651576614,0.0006236263714134675,0.5,34.99961247953648,27.999875993451674,217.4327100509909,99.99889279867566,1.2268518511028205e-09,1.4861100120086416e-06,0.010700000000000064
1.8,0.998596135251042,0.00035686368495942025,9.999992960108496,0.0014485285820989484,5.529802785621643,399.92730139723886,7672.58017769129,-0.0010123197850316176,0.0023461217445385285,-0.010938428307409365,0.5,34.999608857852145,27.999874834512685,217.2755811491646,99.99888245100612,1.2384259251626613e-09,1.4999988802088883e-06,0.010800000000000065
1.8166666666666667,0.9929296805651403,-0.006870907940886542,10.001294302152571,0.009943485981038286,5.599685443461969,399.92595271412284,7672.57983923945,-0.005666380714742841,-0.007204064799147187,0.0014267531084916775,0.5,34.99960523616783,27.999873675573706,217.12097655188998,99.99887210333667,1.2499999992223682e-09,1.5138877482162342e-06,0.010900000000000066
1.8333333333333333,0.9947886589020586,-0.016267670268012888,10.004597595885773,0.01768972162235158,5.587283465701046,399.9245917419922,7672.579497859686,0.0018596453453740014,-0.009338052261766058,0.0034657858752815958,0.5,34.999601614483545,27.999872516634735,216.96884605653116,99.99886175566728,1.261574073281941e-09,1.527776616030679e-06,0.011000000000000067
1.85,0.9875062920473446,-0.02596090795232231,9.993745155414821,0.029482536605036823,5.61790521249761,399.9232184847221,7672.579153557246,-0.00728636613924308,-0.009879512102080608,-0.010683143192056129,0.5,34.99959799279929,27.99987135769577,216.81914074682902,99.99885140799798,1.2731481473413802e-09,1.541665483652223e-06,0.011100000000000068
1.8666666666666667,0.9876008132965185,-0.03135843239439865,9.978567971321919,0.03995708181961816,5.599941245046238,399.92183294622043,7672.578806337419,8.692953685495464e-05,-0.005658304600902227,-0.015081900468773524,0.5,34.99959437111506,27.99987019875682,216.6718129510305,99.99884106032873,1.2847222214006855e-09,1.5555543510808661e-06,0.01120000000000007
1.8833333333333333,1.0051451659891586,-0.02723287795367543,9.97910490894829,0.03470815597629663,5.600395076495465,399.9204351304332,7672.578456205544,0.017544627368954784,0.004134267566384298,0.0004651166444846912,0.5,34.99959074943085,27.999869039817874,216.52681620168067,99.99883071265957,1.2962962954598567e-09,1.5694432183166082e-06,0.01130000000000007
1.9,1.0082184013240851,-0.03366224173491015,9.989751101887189,0.036134181276884905,5.713782650970749,399.9190250413399,7672.578103167005,0.0030788928306096494,-0.006241328417747626,0.010757505821781591,0.5,34.99958712774667,27.999867880878934,216.38410519700034,99.99882036499048,1.307870369518894e-09,1.5833320853594494e-06,0.01140000000000007
1.9166666666666667,1.0057166219195814,-0.02795261210575428,9.999114568217852,0.028544873576905716,5.790395513036603,399.91760268295275,7672.577747227232,-0.002496744753232404,0.005873301347241915,0.00926167797342025,0.5,34.999583506062514,27.999866721940005,216.2436357637748,99.99881001732146,1.3194444435777971e-09,1.5972209522093896e-06,0.011500000000000071
1.9333333333333333,1.0065663224852264,-0.022240284527571385,9.998488521528488,0.023238493013390264,5.768726454851584,399.91616805932114,7672.5773883917045,0.0008494263474187673,0.005700453733814533,-0.0007262561724563598,0.5,34.99957988437838,27.99986556300108,216.1053648216848,99.9987996696525,1.3310185176365664e-09,1.6111098188664291e-06,0.011600000000000072
1.95,1.0042521617964244,-0.022093458064965203,9.999226583900498,0.022512189306604036,5.804707414761183,399.91472117452605,7672.577026665945,-0.0023138751439445663,0.000159754490328998,0.0007353723523683697,0.5,34.99957626269427,27.999864404062166,215.96925034901327,99.99878932198362,1.3425925916952016e-09,1.6249986853305674e-06,0.011700000000000073
1.9666666666666666,1.0069279978673027,-0.016684055126411034,9.996075089216346,0.01848653175287065,5.805370389117954,399.9132620326886,7672.576662055524,0.0026747696130179502,0.005353261236713806,-0.0032459439277362735,0.5,34.999572641010175,27.999863245123255,215.83525134966573,99.99877897431479,1.3541666657537028e-09,1.638887551601805e-06,0.011800000000000074
1.9833333333333334,1.0177896616763409,-0.014533976353004565,10.004977768800668,0.023505513628456296,5.819769501571742,399.9117906379588,7672.576294566061,0.0108640891871463,0.00230703638167716,0.00886330191667524,0.5,34.99956901932612,27.999862086184358,215.7033278214446,99.99876862664605,1.36574073981207e-09,1.6527764176801414e-06,0.011900000000000075
2.0,1.0222883735613022,-0.01232707860333668,10.001975219751946,0.025546808437009152,5.844211005610276,399.9103069945248,7672.575924203218,0.004498008068988995,0.0021530963509266577,-0.0030413605681994743,0.5,34.99956539764208,27.999860927245468,215.57344072552183,99.99875827897736,1.3773148138703034e-09,1.666665283565577e-06,0.012000000000000077
2.0166666666666666,1.0127239619376809,-0.009506171662970752,10.000169018380753,0.01588381015500908,5.950535770262843,399.90881110661013,7672.575550972708,-0.009564755783278613,0.002788387797381248,-0.0018560099181789956,0.5,34.99956177595806,27.999859768306578,215.4455519570561,99.99874793130874,1.388888887928403e-09,1.6805541492581118e-06,0.012100000000000078
2.033333333333333,1.0168377165846354,-0.00431791690913859,10.002314549236385,0.01753605364114026,5.92404739604317,399.90730297846903,7672.575174880284,0.004114013481124766,0.00522543911544036,0.002053308577606017,0.5,34.99955815427406,27.9998586093677,215.31962431690414,99.99873758364018,1.4004629619863687e-09,1.6944430147577455e-06,0.012200000000000077
2.05,1.0147400453345283,-0.007469942215114761,10.005310733546498,0.017357507425230758,5.967714957445489,399.90578261439316,7672.574795931752,-0.0020973630374259366,-0.003098413809059847,0.0030515923293825925,0.5,34.99955453259009,27.99985745042883,215.19562148437836,99.99872723597169,1.4120370360442003e-09,1.7083318800644785e-06,0.012300000000000078
2.066666666666667,1.010754808833374,-0.01880258422160506,9.995496847870468,0.022123868736028018,5.949440743609189,399.9042500187084,7672.574414132961,-0.003987486542580885,-0.011504330769901702,-0.00961204962044666,0.5,34.99955091090614,27.999856291489962,215.07350799100502,99.99871688830324,1.4236111101018979e-09,1.7222207451783104e-06,0.01240000000000008
2.0833333333333335,1.0109786129890574,-0.008243733284899149,9.992747584018632,0.015526595152201344,6.027313875129916,399.9027051957762,7672.574029489806,0.00022315526441007218,0.010508705048772606,-0.0029351155524138268,0.5,34.99954728922221,27.999855132551108,214.95324919523958,99.99870654063487,1.4351851841594615e-09,1.7361096100992415e-06,0.01250000000000008
2.1,0.9960449559492058,-0.007881272051253165,9.98721369154493,0.015532335821679026,6.1022892259429,399.9011481499895,7672.573642008229,-0.014934435838354989,0.0002654867705365813,-0.005539391735103824,0.5,34.99954366753829,27.999853973612254,214.83481125809834,99.99869619296655,1.446759258216891e-09,1.7499984748272718e-06,0.012600000000000082
2.1166666666666667,1.0067544663429275,-0.005911003399088508,9.985942823313888,0.01667804519178693,6.0137654816273765,399.8995788857797,7672.57325169422,0.010709357462807573,0.001947756988018086,-0.0013051081809561363,0.5,34.9995400458544,27.99985281467341,214.71816111966697,99.9986858452983,1.4583333322741867e-09,1.763887339362401e-06,0.012700000000000083
2.1333333333333333,0.9986999934393644,-0.004495066098113715,9.99120471673868,0.00996260723477245,6.157103327904479,399.8979974076096,7672.572858553813,-0.008053995083822997,0.0015078035985392623,0.005236308730788413,0.5,34.999536424170536,27.999851655734574,214.6032664764489,99.9986754976301,1.4699074063313483e-09,1.7777762037046295e-06,0.012800000000000084
2.15,1.00554514311278,-0.009287160171063466,9.992505677946912,0.013158954500951019,6.082078126089673,399.8964037199784,7672.572462593087,0.006845306151562249,-0.004768608032131119,0.0013845732911615155,0.5,34.999532802486684,27.999850496795737,214.4900957595181,99.99866514996197,1.4814814803883759e-09,1.791665067853957e-06,0.012900000000000083
2.1666666666666665,1.0031325537364908,-0.01720074849848167,9.995621268846882,0.018023534823783226,6.156211118709823,399.89479782741887,7672.572063818172,-0.002411869205915505,-0.00785776212622771,0.003253822521745549,0.5,34.99952918080286,27.999849337856915,214.37861811344277,99.99865480229388,1.4930555544452699e-09,1.8055539318103835e-06,0.013000000000000084
2.183333333333333,1.0050110768472549,-0.020493823250621802,9.995716035281449,0.021527943542942945,6.1655877160168115,399.8931797344973,7672.571662235238,0.0018785542840842925,-0.0032909084736544997,0.00015245794913699198,0.5,34.99952555911905,27.999848178918096,214.26880337594736,99.99864445462585,1.5046296285020299e-09,1.8194427955739093e-06,0.013100000000000086
2.2,1.004528972457942,-0.025921238483470662,9.9944160345032,0.026899654629409724,6.197423068763086,399.89154944581634,7672.571257850506,-0.0004826309517893057,-0.005449377062745875,-0.001204627549288057,0.5,34.99952193743526,27.999847019979285,214.16062205828322,99.99863410695788,1.5162037025586559e-09,1.8333316591445342e-06,0.013200000000000087
2.216666666666667,1.0103314153051781,-0.02322558302181095,9.998020619423201,0.02549657819131377,6.2292438268637955,399.8899069660129,7672.570850670242,0.005803988811499376,0.0027586148316773714,0.0035566322138236364,0.5,34.99951831575149,27.999845861040477,214.05404532627796,99.99862375928996,1.5277777766151479e-09,1.847220522522258e-06,0.013300000000000088
2.2333333333333334,1.0114676493796804,-0.021102271302684706,10.004645178297512,0.02446242285887126,6.289717593592825,399.8882522997586,7672.570440700755,0.0011387966758019885,0.002239855740179452,0.006586066561360114,0.5,34.999514694067734,27.999844702101676,213.9490449820365,99.99861341162209,1.5393518506715059e-09,1.8611093857070812e-06,0.013400000000000089
2.25,1.014508168683013,-0.03435278041032628,10.004524354912116,0.037564738963987515,6.250376817127607,399.88658545175565,7672.5700279484045,0.00304046083318725,-0.013250574336177223,0.00011345196805233654,0.5,34.999511072383996,27.99984354316288,213.84559344626686,99.99860306395428,1.5509259247277299e-09,1.8749982486990034e-06,0.01350000000000009
2.2666666666666666,1.0113782334440249,-0.02242917789864363,10.002717915495584,0.025296865062722596,6.372738457832666,399.8849064267455,7672.569612419592,-0.0031308303594854746,0.011889804497920363,-0.002016945609785081,0.5,34.999507450700285,27.99984238422409,213.74366374120592,99.99859271628652,1.5624999987838198e-09,1.8888871114980246e-06,0.013600000000000091
2.283333333333333,1.015084608533438,-0.0124829170305833,10.003881114054197,0.019961072894726532,6.371050000176785,399.88321522950287,7672.569194120766,0.0037067294771753224,0.009965274874074306,0.0009871338880318111,0.5,34.99950382901658,27.999841225285305,213.64322947412094,99.99858236861881,1.5740740728397758e-09,1.9027759741041451e-06,0.01370000000000009
2.3,1.0184312936267081,-0.019746699808496294,9.995269644638947,0.027422453350309208,6.32965376908643,399.88151186483447,7672.568773058423,0.003344263062794083,-0.007415448256397783,-0.008481218535769384,0.5,34.99950020733291,27.99984006634653,213.5442648213639,99.99857202095116,1.5856481468955978e-09,1.916664836517365e-06,0.013800000000000092
2.316666666666667,1.020432641067303,-0.010716212587234321,9.993858677742676,0.02387514177499093,6.430346507085025,399.8797963375831,7672.568349239103,0.0020009723506871973,0.009003954658904896,-0.0015714094855008337,0.5,34.99949658564925,27.999838907407756,213.44674451295703,99.99856167328356,1.597222220951286e-09,1.9305536987376837e-06,0.013900000000000093
2.3333333333333335,1.0188690471788882,7.932675978409495e-05,9.99539954271385,0.0194219349985383,6.491657524013057,399.87806865262615,7672.567922669393,-0.001563450858737469,0.010821250106582789,0.0013485108437847756,0.5,34.9994929639656,27.99983774846899,213.35064381768836,99.998551325616,1.6087962950068404e-09,1.9444425607651013e-06,0.014000000000000094
2.35,0.998442116155357,-0.0036519522125919445,10.001867583650519,0.00438764602075381,6.591241697503541,399.8763288148744,7672.567493355923,-0.020426729585526344,-0.0036168410133019906,0.006532722195739286,0.5,34.99948934228197,27.999836589530233,213.25593852869767,99.9985409779485,1.6203703690622608e-09,1.9583314225996182e-06,0.014100000000000095
2.3666666666666667,0.993723872946927,-0.008968381822323498,10.003617864323438,0.0115285310628451,6.524363270903834,399.8745768292742,7672.567061305374,-0.004718050447100713,-0.005285199260426136,0.0018424372636244826,0.5,34.99948572059836,27.999835430591475,213.16260494953337,99.99853063028102,1.6319444431175471e-09,1.9722202842412344e-06,0.014200000000000096
2.3833333333333333,0.9954439613078161,-0.00621036304052784,10.010054125357025,0.012665171457672417,6.557718086456879,399.87281270080433,7672.566626524467,0.0017209409051743146,0.0028693231856152085,0.0063874179092967935,0.5,34.99948209891476,27.999834271652723,213.07061988066295,99.99852028261361,1.6435185171726995e-09,1.98610914568995e-06,0.014300000000000097
2.4,0.992304125159594,-0.016308464594793008,10.019231800851488,0.026363090412079626,6.584480957252809,399.8710364344772,7672.566189019973,-0.0031380326087264783,-0.009937390969945793,0.00935145131096784,0.5,34.999478477231186,27.99983311271398,212.97996060641844,99.99850993494624,1.6550925912277179e-09,1.9999980069457645e-06,0.014400000000000097
2.4166666666666665,1.0035896898198342,-0.02036337649890368,10.017374631479022,0.027008386836937837,6.528968682148678,399.8692480353434,7672.5657487987055,0.011284970361331312,-0.004086642410964178,-0.001786264899547432,0.5,34.999474855547625,27.999831953775242,212.8906048823614,99.99849958727893,1.6666666652826023e-09,2.013886868008678e-06,0.014500000000000098
2.433333333333333,1.0022268546197153,-0.01788434179615478,10.009539592109714,0.02039164060837776,6.625954661807127,399.86744750848504,7672.565305867526,-0.0013654503349820675,0.002341517013458649,-0.007877229617346172,0.5,34.99947123386408,27.999830794836505,212.80253092305094,99.99848923961166,1.6782407393373526e-09,2.0277757288786907e-06,0.014600000000000099
2.45,1.002592968125629,-0.01886892264387499,10.009615374909664,0.021335964092045894,6.659195962436678,399.86563485901615,7672.56486023334,0.0003661378119391917,-0.0009831043885388227,9.29959094185745e-05,0.5,34.99946761218055,27.999829635897775,212.7157173901997,99.99847889194443,1.689814813391969e-09,2.0416645895558027e-06,0.0147000000000001
2.466666666666667,0.9985494570773249,-0.021020059452658387,10.005692505713764,0.021825410839703567,6.698185538315184,399.8638100920897,7672.564411903099,-0.004044876589098674,-0.002219311414214432,-0.003884706851713918,0.5,34.999463990497034,27.99982847695905,212.6301433812032,99.99846854427724,1.7013888874464513e-09,2.0555534500400136e-06,0.014800000000000101
2.4833333333333334,0.9995887474328137,-0.021845834228888517,10.002990597607882,0.022053407900734782,6.710952557645113,399.86197321289035,7672.563960883799,0.0010382796379401016,-0.0008727601441135927,-0.0026870988271252725,0.5,34.99946036881354,27.99982731802033,212.54578841802902,99.9984581966101,1.7129629615008001e-09,2.0694423103313237e-06,0.014900000000000102
2.5,0.9856849276694338,-0.018874815342757496,10.00424810248074,0.024066704839074304,6.838008394845889,399.8601242266344,7672.563507182482,-0.013903372971340342,0.002992357952682331,0.001205846411740608,0.5,34.999456747130054,27.999826159081618,212.4626324364519,99.998447848943,1.7245370355550149e-09,2.083331170429733e-06,0.015000000000000102
2.5166666666666666,0.9941573343191148,-0.017481530227231805,10.003604069012425,0.018780935129960992,6.748682676447087,399.85826313857825,7672.563050806236,0.008472202333288159,0.0013819505123933726,-0.0006680084386715135,0.5,34.999453125446585,27.999825000142906,212.38065577562256,99.99843750127594,1.7361111096090956e-09,2.0972200303352417e-06,0.015100000000000103
2.533333333333333,0.9945867844650582,-0.02025547647942211,10.000309772452969,0.02096860965644433,6.800509747958842,399.85638995400535,7672.562591762194,0.00042836527642924326,-0.002830698371784415,-0.0032456606720884097,0.5,34.99944950376313,27.999823841204204,212.2998391679576,99.99842715360894,1.7476851836630424e-09,2.1111088900478496e-06,0.015200000000000102
2.55,0.9885966023299717,-0.018330763067057335,9.99759538826277,0.021721999814845953,6.879285716101739,399.85450467824006,7672.562130057533,-0.005991096150944891,0.0018774509301682845,-0.002747286016585929,0.5,34.99944588207969,27.999822682265503,212.22016372933928,99.99841680594197,1.7592592577168552e-09,2.1249977495675563e-06,0.015300000000000103
2.566666666666667,1.0007553394857727,-0.032873822322697116,10.001367936258845,0.03291094919748743,6.78901114173174,399.85260731663277,7672.561665699478,0.01216042294298919,-0.01447537842273147,0.0040244394175317465,0.5,34.999442260396265,27.999821523326805,212.14161094961344,99.99840645827504,1.770833331770534e-09,2.1388866088943623e-06,0.015400000000000105
2.5833333333333335,0.993369887079404,-0.031904063197714515,10.002366849483023,0.03267140766965504,6.956072054691422,399.8506978745768,7672.561198695295,-0.007384887737277437,0.0009869945276761946,0.0009818868985879893,0.5,34.99943863871285,27.999820364388114,212.0641626833752,99.99839611060816,1.7824074058240787e-09,2.1527754680282675e-06,0.015500000000000106
2.6,1.0110081720256987,-0.030688992200040965,10.005926556026777,0.03313839312150165,6.872845413558419,399.84877635749336,7672.560729052299,0.01764022949498011,0.0012771465572942245,0.0035379091908143306,0.5,34.999435017029455,27.999819205449427,211.98780114103204,99.99838576294131,1.7939814798774894e-09,2.166664326969272e-06,0.015600000000000107
2.6166666666666667,1.0044736291119396,-0.024522526539706647,10.007353791128013,0.02598961299027972,7.032444284712351,399.8468427708391,7672.560256777849,-0.006533855262732364,0.006190613377677498,0.0013185615341324403,0.5,34.99943139534607,27.99981804651074,211.9125088801343,99.9983754152745,1.8055555539307661e-09,2.1805531857173757e-06,0.015700000000000106
2.6333333333333333,1.0162190604319108,-0.017056475166112545,10.007189011251075,0.02461092952500302,6.975402988359586,399.8448971201042,7672.559781879348,0.011745371571509984,0.007461985100265737,-0.00029640280799774795,0.5,34.9994277736627,27.999816887572067,211.8382687969639,99.99836506760774,1.8171296279839093e-09,2.1944420442725783e-06,0.01580000000000011
2.65,1.0144756256909822,-0.018461140483723493,10.009089305637865,0.025159795529595297,7.050787124577212,399.842939410815,7672.559304364243,-0.0017428457454586915,-0.001370771117872014,0.001924886908143306,0.5,34.999424151979355,27.999815728633394,211.76506411837167,99.998354719941,1.8287037020369184e-09,2.20833090263488e-06,0.01590000000000011
2.6666666666666665,1.0054259330487652,-0.019974620603450725,10.014400635984446,0.02521570481050025,7.126932303704361,399.84096964852887,7672.558824240031,-0.009047911159638933,-0.0014196272155614347,0.005337181630240433,0.5,34.999420530296014,27.999814569694724,211.69287839385535,99.99834437227432,1.8402777760897936e-09,2.2222197608042813e-06,0.01600000000000011
2.683333333333333,1.0052261471232484,-0.03050139855834546,10.013590247568462,0.03379912070787642,7.0720662666787355,399.8389878388401,7672.558341514248,-0.00020014289055358814,-0.010539376128325732,-0.0006255676014638603,0.5,34.99941690861268,27.999813410756058,211.62169548786923,99.99833402460766,1.8518518501425347e-09,2.2361086187807816e-06,0.01610000000000011
2.7,1.0038535851345907,-0.020422501763841135,10.004342416111617,0.021231844869184703,7.154277564684018,399.8369939873721,7672.5578561944785,-0.0013766716774188529,0.0099152182434591,-0.009423108782528082,0.5,34.99941328692937,27.9998122518174,211.55149957235764,99.99832367694104,1.8634259241951417e-09,2.2499974765643812e-06,0.016200000000000114
2.716666666666667,0.9971484542149209,-0.012297751686877571,10.004000531339114,0.013242651053167472,7.228246955354398,399.8349880997865,7672.5573682883505,-0.006705228548442191,0.008117541724529102,-0.0004837001137331266,0.5,34.99940966524606,27.99981109287874,211.48227511950466,99.99831332927447,1.874999998247615e-09,2.26388633415508e-06,0.016300000000000113
2.7333333333333334,0.9835786652156286,-0.02252136198720369,9.99799349093396,0.027944784931111095,7.221892812571698,399.8329701817762,7672.556877803537,-0.01357161432651267,-0.01032591030804018,-0.005829435466753049,0.5,34.99940604356277,27.999809933940085,211.41400689469262,99.99830298160792,1.886574072299954e-09,2.2777751915528782e-06,0.016400000000000112
2.75,0.9902717421848686,-0.02664074452692261,9.984558428101154,0.032293656504846946,7.15735468026051,399.83094023907,7672.556384747756,0.00668731306211738,-0.004350180205729986,-0.01336211537741433,0.5,34.999402421879495,27.999808775001437,211.3466799496621,99.99829263394142,1.898148146352159e-09,2.291664048757775e-06,0.016500000000000115
2.7666666666666666,0.9945003911537981,-0.02958837701015649,9.984220752681956,0.033981571541890986,7.237590124734501,399.828898277428,7672.55588912877,0.0042284832763455375,-0.0029530387390321548,-0.00028657309566919667,0.5,34.99939880019623,27.999807616062796,211.28027961586696,99.99828228627496,1.90972222040423e-09,2.3055529057697714e-06,0.016600000000000115
2.783333333333333,0.9931377882481469,-0.01902304489396808,9.989380853000352,0.022841993242284104,7.3549260051135805,399.82684430264777,7672.555390954385,-0.0013604139154483905,0.010653242412986548,0.0049760727721918484,0.5,34.999395178512984,27.999806457124155,211.21479149801732,99.99827193860853,1.9212962944561673e-09,2.319441762588867e-06,0.016700000000000118
2.8,1.0063903393737765,-0.02565011098451228,9.99090058983878,0.027955998603669638,7.252428458994663,399.8247783205556,7672.5548902324535,0.013253143649294905,-0.006599540478116668,0.0016351363482793987,0.5,34.99939155682974,27.999805298185517,211.1502014678048,99.99826159094212,1.9328703685079704e-09,2.3333306192150616e-06,0.016800000000000117
2.816666666666667,1.0048040102017755,-0.019435889291987824,9.989916312503377,0.022416436360461325,7.392277179621096,399.8227003370151,7672.554386970873,-0.0015867164355933868,0.006195990473545902,-0.0010931857595035254,0.5,34.999387935146515,27.999804139246887,211.0864956578034,99.99825124327575,1.9444444425596396e-09,2.3472194756483556e-06,0.01690000000000012
2.8333333333333335,0.9968014893314218,-0.0190163612275426,9.99908168207754,0.01930535519570193,7.462031053005372,399.82061035792066,7672.5538811775805,-0.007999445359425702,0.0005795502063612847,0.009156643276711802,0.5,34.999384313463295,27.999802980308253,211.0236604555404,99.99824089560941,1.9560185166111747e-09,2.361108331888749e-06,0.01700000000000012
2.85,0.9917809717941847,-0.020994354992739328,10.004539775967949,0.02299807074814865,7.4634713936656025,399.8185083892038,7672.553372860566,-0.005018611795873936,-0.0018829828164072789,0.005491595437785368,0.5,34.99938069178009,27.99980182136963,210.9616824977319,99.99823054794312,1.9675925906625758e-09,2.3749971879362414e-06,0.01710000000000012
2.8666666666666667,0.9940439956795636,-0.020727592280136032,10.009396051547577,0.023523873094336453,7.467724238400421,399.81639443682695,7672.552862027855,0.0022647920200024505,0.00035087571409989164,0.004850923416699463,0.5,34.9993770700969,27.999800662431007,210.90054866467722,99.99822020027686,1.9791666647138437e-09,2.388886043790833e-06,0.01720000000000012
2.8833333333333333,0.9919429331866976,-0.009435395227772534,10.006072018729583,0.01381319504477938,7.538813928347156,399.81426850678866,7672.552348687524,-0.0021019374507389773,0.011232895304785613,-0.003519228855349292,0.5,34.999373448413714,27.99979950349239,210.84024607480703,99.99820985261061,1.9907407387649777e-09,2.402774899452524e-06,0.01730000000000012
2.9,0.9939659089228084,-0.008331703111064922,9.997452189588897,0.010598165020676578,7.50571991481912,399.81213060511743,7672.551832847689,0.0020216392561037623,0.0009541494270355717,-0.00863766103169824,0.5,34.99936982673055,27.999798344553774,210.7807620793806,99.99819950494442,2.0023148128159776e-09,2.4166637549213145e-06,0.017400000000000124
2.9166666666666665,1.006918137469882,-0.008897856735444657,9.993907504059093,0.012811886762481246,7.493705067543538,399.8099807378771,7672.551314516516,0.012951695636517779,-0.000627957958322858,-0.0035342600531136255,0.5,34.999366205047394,27.99979718561517,210.7220842573268,99.99818915727826,2.0138888868668435e-09,2.4305526101972036e-06,0.017500000000000123
2.933333333333333,0.9992925156075931,-0.0180043870774087,9.994690070965415,0.018784435276276063,7.6060845351080335,399.8078189111678,7672.5507937022085,-0.007625438153157218,-0.009091434702850011,0.0009418713102200695,0.5,34.999362583364245,27.999796026676556,210.66420041022474,99.99817880961213,2.0254629609175754e-09,2.444441465280192e-06,0.017600000000000126
2.95,1.0024815453570375,-0.022741445900336558,10.002016959766543,0.02296522458615748,7.618812837958261,399.80564513111767,7672.5502704130195,0.0031916350048294766,-0.004608350821771503,0.007408516857963656,0.5,34.999358961681104,27.999794867737954,210.60709855741896,99.99816846194601,2.0370370349681734e-09,2.4583303201702796e-06,0.017700000000000125
2.966666666666667,1.001583469076105,-0.027799532648970858,10.001376615977717,0.027878621135670075,7.651120742651668,399.8034594038911,7672.549744657243,-0.0008983587066456783,-0.00506851149732744,-0.0005517906142094416,0.5,34.99935533999798,27.999793708799352,210.55076693126568,99.99815811427995,2.0486111090186373e-09,2.4722191748674665e-06,0.017800000000000125
2.9833333333333334,1.0004307466662772,-0.022376881544588098,9.996005657926737,0.022734653475344063,7.710805420877074,399.80126173568794,7672.549216443219,-0.001155074200957904,0.005327993021495004,-0.005464871487407171,0.5,34.99935171831486,27.999792549860757,210.49519397250523,99.9981477666139,2.060185183068967e-09,2.4861080293717526e-06,0.017900000000000128
3.0,0.9943476444113453,-0.019508186914986042,9.99369313289467,0.02126751485708788,7.765948547811903,399.7990521327378,7672.5486857793285,-0.0060839475259366945,0.002828006231514974,-0.0023621094361583705,0.5,34.99934809663176,27.999791390922162,210.4403683257572,99.99813741894789,2.071759257119163e-09,2.499996883683138e-06,0.018000000000000127
3.0166666666666666,0.9966227081411203,-0.027988022286538992,9.996135588835669,0.028454798146641768,7.7324494075736006,399.7968306013066,7672.548152674001,0.002276076085577167,-0.008436121206559292,0.0025894125286334583,0.5,34.999344474948664,27.99979023198357,210.38627883513396,99.9981270712819,2.083333331169225e-09,2.5138857378016227e-06,0.01810000000000013
3.033333333333333,1.0064480983887414,-0.015418451934097185,10.007018315362297,0.01812665326369539,7.8248304971621705,399.79459714769104,7672.547617135708,0.009829512571708197,0.012757871503862225,0.010661357260415595,0.5,34.99934085326558,27.999789073044987,210.3329145399695,99.99811672361595,2.094907405219153e-09,2.5277745917272066e-06,0.01820000000000013
3.05,1.0080178169449039,-0.02126866743470996,10.006287126366582,0.023583644126377205,7.804795491211898,399.7923517782232,7672.547079172962,0.0015694844620763656,-0.005862164851689279,-0.0006282372285031352,0.5,34.99933723158251,27.999787914106403,210.28026467065934,99.99810637595003,2.106481479268947e-09,2.5416634454598898e-06,0.018300000000000132
3.066666666666667,1.0011645028920064,-0.01661090507366978,10.008917779255754,0.018889362826810772,7.92251267054192,399.79009449926576,7672.546538794324,-0.006852444468173978,0.004703168428685638,0.0025485860688898966,0.5,34.999333609899445,27.999786755167822,210.22831864460855,99.99809602828414,2.1180555533186067e-09,2.555552298999672e-06,0.01840000000000013
3.0833333333333335,1.0060787163733158,-0.01734545163540048,10.002605978714149,0.018563711986451244,7.86222375709082,399.7878253172189,7672.545996008395,0.004912343139333746,-0.0008449888810934316,-0.006297965955561239,0.5,34.999329988216395,27.999785596229245,210.1770660622844,99.99808568061826,2.1296296273681326e-09,2.569441152346554e-06,0.01850000000000013
3.1,1.00815184055883,-0.015058738176797629,9.999779177440955,0.01712502211887666,7.9281437414544795,399.78554423851335,7672.545450823824,0.0020723248231633387,0.0022366747327064334,-0.0028665570625998607,0.5,34.99932636653335,27.99978443729067,210.1264967033703,99.99807533295242,2.1412037014175245e-09,2.583330005500535e-06,0.018600000000000134
3.1166666666666667,0.9982697424212397,-0.017320985209702294,9.99486838180586,0.018147906311124635,7.997029744500201,399.78325126961244,7672.544903249297,-0.009883485787884954,-0.0023478806261366396,-0.004870434303546277,0.5,34.99932274485032,27.9997832783521,210.07660052301804,99.99806498528662,2.1527777754667824e-09,2.597218858461615e-06,0.018700000000000133
3.1333333333333333,0.9909485801953521,-0.015763351718965257,9.983377000035654,0.02463284345602068,8.018293246382001,399.78094641701506,7672.544353293551,-0.007324479973621952,0.00135792758777899,-0.011516687900540086,0.5,34.99931912316729,27.99978211941353,210.02736764819576,99.99805463762084,2.1643518495159062e-09,2.6111077112297945e-06,0.018800000000000136
3.15,0.9972111170982112,-0.02143777053764755,9.982276479387801,0.027955277487137324,7.986915114024683,399.7786296872515,7672.543800965361,0.006262179634937142,-0.005692657830014043,-0.0010019089201926724,0.5,34.999315501484276,27.99978096047497,209.97878837412787,99.99804428995508,2.175925923564896e-09,2.6249965638050733e-06,0.018900000000000135
3.1666666666666665,0.9999198455882926,-0.021399352887602766,9.984689227014204,0.026312714608519888,8.066071554591241,399.776301086884,7672.543246273548,0.0027096304345548337,8.045966596975323e-05,0.0024117115205143746,0.5,34.999311879801276,27.99977980153641,209.9308531608249,99.99803394228935,2.187499997613752e-09,2.6388854161874512e-06,0.01900000000000014
3.183333333333333,0.9951665904814384,-0.025905518010050033,9.986168406390483,0.029762407683835652,8.11632021289036,399.77396062251273,7672.542689226978,-0.004752644485305478,-0.004479730364356033,0.0015574053072429522,0.5,34.999308258118276,27.999778642597846,209.88355262970043,99.99802359462365,2.1990740716624747e-09,2.6527742683769285e-06,0.019100000000000138
3.2,1.0041420202962774,-0.0125952295289823,9.984506160401729,0.020392182088919332,8.145333918545118,399.771608300765,7672.542129834557,0.008974871347792302,0.013279262598056556,-0.0018942091888679636,0.5,34.9993046364353,27.999777483659297,209.8368775602723,99.99801324695798,2.2106481457110634e-09,2.666663120373505e-06,0.01920000000000014
3.216666666666667,1.0041478196677105,-0.01934596052772723,9.989927196860089,0.022201753322355612,8.16400756596328,399.76924412830454,7672.541568105237,7.310428228931353e-06,-0.006654692057236678,0.005538508543968743,0.5,34.99930101475232,27.99977632472074,209.7908188869459,99.99800289929233,2.222222219759518e-09,2.6805519721771807e-06,0.01930000000000014
3.2333333333333334,1.004079769228229,-0.020108531640877766,9.998379214463219,0.020582084000632148,8.227392754376183,399.76686811182645,7672.541004048011,-6.514036426134295e-05,-0.0006143392186654316,0.008464082666443301,0.5,34.99929739306935,27.999775165782193,209.74536769587678,99.99799255162671,2.2337962938078388e-09,2.6944408237879557e-06,0.01940000000000014
3.25,0.9956583626285254,-0.01943773746369818,9.997194071487195,0.020113498355657847,8.283491165678932,399.76448025806343,7672.540437671917,-0.008421815615168084,0.000650011152731082,-0.0011966678929320241,0.5,34.99929377138639,27.999774006843648,209.7005152219105,99.99798220396112,2.2453703678560255e-09,2.7083296752058304e-06,0.019500000000000142
3.2666666666666666,0.9899783365144155,-0.0077448488378855625,10.00054734231363,0.012677352398622688,8.356013710595418,399.7620805737739,7672.539868986036,-0.0056792306799506006,0.011749235681201438,0.0031501637039898648,0.5,34.99929014970344,27.999772847905103,209.65625284559755,99.99797185629554,2.256944441904078e-09,2.7222185264308044e-06,0.01960000000000014
3.283333333333333,1.0004369860669462,-0.0030461100448193226,10.005536372881956,0.006334137188294048,8.295541385537012,399.75966906575485,7672.53929799949,0.010459119393000604,0.004784683376790418,0.004906666639342497,0.5,34.9992865280205,27.999771688966558,209.6125720902807,99.99796150863,2.268518515951997e-09,2.7361073774628776e-06,0.019700000000000144
3.3,0.9970247405565206,-0.010141147746975438,10.005460479088294,0.01189575539847809,8.33846924351567,399.7572457408337,7672.53872472145,-0.003412254245332311,-0.007095282695317831,4.778608267543973e-05,0.5,34.99928290633757,27.999770530028023,209.56946461925338,99.99795116096448,2.2800925899997815e-09,2.74999622830205e-06,0.019800000000000144
3.316666666666667,0.9949063359350964,-0.013931003603382407,10.000870026835697,0.014858470301210227,8.369562263462894,399.75481060587055,7672.538149161122,-0.0021193689340608924,-0.0038690745437780583,-0.0045238833548915305,0.5,34.99927928465464,27.999769371089485,209.52692223298635,99.99794081329898,2.291666664047432e-09,2.7638850789483218e-06,0.019900000000000147
3.3333333333333335,0.990961267033905,-0.014110519897673136,10.00124399835664,0.016803280153268492,8.436796864991921,399.75236366776096,7672.537571327763,-0.003944977388757207,-0.00017300874977420162,0.00037702620959591417,0.5,34.999275662971726,27.999768212150954,209.48493686642112,99.99793046563352,2.303240738094949e-09,2.7777739294016928e-06,0.020000000000000146
3.35,0.9939095250783638,-0.015196897098867058,9.995790673226473,0.016904578933320168,8.424487066542905,399.7499049334293,7672.536991230666,0.0029468633274401974,-0.0011806679997905913,-0.0054336904214092804,0.5,34.99927204128882,27.999767053212423,209.44350058632816,99.99792011796806,2.3148148121423315e-09,2.791662779662163e-06,0.020100000000000146
3.3666666666666667,0.9931139125934649,-0.014690727215478218,9.989546081237433,0.019301257425811794,8.48066179959666,399.74743440983724,7672.53640887917,-0.0007972411914149585,0.00039781767680774485,-0.006252429574461642,0.5,34.999268419605926,27.999765894273896,209.40260558872788,99.99790977030264,2.32638888618958e-09,2.8055516297297325e-06,0.02020000000000015
3.3833333333333333,0.991548622013758,-0.015245264973547388,9.988799168671902,0.02072022446984909,8.526929525439751,399.7449521039762,7672.535824282658,-0.0015654857038488428,-0.0005673900558198752,-0.0007371967121132272,0.5,34.99926479792303,27.99976473533537,209.3622441963729,99.99789942263723,2.337962960236695e-09,2.8194404796044012e-06,0.020300000000000148
3.4,0.9916582707117209,-0.02006074323649419,9.990925826454434,0.023545381483891435,8.54467795133518,399.74245802287106,7672.535237450555,0.00011030392769025906,-0.004777953424580367,0.002209675293901154,0.5,34.99926117624015,27.999763576396845,209.32240885628954,99.99788907497185,2.3495370342836755e-09,2.8333293292861693e-06,0.02040000000000015
3.4166666666666665,0.9902105829880806,-0.017321653645650782,9.988110496245897,0.023179038982508435,8.60449341777176,399.73995217358043,7672.534648392326,-0.001448606149038415,0.0026899910457547473,-0.002862279391164021,0.5,34.999257554557275,27.999762417458328,209.28309213737717,99.9978787273065,2.361111108330522e-09,2.8472181787750365e-06,0.02050000000000015
3.433333333333333,1.0043490532495378,-0.01573839051230927,9.984115601091165,0.022779515925541897,8.563124685793605,399.73743456319255,7672.534057117482,0.014137317792720353,0.0015134924186792418,-0.004021846480694925,0.5,34.99925393287441,27.99976125851981,209.24428672806363,99.99786837964118,2.372685182377235e-09,2.8611070280710035e-06,0.020600000000000153
3.45,1.0084652081508707,-0.01914705021231642,9.982786688846673,0.027102004679230345,8.629835829368684,399.73490519883296,7672.533463635575,0.00411575033849937,-0.003431475173182486,-0.0012688367515240663,0.5,34.99925031119155,27.999760099581295,209.20598543401522,99.99785803197587,2.3842592564238135e-09,2.8749958771740697e-06,0.020700000000000152
3.466666666666667,1.0087724114143424,-0.023615792888655066,9.978557037855438,0.03308147447129746,8.671957303782374,399.7323640876552,7672.532867956202,0.0003056248584026661,-0.0045425040224991685,-0.004150332925578933,0.5,34.9992466895087,27.999758940642785,209.16818117589972,99.99784768431059,2.395833330470258e-09,2.888884726084235e-06,0.02080000000000015
3.4833333333333334,1.0085462967156436,-0.028795001763494872,9.984855928182395,0.033637318057895875,8.729410333208003,399.72981123684906,7672.532270088997,-0.00022323377239540323,-0.00506752372519734,0.006389085937190708,0.5,34.99924306782586,27.999757781704275,209.13086698720113,99.99783733664532,2.4074074045165687e-09,2.9027735748015e-06,0.020900000000000155
3.5,0.9987967740924786,-0.03022653749335064,9.987370231323583,0.032781250570960464,8.813212382443869,399.727246653636,7672.531670043645,-0.009748227629522729,-0.0013872743738477114,0.0025389925226435043,0.5,34.99923944614302,27.99975662276577,209.09403601208442,99.99782698898007,2.4189814785627462e-09,2.916662423325864e-06,0.021000000000000154
3.5166666666666666,1.0012684120299895,-0.014022813026594218,9.993756175906274,0.015402322970796288,8.870265879544037,399.72467034526824,7672.531067829863,0.00247410386033086,0.01631271023734253,0.0061021683015710995,0.5,34.9992358244602,27.999755463827267,209.0576815033091,99.99781664131486,2.4305555526087897e-09,2.930551271657327e-06,0.021100000000000157
3.533333333333333,1.011896843809969,-0.013099249268828234,9.998106290626778,0.017796241319018934,8.806423521027321,399.7220823190324,7672.530463457419,0.010629461415808585,0.0009998409106562742,0.004333218824280414,0.5,34.99923220277738,27.99975430488876,209.02179682019056,99.99780629364965,2.442129626654699e-09,2.94444011979589e-06,0.021200000000000156
3.55,1.0017881905140076,-0.005404740469513691,10.000288703204022,0.005700196971574137,8.955061913080936,399.7194825822469,7672.529856936118,-0.010108300911057784,0.007731669782267011,0.0020468691390017604,0.5,34.99922858109456,27.99975314595026,208.98637542660714,99.99779594598446,2.4537037007004746e-09,2.958328967741552e-06,0.02130000000000016
3.566666666666667,0.9981876014388563,-0.003411451376424034,9.998389672293353,0.004185225584344891,8.931271835804816,399.71687114226165,7672.52924827581,-0.003600735179775135,0.0019598432559424493,-0.0019335289522390265,0.5,34.99922495941176,27.999751987011763,208.9514108890525,99.99778559831931,2.465277774746116e-09,2.9722178154943136e-06,0.02140000000000016
3.5833333333333335,0.9983299548174016,-0.013744057568760007,9.995713022905365,0.014493724797445678,8.901063979206514,399.71424800646116,7672.528637486386,0.00014195265721051432,-0.010377670631336057,-0.0024962282385120574,0.5,34.99922133772896,27.999750828073267,208.91689687473178,99.99777525065417,2.4768518487916235e-09,2.9861066630541743e-06,0.021500000000000158
3.6,0.9990440068625625,-0.010246262743698081,9.99396195459686,0.011931422411277384,8.989565099419693,399.7116131822625,7672.528024577781,0.0007136854501987966,0.0034667432602389706,-0.0018117670667067716,0.5,34.999217716046175,27.99974966913478,208.88282714969995,99.99776490298906,2.488425922836997e-09,2.9999955104211343e-06,0.02160000000000016
3.6166666666666667,0.9956042441724519,-0.011831117998053163,9.9941045310454,0.013930539200752635,9.027645004739023,399.70896667711156,7672.527409559968,-0.0034397352221531147,-0.001582133519715865,0.00017014037903176563,0.5,34.99921409436339,27.999748510196284,208.84919557704214,99.99775455532397,2.4999999968822364e-09,3.0138843575951935e-06,0.02170000000000016
3.6333333333333333,0.9947815340085409,-0.010673415483903602,9.993173265697466,0.013702741369170542,9.060254749324786,399.70630849848965,7672.526792442966,-0.0008228930542903518,0.0011413531818123544,-0.0009512324325747397,0.5,34.999210472680616,27.9997473512578,208.81599611509384,99.9977442076589,2.511574070927342e-09,3.0277732045763524e-06,0.021800000000000163
3.65,0.9905053150172082,-0.010852185489303718,9.999444637478502,0.01443012120683142,9.120834221615445,399.70363865390976,7672.5261732368335,-0.004275040939304118,-7.009774981836757e-05,0.006273527538942903,0.5,34.999206850997844,27.99974619231931,208.78322281570073,99.99773385999384,2.5231481449723133e-09,3.0416620513646105e-06,0.021900000000000162
3.6666666666666665,1.0042608981001138,-0.013890057279135247,9.99536273831237,0.01525084745726911,9.045146187877258,399.70095715091844,7672.525551951672,0.013754701798362955,-0.003108464104462664,-0.004028401215318814,0.5,34.999203229315086,27.99974503338083,208.75086982251653,99.9977235123288,2.5347222190171507e-09,3.055550897959968e-06,0.022000000000000165
3.683333333333333,1.004088395283597,-0.001422032963768517,9.988723348889234,0.01207886042179348,9.197971751362164,399.698263997091,7672.524928597625,-0.00017338999294855154,0.01234975253333636,-0.006856875065706719,0.5,34.99919960763233,27.999743874442345,208.7189313693384,99.9977131646638,2.546296293061854e-09,3.0694397443624246e-06,0.022100000000000165
3.7,1.0069542253134376,-0.016372830581639315,9.986296671393408,0.022454059945393595,9.120990974506158,399.69555920003916,7672.524303184876,0.002865453192950668,-0.014991080587672066,-0.0021639358893686582,0.5,34.99919598594958,27.999742715503864,208.68740177847818,99.9977028169988,2.5578703671064235e-09,3.083328590571981e-06,0.022200000000000164
3.716666666666667,1.0080060023486723,-0.017845248696426865,9.983096083453468,0.02585051672681414,9.216197800860632,399.6928427674025,7672.523675723652,0.0010508213106787904,-0.001528466231218052,-0.0031742035758530796,0.5,34.99919236426684,27.99974155656539,208.65627545916945,99.99769246933383,2.569444441150859e-09,3.0972174365886366e-06,0.022300000000000167
3.7333333333333334,1.0220205305942112,-0.013125063768149982,9.986475510452314,0.028983006349172825,9.233916026234395,399.69011470685524,7672.52304622422,0.014015441662881285,0.004779308820800904,0.0032952814013694704,0.5,34.9991887425841,27.999740397626912,208.62554690600874,99.99768212166886,2.5810185151951604e-09,3.1111062824123914e-06,0.022400000000000166
3.75,1.0084004760758338,-0.010031584734003184,9.989610225680579,0.01670726829585502,9.382755663672684,399.687375026105,7672.52241469689,-0.013619421119632366,0.0031485338415973073,0.003079413358862778,0.5,34.99918512090137,27.999739238688438,208.5952106974304,99.99767177400393,2.592592589239328e-09,3.1249951280432455e-06,0.02250000000000017
3.7666666666666666,0.9957482787695787,-0.0058141131707454725,9.987231947738849,0.014659799009045637,9.407919693253955,399.68462373289,7672.521781152014,-0.01265252622547013,0.0041752338170204534,-0.002451671905293727,0.5,34.99918149921865,27.999738079749967,208.56526149421398,99.99766142633901,2.6041666632833612e-09,3.1388839734811993e-06,0.02260000000000017
3.783333333333333,0.9881407655101166,-0.005783257445694027,9.984999265317748,0.01997817564599453,9.405645004814653,399.6818608349785,7672.521145599984,-0.007607739231833099,-7.800724208571989e-06,-0.0022328819919852465,0.5,34.999177877535935,27.9997369208115,208.5356940380239,99.9976510786741,2.6157407373272606e-09,3.1527728187262524e-06,0.02270000000000017
3.8,1.0020274285157886,-0.008699413135568716,9.985133008125404,0.017343964952976652,9.341742742485325,399.67908634017596,7672.520508051234,0.013886679976754081,-0.002913393262560893,0.0001843664080007243,0.5,34.99917425585323,27.999735761873033,208.50650314997958,99.99764073100921,2.6273148113710265e-09,3.1666616637784047e-06,0.02280000000000017
3.816666666666667,1.0094697967845767,-0.00888335750332208,9.991768690309048,0.01537314093664429,9.42974002499307,399.67630025631564,7672.519868516239,0.007443386449168009,-6.74417373133297e-05,0.006637888552288339,0.5,34.999170634170525,27.999734602934566,208.47768372925628,99.99763038334436,2.6388888854146587e-09,3.1805505086376563e-06,0.022900000000000174
3.8333333333333335,0.9991971163119796,-0.011020657324497035,9.996892018697913,0.01147865554686355,9.531330734457349,399.67350259126164,7672.519227005515,-0.010271790602068216,-0.0020471696392964684,0.005160003902574075,0.5,34.99916701248783,27.999733443996107,208.44923075171533,99.99762003567952,2.650462959458157e-09,3.1944393533040075e-06,0.023000000000000173
3.85,1.0067717764205304,-0.016693136547544327,10.000891195820074,0.01803645600096968,9.474093301878007,399.67069335291444,7672.51858352962,0.0075756273144700695,-0.005601606587899973,0.004097858124007474,0.5,34.99916339080514,27.999732285057643,208.42113926856302,99.99760968801468,2.662037033501521e-09,3.208328197777458e-06,0.023100000000000172
3.8666666666666667,1.0008384376643735,-0.009327718807109414,10.002058826975368,0.009588970635754803,9.615154093976049,399.66787254920416,7672.517938099152,-0.005933073621848999,0.007384742924059703,0.0010384185983483786,0.5,34.99915976912246,27.999731126119187,208.39340440503767,99.99759934034988,2.6736111075447514e-09,3.222217042058008e-06,0.023200000000000175
3.8833333333333333,1.0045701584399336,-0.0058879373577830985,10.002638440641219,0.007906753995123125,9.593020087327345,399.66504018809275,7672.5172907247525,0.0037317977389370064,0.0034493977256560408,0.0005193301121712953,0.5,34.99915614743978,27.99972996718073,208.36602135912392,99.99758899268507,2.6851851815878476e-09,3.236105886145657e-06,0.023300000000000175
3.9,1.0033714715828954,-0.005094121728051323,9.997479250838666,0.006608351640630199,9.628622992069209,399.6621962775728,7672.516641417101,-0.0011991812960057825,0.0007032959920440394,-0.005172306759665303,0.5,34.999152525757104,27.999728808242274,208.33898540029378,99.9975786450203,2.6967592556308098e-09,3.2499947300404055e-06,0.023400000000000178
3.9166666666666665,1.0130593073547118,-0.010768136099677632,9.999215714637028,0.01694436297088683,9.60558760914819,399.65934082567134,7672.515990186919,0.009688076163706231,-0.005642581542069049,0.0018360336075084083,0.5,34.99914890407444,27.99972764930382,208.31229186827366,99.99756829735554,2.708333329673638e-09,3.2638835737422535e-06,0.023500000000000177
3.933333333333333,1.01272835542621,-0.011475872587333487,10.004433692029714,0.01770241810940149,9.711714180574234,399.6564738404453,7672.51533704497,-0.0003299390377205273,-0.000615385566377606,0.0052296728983966855,0.5,34.99914528239178,27.99972649036537,208.28593617183682,99.9975579496908,2.7199074037163322e-09,3.277772417251201e-06,0.02360000000000018
3.95,1.0122485373084154,-0.018328558672096467,10.00865280871525,0.023682646035312574,9.7217976088263,399.653595329985,7672.514682002056,-0.00047872075623652427,-0.006777062952578643,0.004339547085569532,0.5,34.99914166070913,27.999725331426923,208.2599137876205,99.99754760202607,2.7314814777588924e-09,3.291661260567248e-06,0.02370000000000018
3.966666666666667,0.994770006981953,-0.014123990871715418,10.012597892365147,0.019634932944284568,9.875069661839328,399.65070530240985,7672.514025069022,-0.017477413206731546,0.004273015767183891,0.0038708411515119023,0.5,34.99913803902648,27.99972417248847,208.23422025896718,99.99753725436136,2.7430555518013186e-09,3.3055501036903942e-06,0.02380000000000018
3.9833333333333334,1.0040377498817445,-0.017189264847940287,10.009644684451567,0.02011978805177643,9.754681837621305,399.64780376587345,7672.513366256753,0.009266935927276457,-0.003116317549069446,-0.0028992940425833155,0.5,34.99913441734384,27.999723013550028,208.20885119478956,99.99752690669668,2.754629625843611e-09,3.3194389466206396e-06,0.02390000000000018
4.0,1.0044296460959878,-0.035469378318094956,10.003043052885642,0.03587432331178091,9.759955267013108,399.6448907285612,7672.512705576175,0.00038886254443102074,-0.01839300793124825,-0.006280234448712654,0.5,34.9991307956612,27.999721854611586,208.1838022684583,99.997516559032,2.766203699885769e-09,3.3333277893579847e-06,0.02400000000000018
4.016666666666667,1.0040354869945587,-0.031585019147687465,10.001954299075233,0.031901758863017216,9.900795045345086,399.64196619868653,7672.512043038253,-0.00039479619658218916,0.0038646807595867864,-0.0011566647129519617,0.5,34.999127173978565,27.99972069567314,208.15906921671245,99.99750621136734,2.777777773927793e-09,3.347216631902429e-06,0.024100000000000184
4.033333333333333,1.0036008960306897,-0.035376314199825086,9.993577849409359,0.036134191444000326,9.892395294259485,399.63903018449713,7672.511378653994,-0.0004394857241175935,-0.003937460503880768,-0.00830874288550658,0.5,34.99912355229595,27.999719536734702,208.13464783859163,99.9974958637027,2.7893518479696834e-09,3.361105474253973e-06,0.024200000000000183
4.05,1.0013630199463102,-0.03260174913026094,9.997635296538208,0.03271577375101486,9.987027099709433,399.63608269427533,7672.510712434444,-0.002235469123939241,0.0028451283297326255,0.0040082823700587815,0.5,34.999119930613325,27.999718377796263,208.11053399438953,99.99748551603808,2.8009259220114396e-09,3.3749943164126164e-06,0.024300000000000186
4.066666666666666,1.000417205845236,-0.02618820392428557,10.003092270697262,0.02637344891106941,10.035911483868425,399.63312373632937,7672.510044390693,-0.0009430144599695172,0.006507888741187969,0.005344109430486085,0.5,34.99911630893071,27.999717218857825,208.08672360462845,99.99747516837346,2.8124999960530618e-09,3.388883158378359e-06,0.024400000000000185
4.083333333333333,1.0005064936217345,-0.030179740604602105,10.006776117950661,0.030935268790017456,10.021834437597423,399.6301533190012,7672.509374533865,9.10998723568109e-05,-0.0039266065078774485,0.003752979315697332,0.5,34.99911268724811,27.999716059919397,208.0632126490541,99.99746482070887,2.82407407009455e-09,3.4027720001512012e-06,0.024500000000000185
4.1,0.9963186683995752,-0.03409907661620656,10.002972850195613,0.0344257250722693,10.062719955886593,399.62717145066523,7672.5087028751295,-0.004189958623226467,-0.003985011783715781,-0.003734396470670196,0.5,34.9991090655655,27.99971490098096,208.03999716565036,99.99745447304429,2.835648144135904e-09,3.4166608417311427e-06,0.024600000000000188
4.116666666666666,0.9961022965196122,-0.030860182929958197,10.002800603106799,0.031231081901620713,10.119118652111531,399.6241781397248,7672.508029425695,-0.00021646952278092118,0.0032354093843702724,-0.0002285333281313846,0.5,34.999105443882904,27.99971374204253,208.0170732496734,99.99744412537972,2.8472222181771247e-09,3.430549683118184e-06,0.024700000000000187
4.133333333333334,0.9972657132110614,-0.026826857784379977,9.998005635818602,0.027039538795287733,10.144888426502293,399.62117339461855,7672.5073541968095,0.0011610028360162065,0.003949308678897295,-0.004864399061521117,0.5,34.99910182220031,27.9997125831041,207.9944370527048,99.99743377771517,2.8587962922182117e-09,3.4444385243123243e-06,0.02480000000000019
4.15,1.0036515425170691,-0.024159757024316525,9.994979436391404,0.02494445726409466,10.157444797203006,399.6181572238123,7672.50667719976,0.006384482828974084,0.0026138555026783594,-0.0030723064785105553,0.5,34.99909820051773,27.999711424165675,207.9720847817232,99.99742343005065,2.8703703662591647e-09,3.458327365313564e-06,0.02490000000000019
4.166666666666667,1.0044020537677112,-0.03814645576282442,9.992715647985923,0.039084147596621516,10.149909655246667,399.61512963580617,7672.505998445875,0.0007492803739860628,-0.014024219002582165,-0.0020183561202988037,0.5,34.99909457883514,27.999710265227247,207.9500126981941,99.99741308238612,2.8819444402999837e-09,3.4722162061219034e-06,0.025000000000000192
4.183333333333334,1.0013569629787382,-0.02974471730467,9.99448897200035,0.0302812994985157,10.303377598026168,399.6120906391293,7672.505317946524,-0.003044040162209412,0.0084314893451556,0.0016259993297942758,0.5,34.99909095715257,27.999709106288822,207.9282171171772,99.99740273472162,2.8935185143406687e-09,3.486105046737342e-06,0.02510000000000019
4.2,1.0042688401873916,-0.021031034803590636,9.992260689813566,0.022812544993208315,10.309488623512289,399.6090402423451,7672.504635713112,0.0029108898529547457,0.008673349645977936,-0.0023804431419665547,0.5,34.99908733547,27.9997079473504,207.9066944064512,99.99739238705713,2.9050925883812196e-09,3.4999938871598803e-06,0.02520000000000019
4.216666666666667,1.0112077158920993,-0.02207815536390028,9.992257648550495,0.02594163444300953,10.292775103313074,399.6059784540441,7672.5039517570885,0.006938874569069589,-0.0010470120910547962,1.5375381928220272e-05,0.5,34.99908371378743,27.999706788411977,207.88544098565532,99.99738203939266,2.9166666624216366e-09,3.513882727389518e-06,0.025300000000000194
4.233333333333333,1.0216270390720352,-0.018834553580100527,9.992498288443688,0.029642731996059556,10.33386466511168,399.60290528285225,7672.503266089941,0.010419409124487123,0.003247360114779848,0.00018306408918097172,0.5,34.99908009210487,27.99970562947356,207.86445332544733,99.9973716917282,2.9282407364619196e-09,3.5277715674262547e-06,0.025400000000000193
4.25,1.018396517851685,-0.014417790953183853,9.997018253741741,0.02356229119237517,10.440210945557975,399.5998207374224,7672.502578723195,-0.003229209611146224,0.004496525461855413,0.004440623329138822,0.5,34.99907647042231,27.99970447053514,207.8437279466778,99.99736134406375,2.9398148105020686e-09,3.5416604072700912e-06,0.025500000000000196
4.266666666666667,1.0136881509110502,-0.02304316297119476,9.99604427938817,0.02709204269701402,10.418440492538917,399.596724826443,7672.501889668418,-0.004708685343768806,-0.008641286727300425,-0.0008208730104893175,0.5,34.999072848739765,27.999703311596726,207.82326141958004,99.99735099639932,2.9513888845420835e-09,3.555549246921027e-06,0.025600000000000196
4.283333333333333,1.0054787067277833,-0.021942036818883234,9.990358782363861,0.024584589779391652,10.502378907397375,399.59361755863017,7672.501198937215,-0.008211676152411078,0.0010007787975313451,-0.005704015450702912,0.5,34.99906922705722,27.99970215265831,207.80305036297528,99.9973406487349,2.9629629585819645e-09,3.5694380863790624e-06,0.0257000000000002
4.3,1.0198842805157595,-0.0216530146544825,9.987835489253017,0.03181385792698905,10.448225527225937,399.59049894273096,7672.500506541232,0.014404613905790054,0.00024438108567672863,-0.0025280069228941567,0.5,34.999065605374675,27.999700993719895,207.78309144349313,99.9973303010705,2.9745370326217115e-09,3.583326925644197e-06,0.025800000000000198
4.316666666666666,1.0117324225375581,-0.023039027123720558,9.985941611839884,0.029428191583655977,10.572442532831195,399.5873689875258,7672.499812492154,-0.0081525966261726,-0.0014193698202133959,-0.0018690080304816367,0.5,34.999061983692144,27.999699834781488,207.7633813748067,99.99731995340612,2.9861111066613244e-09,3.5972157647164315e-06,0.025900000000000197
4.333333333333333,1.0021168404453498,-0.02784925328644548,9.99045020422859,0.029516955862394334,10.612681254314515,399.58422770182693,7672.499116801704,-0.009613579920984005,-0.004730252787027337,0.004592427028929248,0.5,34.99905836200961,27.999698675843074,207.74391691688186,99.99730960574175,2.9976851807008034e-09,3.611104603595765e-06,0.0260000000000002
4.35,1.0023053907643114,-0.02059884894176671,9.994658342674358,0.021404585384861237,10.659854011195737,399.58107509447166,7672.498419481646,0.00019032947545210283,0.007322899702669098,0.004080677559745547,0.5,34.99905474032708,27.999697516904664,207.72469487524094,99.99729925807739,3.0092592547401483e-09,3.6249934422821985e-06,0.0261000000000002
4.366666666666666,1.0122427151721871,-0.022050890073624603,9.995720728822352,0.02558159147819579,10.614298432455914,399.5779111743355,7672.4977205437835,0.009937719841414977,-0.0014331407061076466,0.0010877478388976007,0.5,34.999051118644566,27.99969635796626,207.7057121002398,99.99728891041303,3.0208333287793593e-09,3.638882280775731e-06,0.026200000000000202
4.383333333333334,1.0109434497583905,-0.02632626559102616,9.997095557576445,0.028657503889203306,10.686113442234827,399.57473595031814,7672.497019999955,-0.0012986850019673668,-0.004250436969675428,0.001450094883167595,0.5,34.99904749696205,27.999695199027858,207.6869654863586,99.9972785627487,3.0324074028184362e-09,3.652771119076363e-06,0.0263000000000002
4.4,1.010542198624006,-0.026037962108148925,9.997314337667909,0.028219024320734518,10.736954561591075,399.57154943135754,7672.496317862043,-0.00040115115974409874,0.0002921178774969368,0.00021366039013738646,0.5,34.99904387527954,27.99969404008945,207.66845197150562,99.99726821508439,3.043981476857379e-09,3.6666599571840944e-06,0.026400000000000205
4.416666666666667,1.0067414336690044,-0.023401367544181963,10.000167516878154,0.02435363325075335,10.802816834479861,399.56835162641386,7672.495614141966,-0.003799533982102027,0.00268641114163755,0.0028063243201801725,0.5,34.99904025359702,27.999692881151045,207.6501685363339,99.99725786742007,3.055555550896188e-09,3.6805487950989256e-06,0.026500000000000204
4.433333333333334,0.9979336572475457,-0.027341971422785116,9.990012875441646,0.029182283600714003,10.80985848808175,399.5651425444847,7672.494908851683,-0.008812273108582446,-0.004117638047372864,-0.010084152899405709,0.5,34.99903663191452,27.999691722212646,207.63211220357053,99.99724751975579,3.067129624934864e-09,3.694437632820856e-06,0.026600000000000207
4.45,0.9997839913925775,-0.02441875543589379,9.98346112285483,0.029493359426823726,10.839003426810079,399.56192219459547,7672.494202003191,0.0018473747346738681,0.002808558419140216,-0.006601715281019541,0.5,34.999033010232026,27.999690563274246,207.61428003735818,99.9972371720915,3.0787036989734057e-09,3.708326470349886e-06,0.026700000000000206
4.466666666666667,0.997139501985707,-0.02698342556955112,9.982773160457059,0.03214148256446271,10.88129289570663,399.5586905858023,7672.493493608526,-0.0026447980056938385,-0.0025762688547090735,-0.0006431670501806512,0.5,34.99902938854953,27.99968940433585,207.59666914260876,99.99722682442723,3.0902777730118134e-09,3.7222153076860152e-06,0.026800000000000206
4.483333333333333,1.0083533521270456,-0.024253705773615082,9.984503221218445,0.029968584898986596,10.889329806267629,399.55544772719406,7672.492783679761,0.011214623736279072,0.0027595784103493764,0.0016820246449295723,0.5,34.99902576686704,27.999688245397454,207.57927666436865,99.99721647676299,3.101851847050087e-09,3.7361041448292443e-06,0.02690000000000021
4.5,1.0066746833659272,-0.02484286832670718,9.98621809075411,0.029182539928876473,10.96466588258143,399.5521936278874,7672.49207222901,-0.0016779340280923837,-0.0005589180090171585,0.001724963813793315,0.5,34.99902214518456,27.999687086459062,207.56209978719568,99.99720612909874,3.113425921088227e-09,3.7499929817795726e-06,0.027000000000000208
4.516666666666667,1.0005735597269734,-0.02609504621803451,9.991936820459768,0.02731836671432291,11.024228106611018,399.5489282970317,7672.491359268423,-0.006098581571297148,-0.0011518185394478804,0.005739784548519418,0.5,34.99901852350208,27.999685927520666,207.5451357345473,99.99719578143451,3.1249999951262327e-09,3.7638818185370007e-06,0.02710000000000021
4.533333333333333,1.0062679013853644,-0.026656811864535515,10.002244420932314,0.027475737856768812,11.024991083189194,399.5456517438041,7672.490644810193,0.005699086733880107,-0.0003811717860703348,0.010315856461594636,0.5,34.999014901819606,27.999684768582274,207.52838176817966,99.9971854337703,3.1365740691641044e-09,3.777770655101528e-06,0.02720000000000021
4.55,0.9966215602393659,-0.029373883781867876,10.001009990651196,0.02958474656829094,11.094840254211567,399.5423639774164,7672.489928866546,-0.00964694475586963,-0.0027382318059780255,-0.0011867536400506748,0.5,34.99901128013713,27.99968360964388,207.5118351875577,99.9971750861061,3.148148143201842e-09,3.791659491473155e-06,0.027300000000000213
4.566666666666666,0.9993900467328812,-0.032524803897212025,10.008847023029285,0.03371204032648683,11.0959361186319,399.53906500710735,7672.489211449749,0.0027727198075830606,-0.003013939802788245,0.007890723876643139,0.5,34.999007658454666,27.999682450705492,207.4954933292756,99.9971647384419,3.159722217239446e-09,3.805548327651881e-06,0.027400000000000212
4.583333333333333,0.9987056148712793,-0.03510462346049361,10.013178969614284,0.037519125823341715,11.143552419194961,399.53575484214815,7672.488492572107,-0.0006818752417980082,-0.002503896492701414,0.004376268506667643,0.5,34.9990040367722,27.999681291767104,207.47935356648776,99.99715439077772,3.1712962912769156e-09,3.819437163637707e-06,0.027500000000000212
4.6,1.0125034890588702,-0.031218838279592372,10.010525675625317,0.035239390548438505,11.138824133041084,399.53243349183725,7672.487772245963,0.013796338577153908,0.003838620876888559,-0.002721081257941858,0.5,34.99900041508974,27.99968013282872,207.4634133083497,99.99714404311355,3.1828703653142514e-09,3.833325999430633e-06,0.027600000000000215
4.616666666666666,1.0057642127555497,-0.023623239287511717,10.010338592269868,0.02642337298047678,11.279233350963901,399.52910096550823,7672.487050483698,-0.006739365846825886,0.007591126067083339,-0.0003208264715178779,0.5,34.998996793407294,27.999678973890333,207.4476699994691,99.9971336954494,3.194444439351453e-09,3.847214835030657e-06,0.027700000000000214
4.633333333333334,1.0129415700993907,-0.019955304202003844,10.002915912454936,0.02396276457446453,11.231586355418578,399.52575727252196,7672.486327297731,0.0071745345487200084,0.003536610852458232,-0.007486140502623647,0.5,34.99899317172484,27.999677814951948,207.43212111936637,99.99712334778525,3.206018513388521e-09,3.8611036704377815e-06,0.027800000000000217
4.65,0.9964963639626209,-0.014940611037833538,9.999343840552909,0.01535996299568954,11.376516065492371,399.5224024222698,7672.48560270052,-0.016446294032400794,0.004951286827091989,-0.0036594540060285803,0.5,34.998989550042396,27.999676656013566,207.41676418194479,99.99711300012113,3.2175925874254545e-09,3.874992505652006e-06,0.027900000000000216
4.666666666666667,0.9931190829431832,-0.014631314869435405,9.991545483843925,0.018245988283719098,11.333908799535838,399.51903642417307,7672.484876704557,-0.0033792934934697306,0.0001738560606582743,-0.0078025509765473665,0.5,34.99898592835995,27.999675497075184,207.40159673496993,99.997102652457,3.2291666614622543e-09,3.888881340673329e-06,0.02800000000000022
4.683333333333334,0.9958166692119862,-0.01198131372875515,9.99446101724579,0.013846924145995972,11.375395864972985,399.51565928768554,7672.484149322378,0.002698263369845582,0.002700203596493369,0.0028691011068513366,0.5,34.99898230667752,27.999674338136806,207.38661635955822,99.9970923047929,3.24074073549892e-09,3.902770175501752e-06,0.02810000000000022
4.7,1.0012203376535633,-0.011040612166430467,9.99343028166893,0.012905192391492827,11.388019716106063,399.51227102228813,7672.48342056655,0.00540346136647325,0.000922596545974158,-0.0010469722220456787,0.5,34.99897868499508,27.999673179198425,207.37182066967438,99.99708195712881,3.2523148095354517e-09,3.916659010137275e-06,0.028200000000000218
4.716666666666667,1.000814794671904,-0.012355297309291524,9.997487843221714,0.012634387510484998,11.447647566350318,399.50887163749337,7672.482690449684,-0.00040471455814569175,-0.001243598239574338,0.004079909990186904,0.5,34.998975063312656,27.99967202026005,207.35720731163772,99.99707160946473,3.2638888835718494e-09,3.930547844579897e-06,0.02830000000000022
4.733333333333333,1.001527393622708,-0.02074667977944368,9.997427362536696,0.020961266518111032,11.44283162930953,399.5054611428436,7672.481958984423,0.0007125814798036731,-0.008391158211469232,8.614985721560436e-05,0.5,34.998971441630225,27.999670861321675,207.34277396363683,99.99706126180065,3.275462957608113e-09,3.944436678829618e-06,0.02840000000000022
4.75,0.9956982495477303,-0.014495299059940531,9.997323124646432,0.015355367953742627,11.570705447859458,399.50203954791186,7672.481226183452,-0.0058291761377725,0.006248614579193256,-0.00021317236296287964,0.5,34.99896781994781,27.9996697023833,207.3285183352527,99.9970509141366,3.2870370316442436e-09,3.9583255128864395e-06,0.028500000000000223
4.766666666666667,1.004802776332552,-0.016597656255766008,9.996550290154644,0.017619436780922648,11.511154498459282,399.49860686229914,7672.480492059491,0.009104317105216492,-0.0021155280428061377,-0.0007360163174437746,0.5,34.99896419826539,27.999668543444926,207.31443816699024,99.99704056647253,3.29861110568024e-09,3.972214346750359e-06,0.028600000000000222
4.783333333333333,1.0071973815966837,-0.024677078478985655,10.001057039816908,0.025727050209207406,11.558185815960693,399.49516309564,7672.479756625296,0.0023962285506542638,-0.00799905139113917,0.004647906040564637,0.5,34.998960576582974,27.99966738450655,207.30053122981758,99.9970302188085,3.3101851797161027e-09,3.986103180421379e-06,0.028700000000000225
4.8,1.0049850089580759,-0.028070380905292357,10.006380194260403,0.029215048429201633,11.63617070340547,399.49170825759603,7672.479019893664,-0.0022099223461591686,-0.0032993116260089206,0.005381915222608967,0.5,34.998956954900564,27.99966622556818,207.2867953247134,99.99701987114447,3.321759253751831e-09,3.999992013899499e-06,0.028800000000000225
4.816666666666666,1.0035563360224973,-0.024132461893107946,10.006242325824346,0.025179341194151213,11.69391396470736,399.4882423578594,7672.4782818774265,-0.0014287357424083208,0.003934897705800748,-0.0002068668841765611,0.5,34.99895333321816,27.999665066629813,207.273228282222,99.99700952348046,3.3333333277874257e-09,4.013880847184718e-06,0.028900000000000224
4.833333333333333,0.9929842053664278,-0.023759369893364322,10.000718760248365,0.024783937450771256,11.743490869073995,399.4847654061513,7672.477542589452,-0.010574439177811572,0.0002768025986958895,-0.005529226854927526,0.5,34.99894971153576,27.999663907691442,207.25982796201586,99.99699917581646,3.3449074018228862e-09,4.0277696802770364e-06,0.029000000000000227
4.85,0.9909090139377381,-0.018645158793571384,9.994820500403547,0.0213806106415757,11.767907090377268,399.4812774122255,7672.476802042648,-0.0020773740759264764,0.005011334782053888,-0.005985912085388174,0.5,34.99894608985336,27.999662748753074,207.2465922524657,99.99698882815247,3.3564814758582127e-09,4.041658513176455e-06,0.029100000000000226
4.866666666666666,0.9884866311302177,-0.02349754935422511,9.993518447166373,0.02695799713465101,11.770474034264808,399.47777838586177,7672.476060249957,-0.002422861656836717,-0.004874156548649879,-0.001218045376053299,0.5,34.998942468170966,27.999661589814707,207.23351907021774,99.99697848048848,3.3680555498934052e-09,4.055547345882972e-06,0.02920000000000023
4.883333333333334,1.0045555806229072,-0.027415979383121715,9.988704057856214,0.029999381990656403,11.733796257854042,399.47426833687166,7672.475317224359,0.016066810543903392,-0.0040015678132798126,-0.004745512575598088,0.5,34.99893884648858,27.999660430876347,207.22060635977826,99.9969681328245,3.3796296239284637e-09,4.069436178396589e-06,0.02930000000000023
4.9,1.011342823430979,-0.02804875750230227,9.994319308597024,0.030783618070353954,11.83997512413557,399.47074727509636,7672.474572978871,0.006789960715971441,-0.0005339016411301668,0.005625512496158645,0.5,34.99893522480619,27.99965927193798,207.20785209310483,99.99695778516055,3.3912036979633882e-09,4.083325010717307e-06,0.02940000000000023
4.916666666666667,1.007167095068252,-0.0277294297015072,9.995860256869564,0.02893806540824159,11.918438429232529,399.46721521040797,7672.473827526547,-0.004174978298001905,0.0003464203841762979,0.0015350844216008325,0.5,34.99893160312381,27.99965811299962,207.19525426920472,99.9969474374966,3.4027777719981787e-09,4.097213842845122e-06,0.02950000000000023
4.933333333333334,0.993758400145962,-0.029193481858456514,10.001831702742498,0.02990930053654011,11.992151166571047,399.4636721527055,7672.473080880476,-0.01340572869103829,-0.0013595646692038336,0.005996097917054182,0.5,34.99892798144143,27.99965695406126,207.18281091373981,99.99693708983266,3.4143518460328352e-09,4.111102674780038e-06,0.02960000000000023
4.95,0.9996824617810246,-0.019443121728218625,10.003489742961692,0.019756359537455942,11.996867548127433,399.46011811192056,7672.472333053788,0.005924765369686752,0.009777726762725297,0.0014881799745640515,0.5,34.99892435975905,27.999655795122898,207.17052007863813,99.99692674216872,3.4259259200673577e-09,4.124991506522054e-06,0.029700000000000233
4.966666666666667,0.9981458010895602,-0.014799586231380023,10.00349860325351,0.015320063789815628,12.038518852232038,399.45655309801083,7672.471584059643,-0.0015366580438890753,0.004642984267413602,-7.209393314517222e-05,0.5,34.998920738076684,27.999654636184538,207.158379841712,99.99691639450481,3.4374999941017462e-09,4.138880338071169e-06,0.029800000000000233
4.983333333333333,1.0003440207227636,-0.01620537663178989,10.005653732295098,0.01716676496085146,12.038343960055906,399.45297712096476,7672.470833911242,0.0021988027453152953,-0.0013679928263393491,0.0021793171240721337,0.5,34.99891711639431,27.999653477246177,207.14638830628223,99.99690604684089,3.4490740681360007e-09,4.152769169427384e-06,0.02990000000000023
5.0,0.9950238282809113,-0.02209257088349816,9.999126482182964,0.022662936176189984,12.071912227442017,399.4493901908016,7672.470082621822,-0.005322373935138785,-0.005999954167581764,-0.006423752473749644,0.5,34.99891349471195,27.999652318307824,207.1345436008088,99.996895699177,3.460648142170121e-09,4.166658000590698e-06,0.03000000000000022
5.016666666666667,0.992008353243086,-0.016753794554100258,9.999875095098249,0.01856264909412526,12.162526223496315,399.4457923175702,7672.4693302046535,-0.003015221259878324,0.005350954115328963,0.0006559299094494774,0.5,34.99890987302959,27.999651159369467,207.1228438785274,99.99688535151311,3.4722222162041077e-09,4.180546831561112e-06,0.030100000000000217
5.033333333333333,0.9887931304661371,-0.02660233411095276,10.003414938142488,0.02906754428570112,12.13798807285864,399.44218351134566,7672.468576673046,-0.003213883465465644,-0.009785882458836421,0.0037095449253392947,0.5,34.998906251347236,27.999650000431117,207.11128731709204,99.99687500384924,3.48379629023796e-09,4.194435662338625e-06,0.03020000000000021
5.05,1.0021345845552534,-0.02902888979392763,10.003639385092912,0.029333972661032118,12.139260815977565,399.43856378223654,7672.467822040344,0.013341563112556317,-0.0024222900967494436,0.00026657020413403513,0.5,34.998902629664876,27.99964884149276,207.0998721182237,99.99686465618537,3.495370364271679e-09,4.208324492923238e-06,0.030300000000000205
5.066666666666666,0.9970066468436324,-0.023615664205580603,10.01138432482292,0.026386522287153064,12.296474784507087,399.4349331403766,7672.467066319929,-0.0051243796092912425,0.005547511634335712,0.007649327110095908,0.5,34.99889900798253,27.999647682554407,207.08859650736426,99.9968543085215,3.5069444383052643e-09,4.222213323314951e-06,0.030400000000000198
5.083333333333333,1.0105796410606926,-0.015763593147907047,10.013834402058444,0.023491500915387625,12.264499677565029,399.4312915959321,7672.466309525216,0.01357383624675397,0.007893788045996842,0.002312143832700532,0.5,34.998895386300184,27.999646523616057,207.07745873333653,99.99684396085766,3.5185185123387156e-09,4.236102153513762e-06,0.030500000000000194
5.1,1.0032392308790203,-0.020085326287209233,10.008170292745657,0.02192432232004056,12.316150597165212,399.42763915909643,7672.465551669657,-0.007342182156401386,-0.0044206010794133905,-0.005587288690896239,0.5,34.99889176461784,27.999645364677708,207.0664570680095,99.99683361319383,3.530092586372033e-09,4.249990983519674e-06,0.03060000000000019
5.116666666666666,0.9992363389210398,-0.019841097879238483,10.002659143544744,0.02003303982978822,12.361947607480955,399.4239758400936,7672.464792766742,-0.004004812175011114,0.00014788926720761924,-0.005514575068988727,0.5,34.9988881429355,27.999644205739358,207.05558980596928,99.99682326553,3.541666660405216e-09,4.263879813332686e-06,0.030700000000000182
5.133333333333334,1.0016616744180316,-0.026369822332266875,10.002141480442374,0.02650879598971967,12.352411473338387,399.42030164917463,7672.464032829995,0.002425126741247567,-0.006536767734339086,-0.0004035910395122734,0.5,34.99888452125316,27.999643046801012,207.044855264195,99.99681291786618,3.5532407344382655e-09,4.277768642952796e-06,0.030800000000000178
5.15,0.9939966074169111,-0.03333577935377464,10.001478911342893,0.03390423160880673,12.427535907011618,399.4166165966233,7672.463271872974,-0.007665412230695563,-0.006976439021572625,-0.0005411597143691493,0.5,34.99888089957083,27.999641887862666,207.03425178174032,99.99680257020238,3.5648148084711807e-09,4.291657472380007e-06,0.03090000000000017
5.166666666666667,1.0042252736875135,-0.030871988472587562,10.000182101900288,0.031160330309132907,12.437932576862563,399.4129206927484,7672.462509909274,0.01022793967150858,0.0024408039885533686,-0.0013395729404136476,0.5,34.9988772778885,27.99964072892432,207.0237777194197,99.99679222253857,3.576388882503962e-09,4.305546301614317e-06,0.031000000000000166
5.183333333333334,0.9976437529700849,-0.029106504505559527,10.000470198894533,0.02920549652301905,12.540308977909223,399.40921394789035,7672.4617469525265,-0.006581369931509956,0.0017702472589301592,0.00025721225963599043,0.5,34.99887365620617,27.999639569985977,207.01343145950005,99.99678187487478,3.5879629565366093e-09,4.319435130655726e-06,0.03110000000000016
5.2,0.9963210675710994,-0.02075841425231893,10.001927584087284,0.021169773670260402,12.589761529928753,399.40549637241753,7672.460983016396,-0.001322051212785313,0.00837218460778592,0.0013119097662935616,0.5,34.998870034523854,27.999638411047634,207.00321140539694,99.99677152721101,3.5995370305691226e-09,4.333323959504235e-06,0.031200000000000155
5.216666666666667,0.9985581839351614,-0.020736829040550665,9.9941009511557,0.02160779397742915,12.562247485337942,399.40176797672734,7672.4602181145865,0.0022342822286217446,-0.00011466193390381465,-0.007825822243668856,0.5,34.99886641284153,27.999637252109288,206.993115981376,99.99676117954724,3.611111104601502e-09,4.347212788159844e-06,0.03130000000000015
5.233333333333333,1.0066038609366141,-0.01121001993213556,9.993288330366006,0.01463944538098231,12.632130497955993,399.3980287712449,7672.459452260832,0.008045450465058866,0.00951113188652454,-0.0009791911944484716,0.5,34.99886279115922,27.999636093170952,206.98314363225884,99.99675083188347,3.622685178633747e-09,4.361101616622553e-06,0.03140000000000014
5.25,0.9950699568827027,-0.021803675366381378,9.992505322943687,0.02357731592347049,12.654667941599604,399.3942787664281,7672.458685468904,-0.011534129676391842,-0.010605716150173994,-0.0005978484438875003,0.5,34.9988591694769,27.99963493423261,206.97329282313362,99.99674048421973,3.6342592526658583e-09,4.37499044489236e-06,0.03150000000000014
5.266666666666667,0.9974858083152326,-0.01737900842070872,9.99736623153827,0.017756402536359746,12.715867933366418,399.39051797275897,7672.457917752611,0.002417513539962782,0.004508516873201783,0.0047832397900093295,0.5,34.99885554779459,27.99963377529427,206.96356203907035,99.99673013655598,3.6458333266978356e-09,4.388879272969268e-06,0.03160000000000013
5.283333333333333,1.0050108665126574,-0.013540781416477026,9.996767607392249,0.014795474791604065,12.723424341886247,399.38674640075027,7672.457149125792,0.0075248966838433705,0.0038271805008555193,-0.0006656026355823005,0.5,34.99885192611229,27.99963261635593,206.9539497848407,99.99671978889224,3.657407400729679e-09,4.402768100853276e-06,0.031700000000000124
5.3,0.9993851535559891,-0.016120827419627295,9.992018801540834,0.017998889520374522,12.776588035281272,399.38296406094264,7672.456379602326,-0.005626942172324126,-0.002662711559418748,-0.004702952279485969,0.5,34.998848304429984,27.999631457417596,206.94445458464196,99.99670944122853,3.668981474761388e-09,4.416656928544382e-06,0.03180000000000012
5.316666666666666,0.9981071565556447,-0.008296469520401502,9.990326680628668,0.012883711377751303,12.850174231346962,399.3791709639076,7672.455609196122,-0.0012783575594032264,0.007793674653666551,-0.0018282464799336143,0.5,34.99884468274768,27.99963029847926,206.93507498182555,99.99669909356481,3.6805555487929634e-09,4.4305457560425885e-06,0.031900000000000116
5.333333333333333,1.0098376089111476,-0.006513370285355187,9.990820481504448,0.014948439058499154,12.81469569709605,399.3753671202436,7672.454837921127,0.011730516215418771,0.0017914777521632595,0.0004624820891941918,0.5,34.998841061065384,27.99962913954092,206.92580953862975,99.99668874590111,3.6921296228244046e-09,4.444434583347895e-06,0.032000000000000105
5.35,1.0134838393802759,-0.00913875727678864,9.992255477136974,0.01803584727159783,12.865144858578986,399.37155254057797,7672.454065791321,0.00364642647724468,-0.002599641625364227,0.0014811254890072087,0.5,34.99883743938309,27.999627980602586,206.9166568359166,99.9966783982374,3.703703696855712e-09,4.458323410460301e-06,0.0321000000000001
5.366666666666666,1.0102806214893163,-0.007897853090593727,9.993792118358181,0.01437345651305241,12.947396930326105,399.367727235565,7672.45329282072,-0.0032029894355458635,0.0012678473856722265,0.0015144875041392055,0.5,34.998833817700806,27.999626821664258,206.90761547291282,99.99666805057372,3.7152777708868855e-09,4.472212237379806e-06,0.0322000000000001
5.383333333333334,1.0045035483301696,-0.019352130668836738,9.997064302993985,0.020084838928446053,12.940425568796577,399.36389121588974,7672.452519023373,-0.005776295035365417,-0.011394977607644957,0.003473061069623257,0.5,34.99883019601852,27.999625662725926,206.89868406695487,99.99665770291004,3.7268518449179255e-09,4.486101064106411e-06,0.03230000000000009
5.4,1.0102335430897273,-0.023951192669125262,10.000981102727838,0.02606437774550125,12.967034867782615,399.3600444922661,7672.4517444133635,0.005731474894662581,-0.004529489968204043,0.003997050165491054,0.5,34.99882657433623,27.99962450378759,206.88986125323783,99.99664735524637,3.738425918948831e-09,4.499989890640116e-06,0.03240000000000009
5.416666666666667,1.0036758246490871,-0.01925623183138469,10.006060042579586,0.020519399466152572,13.096398328359578,399.35618707543426,7672.450969004811,-0.00655580340355076,0.00478349191683401,0.004995647000948643,0.5,34.998822952653946,27.99962334484926,206.88114568456825,99.9966370075827,3.749999992979603e-09,4.51387871698092e-06,0.03250000000000008
5.433333333333334,1.0043367190991193,-0.007105751902963346,10.009188144736127,0.01239862012598869,13.138576222916273,399.3523189761629,7672.450192811866,0.0006616140752771451,0.012203426140840856,0.002914717263577182,0.5,34.99881933097167,27.999622185910937,206.8725360311209,99.99662665991906,3.7615740670102405e-09,4.527767543128823e-06,0.03260000000000007
5.45,1.0006941840054535,-0.011904305244417778,10.012089369772937,0.01698084140998145,13.11528228628633,399.3484402052499,7672.449415848718,-0.003642053798939348,-0.0047470581117659795,0.0029847378467652004,0.5,34.9988157092894,27.999621026972612,206.864030980199,99.99661631225543,3.773148141040744e-09,4.541656369083827e-06,0.03270000000000007
5.466666666666667,1.0018853643985,-0.009287510248944265,10.007461410267789,0.012061814336754295,13.158016684249544,399.34455077352186,7672.448638129585,0.001190324528448775,0.0025355222246408664,-0.004672981017015839,0.5,34.99881208760713,27.99961986803428,206.85562923599844,99.9966059645918,3.784722215071114e-09,4.55554519484593e-06,0.032800000000000065
5.483333333333333,1.0043301808373943,-0.007002192020119121,9.996974551628544,0.008771139748436897,13.181678948280664,399.34065069183333,7672.447859668723,0.002443325685439762,0.0021013783505571433,-0.010525259666318782,0.5,34.99880846592486,27.999618709095955,206.84732951937536,99.99659561692816,3.796296289101349e-09,4.5694340204151325e-06,0.032900000000000054
5.5,1.0118301133455057,-0.008217076972459386,9.993390505195816,0.015847590875863814,13.1950155172257,399.33673997106683,7672.44708048042,0.00749945651022696,-0.0012777525177284266,-0.0035621177166810765,0.5,34.99880484424259,27.99961755015763,206.83913056761745,99.99658526926454,3.807870363131451e-09,4.583322845791435e-06,0.03300000000000005
5.516666666666667,1.0136011795839508,-0.009852956885413515,9.995634066178665,0.017352925160120287,13.26188882668088,399.3328186221318,7672.446300578999,0.0017714200274964317,-0.0015959710103229914,0.0022721235413001883,0.5,34.998801222560324,27.999616391219305,206.83103113421856,99.99657492160094,3.819444437161419e-09,4.5972116709748375e-06,0.033100000000000046
5.533333333333333,1.008539681702026,-0.009862774662660808,9.992937750895734,0.014834603561486371,13.326286603877996,399.32888665596863,7672.445519978816,-0.005061961792232561,-5.7394327805666095e-05,-0.0026957222012894957,0.5,34.99879760087807,27.999615232280984,206.82302998865697,99.99656457393733,3.831018511191253e-09,4.611100495965339e-06,0.03320000000000004
5.55,1.0077308123347666,-0.0163236289932938,9.997862444395103,0.01818765374849851,13.330410414605081,399.32494408354165,7672.44473869426,-0.0008077439788751004,-0.00637320735824696,0.005037605745325616,0.5,34.99879397919581,27.99961407334266,206.81512591617684,99.99655422627374,3.8425925852209535e-09,4.62498932076294e-06,0.03330000000000003
5.566666666666666,1.003285496692036,-0.014376166099777953,9.993678243888596,0.016044563788675827,13.407761398530027,399.3209909158479,7672.443956739756,-0.004446436618424442,0.0018737364570585331,-0.004217731153901114,0.5,34.998790357513556,27.999612914404338,206.80731771757303,99.99654387861017,3.85416665925052e-09,4.6388781453676415e-06,0.03340000000000003
5.583333333333333,0.9947657334123425,-0.024508277292058123,9.993915541759156,0.025789289416075858,13.412566143497115,399.3170271639079,7672.443174129758,-0.0085196827729206,-0.010126433699064174,0.00041391922805658897,0.5,34.99878673583131,27.999611755466017,206.79960420897913,99.99653353094659,3.865740733279952e-09,4.652766969779443e-06,0.03350000000000002
5.6,0.9978278707584197,-0.025964048714933154,9.993193709361648,0.02692920827149658,13.445905247219041,399.3130528387753,7672.442390878757,0.0030618194127519996,-0.0014681024055635367,-0.0006964105640027092,0.5,34.998783114149056,27.9996105965277,206.79198422165877,99.99652318328303,3.877314807309251e-09,4.6666557939983424e-06,0.03360000000000002
5.616666666666666,0.9992471415628911,-0.017853001267656824,9.997567542967799,0.018033687009670715,13.542423151174553,399.3090679515265,7672.441607001277,0.0014209432530496893,0.008186038010151516,0.004231818799611845,0.5,34.99877949246682,27.99960943758938,206.78445660179997,99.99651283561947,3.888888881338415e-09,4.680544618024342e-06,0.03370000000000001
5.633333333333334,0.9972679044235797,-0.02028027512553766,10.002709645847945,0.02064203138348281,13.546121037433034,399.3050725132683,7672.440822511874,-0.001977525973095466,-0.002337319753337751,0.005183610123503558,0.5,34.99877587078457,27.99960827865106,206.77702021031268,99.99650248795592,3.900462955367446e-09,4.694433441857442e-06,0.033800000000000004
5.65,0.9960839019435112,-0.031024870531328,10.002971495893197,0.03141181137782836,13.536002280029038,399.3010665351348,7672.440037425138,-0.0011838852441253685,-0.010738415121351123,0.0004487061819315173,0.5,34.99877224910233,27.999607119712746,206.76967392262927,99.99649214029237,3.912037029396342e-09,4.708322265497642e-06,0.0339
5.666666666666667,0.9942146668854345,-0.03294724442790806,10.001243974450944,0.03347438309259004,13.614994668536381,399.2970500282869,7672.439251755692,-0.0018701994677989067,-0.0019520871138731647,-0.0016938732848740127,0.5,34.9987686274201,27.99960596077443,206.76241662850796,99.99648179262884,3.9236111034251045e-09,4.7222110889449405e-06,0.033999999999999996
5.683333333333334,1.0024541496086123,-0.02974971340920732,9.99929817915721,0.029859001194947922,13.63927529502737,399.2930230039153,7672.43846551819,0.008238418126326433,0.0031631433996693126,-0.0020012113136309594,0.5,34.99876500573786,27.999604801836114,206.75524723183932,99.99647144496532,3.935185177453733e-09,4.736099912199339e-06,0.034099999999999984
5.7,1.0033807799951966,-0.023981493044837415,10.000369247618583,0.024221448063505565,13.721480688160877,399.2889854732379,7672.437678727322,0.000927132603338961,0.005786083957905292,0.0009699412673746853,0.5,34.99876138405563,27.999603642897803,206.7481646504555,99.9964610973018,3.946759251482227e-09,4.749988735260838e-06,0.03419999999999998
5.716666666666667,1.0077079203701704,-0.022920817712213926,9.999760892430555,0.024183307294506223,13.723120329239977,399.2849374474976,7672.436891397809,0.004326891377334725,0.0010498358702592163,-0.0006268754116986949,0.5,34.9987577623734,27.999602483959485,206.74116781594233,99.9964507496383,3.958333325510588e-09,4.763877558129436e-06,0.034299999999999976
5.733333333333333,1.0053490705455546,-0.013924299780361487,9.99885095456283,0.014960530881432302,13.823137731556562,399.28087893796805,7672.4361035444035,-0.0023591424011861284,0.008979145519625548,-0.0010678332479486599,0.5,34.998754140691176,27.999601325021175,206.7342556734544,99.9964404019748,3.969907399538814e-09,4.7777663808051334e-06,0.03439999999999997
5.75,1.0127556347803723,-0.01517623224166223,10.001343959785585,0.019870455600356544,13.782725347837523,399.276809955949,7672.435315181894,0.007407197343925878,-0.0012078355641127836,0.0025146655469312374,0.5,34.99875051900896,27.999600166082864,206.72742718153256,99.9964300543113,3.9814814735669065e-09,4.791655203287931e-06,0.03449999999999997
5.766666666666667,1.0108369007613234,-0.017349267362206516,9.99981297129098,0.020456535748728525,13.84594412059458,399.2727305127671,7672.434526325098,-0.0019191685727455354,-0.0021997308926088406,-0.0014923777072907549,0.5,34.99874689732674,27.999599007144557,206.7206813119242,99.99641970664783,3.993055547594865e-09,4.805544025577828e-06,0.03459999999999996
5.783333333333333,1.0022762562153165,-0.011983034344691133,10.000987399585581,0.012237233311965223,13.948286253522332,399.268640619779,7672.433736988867,-0.008560343940445223,0.005386035953962958,0.0010799793716933246,0.5,34.99874327564452,27.999597848206246,206.71401704940638,99.99640935898434,4.004629621622689e-09,4.8194328476748254e-06,0.03469999999999995
5.8,1.0019043090241841,-0.014883769966267547,10.002191966117026,0.015164392482115768,13.918044884738107,399.2645402883645,7672.432947188085,-0.0003716647719635955,-0.0028792254545018797,0.0012551128961498005,0.5,34.99873965396231,27.99959668926794,206.70743339161126,99.99639901132088,4.01620369565038e-09,4.833321669578921e-06,0.03479999999999995
5.816666666666666,1.0016401235594232,-0.012447968529113371,10.002789922853694,0.01286182668071755,13.980324449212537,399.2604295299342,7672.432156937667,-0.0002640428434624015,0.0024458834133986016,0.0005552793980288646,0.5,34.9987360322801,27.999595530329632,206.70092934885432,99.99638866365743,4.027777769677936e-09,4.847210491290117e-06,0.034899999999999945
5.833333333333333,1.0033918996194524,-0.019279069272850443,10.000759241279413,0.019589915946817013,13.964554395344795,399.2563083559256,7672.431366252563,0.0017512138240733564,-0.006865584539031919,-0.0019108515867078293,0.5,34.99873241059789,27.999594371391325,206.694503943965,99.99637831599397,4.0393518437053585e-09,4.861099312808413e-06,0.034999999999999934
5.85,1.0002258442111789,-0.013627064305990096,9.996606163825374,0.014045135349916775,14.076790485040219,399.2521767778015,7672.430575147752,-0.003167248007565945,0.005578528740180004,-0.004251261966027288,0.5,34.99872878891568,27.999593212453014,206.68815621211974,99.99636796833052,4.050925917732648e-09,4.8749881341338095e-06,0.03509999999999993
5.866666666666666,1.0041193478252841,-0.01066196060960693,9.988168538485873,0.016450557599106116,14.07092516197739,399.24803480705435,7672.429783638245,0.0038917151619598566,0.002817073373763929,-0.008488195103175604,0.5,34.998725167233474,27.99959205351471,206.68188520067758,99.99635762066707,4.062499991759803e-09,4.888876955266304e-06,0.035199999999999926
5.883333333333334,1.0021646714513321,-0.019647164906244616,9.994928115434336,0.020406301548206354,14.096991677073003,399.2438824552009,7672.428991739088,-0.0019528884862168117,-0.008865485704842902,0.0069158468425590735,0.5,34.99872154555128,27.99959089457641,206.6756899690181,99.99634727300365,4.074074065786824e-09,4.902765776205899e-06,0.03529999999999992
5.9,1.0085337497419165,-0.021537752029316074,9.999657138533902,0.023169292082141482,14.135158885488691,399.2397197337886,7672.428199465356,0.00637077793734087,-0.0018073218235360356,0.004761466601355866,0.5,34.99871792386908,27.999589735638107,206.66956958838168,99.99633692534022,4.085648139813711e-09,4.9166545969525935e-06,0.03539999999999991
5.916666666666667,1.001580378591103,-0.018435623214872642,9.998032985422894,0.018607470051157954,14.237377067487305,399.2355466543883,7672.427406832156,-0.00695393771836141,0.0030731628528119195,-0.001678316513844019,0.5,34.99871430218689,27.999588576699807,206.66352314171212,99.99632657767683,4.0972222138404645e-09,4.930543417506388e-06,0.03549999999999991
5.933333333333334,0.994524661173621,-0.02060112703679342,9.995440326798045,0.02179874679593287,14.25050343493148,399.23136322860046,7672.426613854625,-0.007056600641240395,-0.0022103353115416947,-0.0025545454835101808,0.5,34.99871068050469,27.9995874177615,206.6575497235015,99.9963162300134,4.108796287867084e-09,4.9444322378672825e-06,0.0355999999999999
5.95,0.992281423020816,-0.01777407705715998,10.00227839168389,0.01951101880841318,14.308259251799955,399.2271694680517,7672.425820547938,-0.0022409481752483588,0.0029451785442554394,0.00678802336711436,0.5,34.998707058822504,27.9995862588232,206.65164843963726,99.99630588235001,4.120370361893569e-09,4.958321058035276e-06,0.0356999999999999
5.966666666666667,0.9997573442244369,-0.022797234535972197,10.006470066013163,0.0236988166927297,14.27069293845653,399.22296538439485,7672.425026927293,0.007477405282723837,-0.004949534892063067,0.00427835799734178,0.5,34.998703437140314,27.9995850998849,206.64581840725157,99.99629553468662,4.13194443591992e-09,4.9722098780103694e-06,0.03579999999999989
5.983333333333333,0.9935427512638773,-0.02418510593466569,10.007267043453314,0.026065408458481026,14.372056146951733,399.2187509893095,7672.424233007927,-0.0062142662072928,-0.0013737988523789828,0.0008209973652119201,0.5,34.99869981545813,27.999583940946604,206.64005875457278,99.99628518702323,4.143518509946137e-09,4.986098697792563e-06,0.03589999999999988
6.0,0.9994353607964404,-0.024008498273153593,10.005255434746479,0.024583432518436494,14.369825218955457,399.21452629450613,7672.423438805101,0.005891763518451327,0.0001415967900917551,-0.002014375709848188,0.5,34.99869619377595,27.999582782008304,206.63436862077901,99.99627483935986,4.1550925839722204e-09,4.999987517381857e-06,0.03599999999999988
6.016666666666667,1.0045571380109752,-0.025007135412507518,10.001498010030412,0.02546313684980574,14.403544160133391,399.2102913117139,7672.422644334112,0.00512017000926538,-0.0010641914255716312,-0.0037393864070258804,0.5,34.998692572093766,27.999581623070007,206.62874715585386,99.99626449169648,4.16666665799817e-09,5.013876336778249e-06,0.036099999999999875
6.033333333333333,1.0087148436415243,-0.019534411821347186,9.991453078414482,0.023034022959850596,14.46793553377687,399.2060460526971,7672.421849610288,0.004153801184342843,0.0052954075365634025,-0.010139526587340571,0.5,34.99868895041159,27.99958046413171,206.62319352044418,99.99625414403313,4.178240732023985e-09,5.027765155981741e-06,0.036199999999999864
6.05,1.0014623838556742,-0.02576742428627174,9.994203915611715,0.026451644487617904,14.51103582905592,399.2017905292418,7672.421054648984,-0.007251372298562644,-0.006183800481704417,0.0028597483073140935,0.5,34.998685328729415,27.999579305193414,206.61770688571985,99.99624379636977,4.189814806049666e-09,5.0416539749923335e-06,0.03629999999999986
6.066666666666666,1.0063401380178207,-0.019377744958893654,9.999668125873148,0.020391267054204472,14.568746689947515,399.1975247531617,7672.420259465591,0.004879906877681488,0.006484434164393853,0.005351420836775608,0.5,34.99868170704725,27.999578146255118,206.6122864332356,99.99623344870643,4.201388880075213e-09,5.055542793810026e-06,0.036399999999999856
6.083333333333333,1.006942260881966,-0.018607915735530726,10.002716885396566,0.02004587479161398,14.593279240105414,399.19324873629773,7672.419464075527,0.0006031334895721475,0.0008232719295592387,0.0030347642377116573,0.5,34.99867808536508,27.999576987316825,206.60693135479474,99.99622310104309,4.212962954100626e-09,5.069431612434818e-06,0.03649999999999985
6.1,1.0109968188793086,-0.010665943277339997,10.005690517626677,0.01634276628592628,14.653360457677136,399.1889624905158,7672.418668494243,0.004055317650887001,0.007993103560512046,0.0028333214429321005,0.5,34.99867446368292,27.999575828378536,206.60164085231477,99.99621275337975,4.2245370281259055e-09,5.0833204308667086e-06,0.03659999999999985
6.116666666666666,1.0084845100146576,-0.0019987365293194777,10.009970412176914,0.013243637296128014,14.721384803458854,399.18466602771076,7672.41787273722,-0.0025118358503337535,0.008741282825713844,0.004126493058812859,0.5,34.99867084200075,27.99957466944024,206.59641413769512,99.99620240571643,4.236111102151051e-09,5.0972092491057e-06,0.03669999999999984
6.133333333333334,1.0023884148918534,-0.004105917141509996,10.012414442219074,0.013292237363346886,14.719920107801004,399.1803593598036,7672.417076819967,-0.00609596492736801,-0.00206397011280766,0.0024806290271138795,0.5,34.99866722031859,27.99957351050195,206.5912504326865,99.99619205805311,4.247685176176062e-09,5.111098067151791e-06,0.03679999999999983
6.15,0.9919358294240478,-0.02123645193508147,10.016083086182181,0.027832271176668925,14.705721648697917,399.1760424987385,7672.416280758029,-0.010451774161901484,-0.017064095732531738,0.003966209052715419,0.5,34.998663598636426,27.999572351563657,206.58614896876222,99.99618171038979,4.25925925020094e-09,5.124986885004982e-06,0.03689999999999983
6.166666666666667,0.9947781034498924,-0.017969093865254457,10.017575658875408,0.02567160945310829,14.78925954407176,399.1717154564895,7672.415484566975,0.002842784684686536,0.003292742983634802,0.00143570379945761,0.5,34.99865997695427,27.999571192625368,206.58110898699124,99.9961713627265,4.270833324225684e-09,5.138875702665272e-06,0.036999999999999825
6.183333333333334,0.9982942462324315,-0.020323477988752642,10.013396493132234,0.024401050586805445,14.791405836107627,399.16737824505475,7672.414688262406,0.0035147462496994243,-0.0024267119019931714,-0.004137586053530622,0.5,34.99865635527212,27.99957003368708,206.57612973791325,99.9961610150632,4.282407398250294e-09,5.1527645201326615e-06,0.037099999999999814
6.2,1.0046225372481858,-0.00957462033516841,10.001546905498312,0.010744082827283627,14.872298563053754,399.1630308764614,7672.413891859959,0.006325199344763491,0.010540110435250355,-0.012035644315917556,0.5,34.99865273358997,27.99956887474879,206.57121048141514,99.9961506673999,4.29398147227477e-09,5.166653337407151e-06,0.03719999999999981
6.216666666666667,0.9965829149794567,-0.013995291941409728,9.991053746789062,0.01695840715398926,14.893197079737785,399.1586733627589,7672.413095375292,-0.008041780580775216,-0.004603238752146146,-0.010414360610113405,0.5,34.99864911190782,27.9995677158105,206.56635048660942,99.99614031973663,4.305555546299112e-09,5.180542154488741e-06,0.037299999999999806
6.233333333333333,1.0004066397716482,-0.01766105802381481,9.988791276221523,0.020921577438644746,14.903518900677968,399.15430571602656,7672.4122988241,0.003823099777598137,-0.003704635577140628,-0.0021982467846521627,0.5,34.99864549022567,27.999566556872214,206.5615490317144,99.99612997207335,4.31712962032332e-09,5.1944309713774315e-06,0.0373999999999998
6.25,1.006444965547174,-0.01622779193378062,9.984297749018248,0.023482138505644394,14.955727694234822,399.1499279483678,7672.411502222102,0.006036996883342817,0.0013543548069108308,-0.0045179375591372995,0.5,34.99864186854353,27.99956539793393,206.55680540393587,99.99611962441008,4.3287036943473936e-09,5.20831978807322e-06,0.03749999999999979
6.266666666666667,1.006453544278669,-0.021719597046299603,9.984252539652232,0.027592265219942232,14.989599034327936,399.14554007191117,7672.410705585053,8.563760258426447e-06,-0.005491751965218597,5.1260892936379243e-05,0.5,34.99863824686138,27.999564238995642,206.55211889935046,99.99610927674681,4.3402777683713335e-09,5.222208604576109e-06,0.037599999999999786
6.283333333333333,1.006393174206048,-0.018346108293991303,9.98861727899737,0.022516558213243134,15.07691720542792,399.1411420988133,7672.409908928733,-5.884398851399032e-05,0.0034496327839223712,0.004304812107582728,0.5,34.99863462517925,27.99956308005736,206.54748882279083,99.99609892908356,4.3518518423951395e-09,5.236097420886097e-06,0.03769999999999978
6.3,1.0003976315911116,-0.01653259015810873,9.990165951541208,0.019240374763480485,15.126092064760934,399.13673404125683,7672.409112268952,-0.005995071244657994,0.0018403598753664826,0.001516677289729982,0.5,34.99863100349711,27.999561921119074,206.54291448773205,99.99608858142032,4.363425916418811e-09,5.249986237003186e-06,0.03779999999999978
6.316666666666666,1.0004705946782961,-0.0249779330340419,9.992309191975586,0.026139348624075,15.095223719314474,399.1323159114467,7672.408315621554,7.373947098472525e-05,-0.00840663457058541,0.0022903691252298235,0.5,34.99862738181498,27.999560762180792,206.53839521618008,99.99607823375707,4.374999990442349e-09,5.263875052927375e-06,0.03789999999999977
6.333333333333333,0.9955015713508373,-0.03535929513167286,9.989649812944638,0.03711698684566993,15.13680693601038,399.1278877216205,7672.407519002407,-0.0049704236043307485,-0.010426106461975804,-0.002478160362340661,0.5,34.998623760132844,27.99955960324251,206.53393033856133,99.99606788609384,4.386574064465753e-09,5.2777638686586625e-06,0.03799999999999976
6.35,1.002856658635771,-0.02447952417143492,9.9906441248147,0.026361498077644867,15.237607829105574,399.12344948403535,7672.4067224274095,0.007355606516926333,0.010895455581964916,0.0008044382177180333,0.5,34.99862013845072,27.99955844430423,206.52951919361402,99.99605753843062,4.398148138489023e-09,5.29165268419705e-06,0.03809999999999976
6.366666666666666,1.0037485146010103,-0.02119150119702086,9.993100595318754,0.022599187958739168,15.265546356297873,399.11900121097636,7672.4059259124915,0.0008928350035455177,0.0033305317705153853,0.0023985202935138403,0.5,34.99861651676859,27.99955728536595,206.52516112828093,99.9960471907674,4.409722212512159e-09,5.3055414995425375e-06,0.038199999999999755
6.383333333333334,0.9996373077775677,-0.02272285083234685,10.000197015995376,0.0227265984656117,15.305898462700254,399.11454291475565,7672.405129473609,-0.0041084872993393555,-0.0014070563600061552,0.007122106664105448,0.5,34.99861289508647,27.999556126427667,206.52085549760363,99.99603684310418,4.421296286535161e-09,5.319430314695125e-06,0.038299999999999744
6.4,0.9983063126642632,-0.020709346312891105,10.007819186218548,0.02220091168920804,15.352529521666971,399.1100746077085,7672.40433312675,-0.0013281061781295332,0.0021460869256420406,0.007585906809408539,0.5,34.99860927340434,27.999554967489388,206.5166016646183,99.99602649544099,4.432870360558029e-09,5.333319129654813e-06,0.03839999999999974
6.416666666666667,0.994275473154162,-0.017707447099204875,10.010753380671959,0.021492790834386374,15.399626654295057,399.10559630219734,7672.4035368879295,-0.00402985582377497,0.0030524642294852042,0.0028815546455344264,0.5,34.99860565172222,27.999553808551113,206.5123990002527,99.99601614777778,4.444444434580763e-09,5.3472079444216e-06,0.038499999999999736
6.433333333333334,0.9979447687870096,-0.02087495293220258,10.011122438729604,0.023742113331003616,15.378206019500102,399.1011080106106,7672.402740773191,0.003669419894086192,-0.0031606112558435363,0.00042406785026073793,0.5,34.998602030040104,27.999552649612834,206.50824688322496,99.99600580011459,4.456018508603363e-09,5.361096758995486e-06,0.03859999999999973
6.45,1.0019944710231496,-0.019345697051269834,10.010966363595749,0.02232716777961048,15.437687018461748,399.09660974535996,7672.401944798608,0.004049647456799536,0.0015262991792903895,-0.0001827397392590331,0.5,34.99859840835799,27.99955149067456,206.5041446999433,99.9959954524514,4.467592582625829e-09,5.3749855733764725e-06,0.03869999999999973
6.466666666666667,1.0070781424938782,-0.01866977020990487,10.007246928348884,0.02124135356715744,15.464342536296968,399.0921015188862,7672.4011489802815,0.005082437560608109,0.0006106154312577806,-0.003730713465462288,0.5,34.99859478667588,27.999550331736284,206.50009184440754,99.99598510478822,4.4791666566481615e-09,5.388874387564559e-06,0.03879999999999972
6.483333333333333,1.0104994152004723,-0.021652499430443308,9.999765424249498,0.024064964979838076,15.487023960519753,399.08758334365206,7672.400353334343,0.003418640129585136,-0.0031139845957735873,-0.007427830804330538,0.5,34.99859116499377,27.999549172798005,206.49608771811157,99.99597475712505,4.49074073067036e-09,5.402763201559746e-06,0.03889999999999971
6.5,1.0084643646232847,-0.0224129844548037,9.991629265689216,0.02537772278901751,15.55546344199081,399.08305523214864,7672.39955787695,-0.0020381792873939123,-0.0009037087752643905,-0.008121497060120228,0.5,34.99858754331166,27.99954801385973,206.49213172994754,99.99596440946188,4.502314804692425e-09,5.416652015362032e-06,0.03899999999999971
6.516666666666667,1.0119390913629571,-0.01966644619067922,9.98801672938535,0.025939557969135954,15.597528007925526,399.07851719688813,7672.39876262429,0.0034734001729780518,0.002682420802265759,-0.0036603972326499506,0.5,34.99858392162955,27.99954685492146,206.48822329611107,99.99595406179871,4.513888878714356e-09,5.430540828971417e-06,0.039099999999999704
6.533333333333333,1.008709826608226,-0.0241174494859795,9.990427314116735,0.027369940901613238,15.633967980894056,399.0739692504136,7672.397967592577,-0.0032283437035566607,-0.004407806508108178,0.002488692442116929,0.5,34.99858029994745,27.999545695983187,206.48436184000786,99.99594371413558,4.5254629527361525e-09,5.444429642387903e-06,0.03919999999999969
6.55,1.0077463467926546,-0.02540299387553753,9.995159651396571,0.026995005666864143,15.683214882384334,399.06941140528676,7672.397172798053,-0.0009614347484433485,-0.001202075200565886,0.004754224602144479,0.5,34.99857667826535,27.999544537044912,206.48054679216153,99.99593336647243,4.537037026757815e-09,5.458318455611488e-06,0.03929999999999969
6.566666666666666,1.007736315424927,-0.025817499665746896,9.995626486253126,0.027303960094930784,15.717497658400529,399.0648436741019,7672.396378256994,-9.822700429926597e-06,-0.0004062312217607812,0.00047405272316881203,0.5,34.99857305658325,27.999543378106637,206.4767775901228,99.99592301880928,4.548611100779344e-09,5.472207268642173e-06,0.039399999999999685
6.583333333333333,1.007780649588001,-0.01118447254731623,9.998439507928326,0.01371363187767819,15.831809047964951,399.0602660694728,7672.3955839856935,4.524249654825605e-05,0.014680238652649174,0.002555223733860336,0.5,34.99856943490115,27.999542219168365,206.47305367837973,99.99591267114614,4.560185174800739e-09,5.486096081479959e-06,0.03949999999999968
6.6,1.016416601624946,-0.020811098338414647,9.998196497365239,0.026567809211806976,15.719912955522403,399.0556786040394,7672.394790000483,0.008635884201336255,-0.009629416393466457,-7.293240255216643e-05,0.5,34.99856581321906,27.999541060230097,206.4693745082694,99.99590232348302,4.571759248821999e-09,5.4999848941248445e-06,0.03959999999999967
6.616666666666666,1.009051544497858,-0.026144851695360728,9.993754644039056,0.028363046335768506,15.831213988139186,399.0510812904686,7672.393996317715,-0.0073668772663903394,-0.005411428274519985,-0.00434688703138485,0.5,34.99856219153697,27.999539901291833,206.46573953789058,99.9958919758199,4.583333322843126e-09,5.5138737065768286e-06,0.039699999999999666
6.633333333333334,1.0069626431284229,-0.029349792624727096,9.996341509069303,0.030385197563552582,15.870850677831374,399.0464741414506,7672.393202953773,-0.0020876485972067178,-0.0031589364807618884,0.002642846156137952,0.5,34.99855856985488,27.99953874235356,206.46214823201768,99.9958816281568,4.594907396864119e-09,5.527762518835913e-06,0.03979999999999966
6.65,0.9985455774080162,-0.01817026678183692,10.006284956281569,0.019281382629542942,16.011258334029186,399.0418571697017,7672.392409925066,-0.008412942280041236,0.011351828781478364,0.009746276739612153,0.5,34.99855494817279,27.999537583415293,206.4586000620159,99.99587128049369,4.6064814708849775e-09,5.541651330902097e-06,0.03989999999999966
6.666666666666667,1.005306526920809,-0.019093370861812797,10.00773756306934,0.021274388282268953,15.927349383790801,399.0372303879615,7672.391617248032,0.006761421888870636,-0.0008975626402270502,0.0014685260354476012,0.5,34.998551326490706,27.999536424477025,206.4550945057574,99.99586093283058,4.618055544905702e-09,5.555540142775381e-06,0.03999999999999965
6.683333333333334,0.9952230886388859,-0.027240229600743,10.011157050792812,0.029821190886348024,15.994102785189352,399.03259380899556,7672.390824939136,-0.010082055682765177,-0.008085923234167363,0.0035611863243255183,0.5,34.99854770480862,27.99953526553876,206.45163104753863,99.99585058516749,4.629629618926293e-09,5.569428954455766e-06,0.04009999999999964
6.7,0.997975228913576,-0.023450020441605456,10.009842344839058,0.025512090260554166,16.03909432073336,399.0279474455928,7672.390033014869,0.0027515587073274673,0.003766769057258043,-0.0013804302835404949,0.5,34.99854408312654,27.999534106600493,206.4482091779989,99.99584023750441,4.64120369294675e-09,5.58331776594325e-06,0.04019999999999964
6.716666666666667,0.9935017259073728,-0.021067615540481047,10.007091541759431,0.02315912360134197,16.095233754748676,399.0232913105702,7672.389241491752,-0.0044745716670085605,0.0023342415746930452,-0.0027917890057674024,0.5,34.99854046144446,27.999532947662228,206.44482839403992,99.99582988984133,4.652777766967072e-09,5.597206577237834e-06,0.040299999999999635
6.733333333333333,1.0002599797418117,-0.026455427479571494,10.008418931507144,0.027763945123644485,16.062526546842662,399.01862541676593,7672.388450386329,0.006758804333070482,-0.005363902581399501,0.0014209257480589598,0.5,34.99853683976239,27.999531788723964,206.44148819874636,99.99581954217824,4.664351840987261e-09,5.611095388339517e-06,0.04039999999999963
6.75,1.0011750678017899,-0.022308202850285678,10.00589863603271,0.023104832928197514,16.163472402448946,399.0139497770434,7672.387659715173,0.0009140155660524435,0.004102575307843269,-0.0025923418224317878,0.5,34.99853321808031,27.9995306297857,206.43818810130765,99.99580919451518,4.675925915007316e-09,5.6249841992483e-06,0.04049999999999962
6.766666666666667,0.9980268295911824,-0.02707954586441921,10.008325667826167,0.028399017259536967,16.180314281646307,399.0092644042922,7672.386869494886,-0.003147192186423244,-0.004728276259583934,0.0025099004091332588,0.5,34.99852959639824,27.99952947084744,206.4349276169407,99.99579884685211,4.687499989027236e-09,5.638873009964184e-06,0.040599999999999616
6.783333333333333,0.9948433310582044,-0.027266774681865974,10.012646887872839,0.030495589292789393,16.24419426322967,399.0045693114251,7672.386079742094,-0.0031814491472336266,-0.00011205364815463727,0.00432382205160653,0.5,34.99852597471617,27.999528311909177,206.4317062668137,99.99578849918906,4.699074063047024e-09,5.652761820487167e-06,0.04069999999999961
6.8,1.007484253368242,-0.017965670434748327,10.014078380801038,0.02402109914793096,16.270148040620715,398.99986451138,7672.38529047345,0.012641487411000383,0.009324696488544377,0.0012687587508807797,0.5,34.998522353034105,27.999527152970913,206.42852357797082,99.99577815152601,4.710648137066677e-09,5.666650630817251e-06,0.04079999999999961
6.816666666666666,1.0121407161568632,-0.019504213925867094,10.020586854371999,0.03084987831513402,16.2914139680317,398.9951500171162,7672.384501705634,0.004658590973665354,-0.001423601552764947,0.006534577152400121,0.5,34.998518731352036,27.999525994032652,206.42537908325815,99.99576780386296,4.722222211086197e-09,5.680539440954434e-06,0.040899999999999596
6.833333333333333,1.0084120115510982,-0.024814129122709735,10.017569159758343,0.031547461343058116,16.32978745220784,398.9904258416239,7672.383713455353,-0.003729871701962825,-0.005362296959689083,-0.0029236022705846254,0.5,34.998515109669974,27.99952483509439,206.42227232125035,99.99575745619993,4.733796285105582e-09,5.694428250898716e-06,0.04099999999999959
6.85,1.0101110755641738,-0.026279817684919084,10.006209467786686,0.028834856489895894,16.358313517232357,398.98569199791086,7672.382925739339,0.00169399896752721,-0.0016655510677576776,-0.011332111874397146,0.5,34.99851148798792,27.999523676156134,206.41920283617853,99.9957471085369,4.745370359124834e-09,5.708317060650098e-06,0.04109999999999959
6.866666666666666,1.0073595298809854,-0.019841038711217947,9.999232912755915,0.0211758343789359,16.456851139145314,398.98094849901366,7672.382138574351,-0.002754353610303416,0.006314959972965318,-0.007088826971950045,0.5,34.99850786630586,27.999522517217876,206.41617017785887,99.99573676087388,4.756944433143951e-09,5.7222058702085805e-06,0.041199999999999584
6.883333333333334,1.0087064590268704,-0.013355441862360857,9.991040752542693,0.018287159093253017,16.48055728344277,398.9761953579895,7672.381351977177,0.0013445559267774184,0.00634047184865531,-0.008304990493536836,0.5,34.998504244623796,27.999521358279612,206.41317390162234,99.99572641321085,4.768518507162935e-09,5.736094679574163e-06,0.04129999999999957
6.9,1.013149001364499,-0.022071088563419383,9.99530919750069,0.02611530292893835,16.450892460329488,398.97143258792255,7672.380565964624,0.004443861950084007,-0.008638981513501728,0.004421551424783549,0.5,34.99850062294175,27.999520199341358,206.41021356824527,99.99571606554784,4.780092581181784e-09,5.749983488746845e-06,0.04139999999999957
6.916666666666667,1.0078280177671075,-0.020583793620193965,10.002574203736193,0.022172148740591868,16.57760687103764,398.9666602019202,7672.379780553531,-0.0053182793184429235,0.0016151851994419652,0.007237646825966176,0.5,34.99849700125969,27.999519040403104,206.40728874388083,99.99570571788485,4.7916666552005e-09,5.763872297726628e-06,0.041499999999999565
6.933333333333334,1.004216058309669,-0.021627218192020504,10.008287157574722,0.023541492590709936,16.59666152993616,398.96187821311315,7672.378995760761,-0.0036098550317551045,-0.000942958583803456,0.005730392758717353,0.5,34.998493379577646,27.999517881464847,206.40439899999146,99.99569537022184,4.803240729219081e-09,5.7777611065135105e-06,0.04159999999999956
6.95,1.0042198830407356,-0.013609166352302266,10.004871066563952,0.015058186927587732,16.655874132085696,398.95708663465825,7672.378211603204,2.7742985916124094e-06,0.007956949889721666,-0.0035560906514305263,0.5,34.9984897578956,27.999516722526593,206.40154391328218,99.99568502255885,4.814814803237529e-09,5.7916499151074915e-06,0.04169999999999955
6.966666666666667,1.0083517192423856,-0.012650562224890515,10.007885602860679,0.017087574735865096,16.654526325083303,398.95228547973187,7672.377428097773,0.004132527012650597,0.0010113978659963246,0.0029972362026835417,0.5,34.99848613621355,27.999515563588336,206.39872306563478,99.99567467489585,4.826388877255842e-09,5.805538723508573e-06,0.041799999999999546
6.983333333333333,1.0008683071880686,-0.010208438125905528,10.003087344812185,0.0107003897662691,16.73192889775766,398.9474747615391,7672.376645261408,-0.00748436923303257,0.0023576215634904365,-0.004840337821349842,0.5,34.99848251453151,27.999514404650082,206.39593604404288,99.99566432723287,4.837962951274022e-09,5.819427531716754e-06,0.04189999999999954
7.0,1.0064244828426183,-0.007691664554081456,9.994350717445473,0.011504138460889922,16.721407350948937,398.94265449330675,7672.375863111074,0.005554810929003131,0.0023633563596233186,-0.008779370839666205,0.5,34.99847889284946,27.999513245711828,206.39318244054775,99.9956539795699,4.849537025292067e-09,5.833316339732035e-06,0.04199999999999954
7.016666666666667,1.0087595857032916,-0.002913804291068256,9.994104545524435,0.010953280228329053,16.793321741136378,398.93782468828465,7672.375081663762,0.002335080077741381,0.0047727925778865464,-0.00033015201287994495,0.5,34.99847527116742,27.999512086773574,206.39046185217515,99.99564363190693,4.861111099309979e-09,5.847205147554417e-06,0.04209999999999953
7.033333333333333,1.0058647947374382,-0.017071807938956414,9.995884103604334,0.018514206720755343,16.761431878137795,398.9329853597479,7672.37430093649,-0.0028944805984264113,-0.01412453109617794,0.002028180881678461,0.5,34.99847164948539,27.999510927835324,206.38777388087289,99.99563328424397,4.872685173327756e-09,5.861093955183898e-06,0.04219999999999952
7.05,1.0055456113249024,-0.025217490019630348,10.00096130777265,0.025837996548695525,16.82507064605636,398.9281365209939,7672.373520946296,-0.00031730970213878526,-0.008055312363568875,0.005219394440823737,0.5,34.998468027803355,27.999509768897074,206.3851181334491,99.99562293658101,4.8842592473453996e-09,5.87498276262048e-06,0.04229999999999952
7.066666666666666,1.0042465044237425,-0.030468852629716055,9.999912921159037,0.0307634712367362,16.87427304213148,398.9232781853452,7672.372741710246,-0.0012996163699273927,-0.005268941395856406,-0.0009561276621617607,0.5,34.99846440612132,27.999508609958824,206.38249422151168,99.99561258891806,4.895833321362909e-09,5.888871569864162e-06,0.042399999999999514
7.083333333333333,0.9977530350223162,-0.02510311232210534,10.000312148589453,0.0252054006746682,16.985133636535778,398.9184103661468,7672.371963245434,-0.0064932758002947755,0.005371895900792739,0.0003054277637439649,0.5,34.99846078443929,27.999507451020573,206.379901761408,99.99560224125511,4.9074073953802845e-09,5.902760376914942e-06,0.04249999999999951
7.1,0.9950926032158872,-0.01630705238584706,10.000715656763195,0.01704446133426935,17.027926450210945,398.91353307676593,7672.371185568975,-0.0026602859904106537,0.008801746840132997,0.0002504838041463449,0.5,34.99845716275726,27.999506292082323,206.37734037416587,99.99559189359218,4.918981469397527e-09,5.916649183772822e-06,0.0425999999999995
7.116666666666666,1.0049868163964075,-0.00916249722778603,9.98912337044903,0.015070238481171803,17.001527677627482,398.90864633059783,7672.370408698008,0.009891636660070648,0.006941145635017553,-0.01171521506350289,0.5,34.998453541075236,27.999505133144076,206.374809685435,99.99558154592924,4.930555543414635e-09,5.930537990437803e-06,0.042699999999999495
7.133333333333334,1.0083520265158663,-0.02114177794379095,9.98679478853745,0.026288172716427187,16.981230598581316,398.9037501410544,7672.369632649699,0.0033645943160226423,-0.012018342215011078,-0.002117760952065734,0.5,34.99844991939321,27.99950397420583,206.37230932542937,99.99557119826632,4.942129617431609e-09,5.944426796909883e-06,0.04279999999999949
7.15,1.0148188738204924,-0.02662748094103446,9.985617011953737,0.033695593777321974,17.042942379087823,398.8988445215775,7672.368857441239,0.0064663563371680395,-0.005505641188745244,-0.0010807451431084733,0.5,34.99844629771119,27.99950281526758,206.36983892887025,99.9955608506034,4.9537036914484496e-09,5.958315603189064e-06,0.04289999999999949
7.166666666666667,1.006230622143349,-0.028679413694713184,9.986351288488327,0.03236625049689797,17.153593268231383,398.89392948562744,7672.36808308984,-0.008587897299287876,-0.002038663876890799,0.0007703502801347855,0.5,34.998442676029164,27.999501656329333,206.36739813493003,99.99555050294047,4.965277765465156e-09,5.9722044092753446e-06,0.042999999999999476
7.183333333333334,1.0082814136787226,-0.02489843257205321,9.985466260129153,0.029994850238004623,17.182654187103523,398.8890050466899,7672.367309612742,0.0020503777362508215,0.003764838938887114,-0.0009513574804232497,0.5,34.99843905434715,27.99950049739109,206.36498658717673,99.99554015527757,4.976851839481728e-09,5.986093215168725e-06,0.04309999999999947
7.2,1.0043187723772116,-0.02449241630598378,9.992867661935975,0.025872520647571583,17.23654285752292,398.88407121827544,7672.366537027208,-0.003959451177126298,0.0005359396211023352,0.00739312901812227,0.5,34.99843543266513,27.999499338452843,206.36260393351927,99.99552980761467,4.988425913498166e-09,5.999982020869206e-06,0.04319999999999947
7.216666666666667,1.0037457037210382,-0.026562620505247384,9.995818343988832,0.027149255730699713,17.246650024918655,398.87912801391536,7672.365765350523,-0.000571754011563505,-0.0020181822272933476,0.0029865044417840703,0.5,34.99843181098312,27.9994981795146,206.36024982615345,99.99551945995177,4.999999987514471e-09,6.013870826376787e-06,0.043299999999999464
7.233333333333333,0.9950633445657957,-0.02946369071302735,9.994051777067972,0.030461058618295157,17.3043451249192,398.87417544716226,7672.3649946,-0.008683222884905372,-0.002931441378890298,-0.0017156974689068964,0.5,34.99842818930111,27.999497020576353,206.35792392150853,99.99550911228889,5.011574061530641e-09,6.027759631691467e-06,0.04339999999999945
7.25,0.9929870439064582,-0.027798426679870945,9.997044598840697,0.028821494112044672,17.34898523089478,398.8692135315966,7672.364224792971,-0.0020748051279033137,0.0017169333186045203,0.0029634817725900744,0.5,34.9984245676191,27.99949586163811,206.35562588019468,99.99549876462599,5.023148135546677e-09,6.041648436813246e-06,0.04349999999999945
7.266666666666667,0.9969810443086096,-0.021725852484693352,9.99284665365752,0.0230717426338127,17.380498414377065,398.86424228081853,7672.363455946796,0.003992186132236969,0.005998761791198958,-0.004302761322478468,0.5,34.998420945937085,27.999494702699867,206.353355366951,99.99548841696311,5.034722209562579e-09,6.055537241742126e-06,0.043599999999999445
7.283333333333333,0.9882210416951258,-0.032942381303509564,9.989133789804717,0.036634579940005726,17.379965577917396,398.8592617084505,7672.362688078858,-0.00876177392771317,-0.011279164751047918,-0.003517999129541107,0.5,34.99841732425508,27.999493543761623,206.35111205059422,99.99547806930023,5.0462962835783476e-09,6.069426046478106e-06,0.04369999999999944
7.3,0.9979323421303948,-0.014712034354425467,9.98772012402847,0.01927488099241015,17.50294554199965,398.85427182814107,7672.3619212065605,0.009710712566909906,0.01820310783603966,-0.0017294142459975384,0.5,34.998413702573075,27.999492384823384,206.34889560396806,99.99546772163737,5.057870357593982e-09,6.083314851021186e-06,0.04379999999999943
7.316666666666666,1.003500736782018,-0.01955530076358102,9.986300697120303,0.0241312965943066,17.44331553017782,398.84927265355924,7672.361155347334,0.005567970192133432,-0.004867317870218095,-0.0013346231376840001,0.5,34.99841008089108,27.999491225885144,206.34670570389318,99.9954573739745,5.069444431609482e-09,6.0972036553713656e-06,0.043899999999999426
7.333333333333333,1.0081073742275901,-0.021082600395031965,9.993784388855433,0.023426925357076238,17.513141726740308,398.8442641983973,7672.36039051863,0.0046092914089751625,-0.0013956979068690423,0.007509347955964716,0.5,34.99840645920908,27.999490066946905,206.34454203111798,99.99544702631165,5.081018505624848e-09,6.111092459528646e-06,0.04399999999999942
7.35,1.0154026800963034,-0.023651559578404594,9.996726103451719,0.02841366577849934,17.532752776802184,398.83924647636803,7672.359626737925,0.007296454262706149,-0.002516615235955264,0.0029866172435429345,0.5,34.99840283752708,27.99948890800867,206.3424042702698,99.9954366786488,5.0925925796400805e-09,6.124981263493026e-06,0.04409999999999942
7.366666666666666,1.0095836102621023,-0.02048031597485549,10.000680904514546,0.022622000046202573,17.646561131175474,398.83421950121226,7672.358864022719,-0.00581754675333088,0.0032406314574446146,0.003898146094306685,0.5,34.99839921584508,27.999487749070425,206.340292109807,99.99542633098596,5.104166653655179e-09,6.138870067264506e-06,0.044199999999999406
7.383333333333334,1.0055812402249638,-0.023082641910179155,10.003118291277364,0.023951813026126766,17.64967822386858,398.82918328668734,7672.358102390533,-0.004001443445434047,-0.002559062785879024,0.002482770897055883,0.5,34.99839559416309,27.99948659013219,206.3382052419713,99.99541598332313,5.115740727670143e-09,6.1527588708430865e-06,0.0442999999999994
7.4,1.006935376814595,-0.020564908775485273,10.009663871572501,0.02375772272603523,17.70088286033825,398.8241378465779,7672.357341858911,0.0013566297798007117,0.00263229582892468,0.006500354922116786,0.5,34.9983919724811,27.999485431193953,206.33614336274104,99.99540563566029,5.127314801684974e-09,6.166647674228765e-06,0.0443999999999994
7.416666666666667,1.0020723271755432,-0.012007940150493316,10.013772505616906,0.01838948209650432,17.788339434571217,398.8190831946889,7672.356582445423,-0.004861881755645497,0.008627682082048529,0.0039579902513840115,0.5,34.99838835079911,27.999484272255717,206.33410617178495,99.99539528799745,5.138888875699671e-09,6.180536477421544e-06,0.044499999999999394
7.433333333333334,0.997102511859108,-0.023403770881487596,10.008805187184924,0.025172461678431683,17.719589360169184,398.8140193448467,7672.3558241676565,-0.004971350347478909,-0.011480752463859522,-0.004767759681806523,0.5,34.99838472911713,27.99948311331748,206.3320933724165,99.99538494033465,5.150462949714234e-09,6.194425280421423e-06,0.04459999999999939
7.45,0.9891385642527485,-0.020073928030076443,10.005442249460316,0.023463391419011232,17.843467018479426,398.808946310902,7672.355067043228,-0.007965223566488268,0.0032710550352686666,-0.003420146343851843,0.5,34.99838110743514,27.999481954379245,206.33010467154872,99.99537459267181,5.162037023728663e-09,6.208314083228402e-06,0.04469999999999938
7.466666666666667,0.9966285103677474,-0.006117160850526208,10.009544576622975,0.011827176655047022,17.89141552121923,398.80386410672685,7672.354311089771,0.007490883755073202,0.014025757765859268,0.0038598652259742984,0.5,34.99837748575315,27.99948079544101,206.32813977964997,99.99536424500901,5.173611097742958e-09,6.2222028858424815e-06,0.044799999999999375
7.483333333333333,0.9981966397304671,-0.01665880667445356,10.01385152126422,0.021739947581534313,17.83080086771615,398.7987727462174,7672.353556324943,0.0015689854017088673,-0.010465076529289082,0.004489793107582515,0.5,34.99837386407117,27.999479636502773,206.32619841069976,99.9953538973462,5.185185171757119e-09,6.236091688263661e-06,0.04489999999999937
7.5,0.9894998556657496,-0.015070273190118305,10.010211033921381,0.02101435638369726,17.955639302480833,398.7936722432878,7672.352802766426,-0.008697792090328128,0.0015251500665275062,-0.0036674927519212905,0.5,34.99837024238919,27.999478477564544,206.3242802821455,99.9953435496834,5.196759245771146e-09,6.24998049049194e-06,0.04499999999999937
7.516666666666667,0.9971373955647338,-0.01723440379360396,10.000665754740448,0.017483187168286368,17.914232499844875,398.7885626118779,7672.352050431922,0.007634848986447546,-0.002329280551118282,-0.009506327454087901,0.5,34.998366620707216,27.999477318626308,206.32238511485969,99.99533320202062,5.208333319785039e-09,6.26386929252732e-06,0.045099999999999356
7.533333333333333,1.0031493192809011,-0.018449236691101635,9.990665101809324,0.020914669480805413,17.96349786685377,398.78344386594927,7672.351299339157,0.006008809533317106,-0.001389208291460879,-0.009977924104772383,0.5,34.99836299902524,27.999476159688076,206.32051263309768,99.99532285435782,5.219907393798798e-09,6.2777580943697994e-06,0.04519999999999935
7.55,1.0045329924377693,-0.019343326233875018,9.990918531601913,0.021844254519614716,18.032175645821603,398.77831601948384,7672.350549505874,0.0013837567386692788,-0.0008895123735286739,0.00026905482858435414,0.5,34.99835937734326,27.999475000749847,206.31866256445593,99.99531250669504,5.231481467812423e-09,6.291646896019379e-06,0.04529999999999935
7.566666666666666,1.0026918311361892,-0.0166504386377457,9.992031659743716,0.018653988092968435,18.10137384907406,398.77317908648865,7672.349800949845,-0.001840811662792172,0.0027119714227876435,0.0010657902001861785,0.5,34.998355755661294,27.999473841811614,206.31683463983083,99.99530215903228,5.243055541825914e-09,6.305535697476059e-06,0.045399999999999344
7.583333333333333,1.0090292130034524,-0.01897866133030639,9.993653440066431,0.02195395429959099,18.089007037373232,398.7680330809876,7672.349053688859,0.006337886121794588,-0.002299394101434389,0.0016624015341917613,0.5,34.998352133979324,27.999472682873385,206.31502859337803,99.9952918113695,5.254629615839271e-09,6.319424498739839e-06,0.04549999999999933
7.6,1.0028290291677644,-0.02401814945653654,9.992846019926784,0.025219949499405026,18.155001074868345,398.7628780170325,7672.348307740728,-0.006200486800268686,-0.005052886434681192,-0.0007188230331925546,0.5,34.998348512297355,27.999471523935153,206.31324416247227,99.99528146370673,5.266203689852494e-09,6.333313299810718e-06,0.04559999999999933
7.616666666666666,0.998582797884725,-0.03204271007266747,9.990393703160622,0.03348182007517497,18.17129408490065,398.75771390869187,7672.347563123285,-0.004247431015416537,-0.008066165762369515,-0.002311795708261933,0.5,34.99834489061539,27.999470364996924,206.31148108766786,99.99527111604397,5.277777763865583e-09,6.347202100688697e-06,0.045699999999999324
7.633333333333334,1.0062611416237703,-0.026578676327228223,9.988499759935388,0.029628534273844247,18.23763476049735,398.75254077005945,7672.346819854386,0.00767737486963229,0.005430063617113789,-0.001989244603169554,0.5,34.99834126893343,27.9994692060587,206.30973911265934,99.99526076838123,5.289351837878538e-09,6.361090901373775e-06,0.04579999999999932
7.65,1.0082074595562567,-0.025141733388638215,9.992016895789654,0.02762553804105731,18.28299754725082,398.74735861524755,7672.346077951907,0.0019479053768347316,0.001498547399551376,0.0034913325266329094,0.5,34.99833764725147,27.99946804712047,206.30801798424307,99.99525042071848,5.300925911891359e-09,6.374979701865954e-06,0.04589999999999931
7.666666666666667,1.001877108787801,-0.031475235978406346,9.987971367312216,0.03374743860688821,18.30358534062473,398.7421674583936,7672.345337433744,-0.00633234957441961,-0.006403488399561192,-0.0039338134622269975,0.5,34.998334025569505,27.99946688818224,206.30631745227893,99.99524007305574,5.312499985904046e-09,6.388868502165233e-06,0.045999999999999305
7.683333333333334,1.0052368027308551,-0.033206740246240526,9.993806068895273,0.03418271028185665,18.344466783868548,398.7369673136547,7672.344598317817,0.003362987380400254,-0.0016290469392001438,0.005864132068343682,0.5,34.99833040388755,27.999465729244015,206.30463726965272,99.995229725393,5.324074059916599e-09,6.4027573022716115e-06,0.0460999999999993
7.7,0.9988719574541447,-0.027866004419840742,9.993643593074461,0.02860409198419748,18.44491143595822,398.7317581952084,7672.343860622066,-0.00636493187640472,0.005337077654613921,-0.0002558511096445079,0.5,34.99832678220559,27.99946457030579,206.30297719223898,99.99521937773027,5.335648133929018e-09,6.4166461021850905e-06,0.0461999999999993
7.716666666666667,0.9886648967463494,-0.02740496673126966,9.99479262429355,0.030110824600417394,18.47494347548423,398.7265401172563,7672.343124364452,-0.010206506522333172,0.00048089675072427856,0.0011408621796645433,0.5,34.99832316052364,27.999463411367564,206.30133697886427,99.99520903006754,5.347222207941304e-09,6.43053490190567e-06,0.046299999999999286
7.733333333333333,0.9854719258705117,-0.031218245365381935,9.996847241078175,0.034577573846474495,18.470701992201146,398.72131309401897,7672.342389562955,-0.0031919197675645476,-0.003777318431760426,0.002120001996262614,0.5,34.998319538841685,27.99946225242934,206.2997163912709,99.99519868240482,5.358796281953456e-09,6.444423701433349e-06,0.04639999999999928
7.75,1.0046054365997044,-0.023850326147390306,10.000641147212917,0.02429939096690874,18.492635765596763,398.71607713974174,7672.341656235576,0.019135334121482304,0.007432692583714663,0.003665383626409636,0.5,34.998315917159736,27.999461093491114,206.29811519408113,99.9951883347421,5.370370355965474e-09,6.458312500768128e-06,0.04649999999999928
7.766666666666667,1.004531087633189,-0.020473557425421847,10.00071773864827,0.0209812681482296,18.57266551813818,398.71083226868603,7672.34092440034,-7.431934103682605e-05,0.003377592525757175,1.7377724710316968e-05,0.5,34.99831229547779,27.999459934552892,206.29653315476187,99.9951779870794,5.381944429977357e-09,6.4722012999100075e-06,0.046599999999999274
7.783333333333333,1.0026957253448863,-0.019119463419405465,10.002792736206738,0.019509554096455436,18.610508493663485,398.70557849513926,7672.340194075288,-0.0018346453471708305,0.0013902308181507359,0.0020509615321431815,0.5,34.99830867379584,27.999458775614666,206.2949700435898,99.99516763941669,5.393518503989107e-09,6.486090098858987e-06,0.04669999999999927
7.8,0.9999005470741914,-0.01830031558815782,10.004902073133215,0.018945754183059747,18.650759077039964,398.7003158334084,7672.339465278485,-0.0027944894690285983,0.0008558835340475383,0.0020947000608311822,0.5,34.9983050521139,27.999457616676448,206.29342563361692,99.995157291754,5.405092578000723e-09,6.499978897615067e-06,0.04679999999999926
7.816666666666666,1.005692437435231,-0.023308347201885682,10.00562324969187,0.02464379944393126,18.631026748349676,398.6950442978209,7672.338738028014,0.005792152228118696,-0.0049946431445314025,0.0008087126568899619,0.5,34.99830143043196,27.999456457738226,206.29189970063638,99.9951469440913,5.416666652012205e-09,6.513867696178246e-06,0.046899999999999255
7.833333333333333,1.0017659704001654,-0.013289135384281801,10.008871447030005,0.016075632967630173,18.780711066558382,398.6897639027266,7672.338012341979,-0.003925429649162009,0.010074574712480598,0.003072187397936263,0.5,34.99829780875002,27.999455298800008,206.2903920231491,99.99513659642861,5.4282407260235526e-09,6.527756494548526e-06,0.04699999999999925
7.85,1.0060127904175078,-0.030633767420554736,10.00607453881158,0.03180410192121129,18.6504018958706,398.68447466249296,7672.337288238504,0.00424574796539848,-0.017390972528852987,-0.0024925959576721866,0.5,34.99829418706808,27.99945413986179,206.28890238233055,99.99512624876594,5.439814800034766e-09,6.541645292725906e-06,0.04709999999999925
7.866666666666666,1.0019429409835103,-0.0288134575694042,10.002501071761165,0.028987034332257317,18.81213022342784,398.6791765915146,7672.336565735732,-0.004071703260653094,0.0017574167528182536,-0.003604813125142852,0.5,34.99829056538614,27.999452980923564,206.28743056199787,99.99511590110326,5.451388874045846e-09,6.555534090710386e-06,0.047199999999999236
7.883333333333334,0.9968826128472495,-0.015268468634621151,9.998899710319703,0.015622284867917396,18.913262591391053,398.6738697042018,7672.3358448518275,-0.0050617135378139,0.013480112950890934,-0.0038370671963453384,0.5,34.99828694370421,27.999451821985346,206.28597634857766,99.9951055534406,5.462962948056792e-09,6.5694228885019654e-06,0.04729999999999923
7.9,0.999482807103737,-0.02009396305154221,9.994869840623851,0.02074498259779282,18.835561544019754,398.6685540149873,7672.335125604974,0.002598950657571003,-0.004894965265411645,-0.003945194510691969,0.5,34.998283322022274,27.999450663047128,206.28453953107405,99.99509520577793,5.474537022067604e-09,6.583311686100644e-06,0.04739999999999923
7.916666666666667,0.9989282895875344,-0.034292292625475757,9.999474064447913,0.034313070901873834,18.849133772659346,398.6632295383252,7672.334408013373,-0.0005523323073758879,-0.014115879661285803,0.004851121390123843,0.5,34.99827970034034,27.99944950410891,206.28311990103708,99.99508485811526,5.4861110960782814e-09,6.597200483506423e-06,0.04749999999999922
7.933333333333334,0.9958783391939939,-0.021175013089662534,10.003711322160934,0.021889210152421762,19.032255616956107,398.65789628868924,7672.333692095248,-0.0030478993770335547,0.01318905046356283,0.004008281539423493,0.5,34.998276078658414,27.99944834517069,206.2817172525317,99.99507451045262,5.497685170088825e-09,6.611089280719301e-06,0.04759999999999921
7.95,0.9935000081850673,-0.022593835867349924,10.000897241995684,0.02352730432182441,18.989549355691825,398.6525542805744,7672.33297786884,-0.0023794058619702493,-0.0014674606393268264,-0.0027890255245445472,0.5,34.99827245697649,27.999447186232477,206.28033138210688,99.99506416278997,5.509259244099235e-09,6.62497807773928e-06,0.04769999999999921
7.966666666666667,0.9917807864623166,-0.03266376933277229,10.002321647116496,0.03376176034557273,18.988823009957304,398.64720352849736,7672.33226535241,-0.0017185348554190382,-0.01004374592588317,0.0015986424903471545,0.5,34.99826883529456,27.999446027294262,206.27896208876533,99.99505381512732,5.520833318109511e-09,6.638866874566359e-06,0.047799999999999204
7.983333333333333,0.9897527636584744,-0.02935626635850336,10.000080307479214,0.031093443770026617,19.09186265512601,398.6418440469932,7672.331554564238,-0.0020292358773281315,0.003268252859363379,-0.0022981951802926223,0.5,34.99826521361264,27.999444868356044,206.2776091739335,99.99504346746468,5.5324073921196525e-09,6.652755671200538e-06,0.0478999999999992
8.0,0.9934715713087733,-0.03939370912776545,10.000134321827318,0.03993121754909001,19.04855554488904,398.63647585061847,7672.330845522624,0.003718840057873845,-0.010035004812746018,0.0002277145682751086,0.5,34.99826159193072,27.999443709417832,206.27627244143207,99.99503311980206,5.54398146612966e-09,6.6666444676418175e-06,0.04799999999999919
8.016666666666667,1.0021250246884663,-0.03798428054329363,9.996955224651522,0.03816526774327599,19.125151334891857,398.63109895395115,7672.330138245886,0.008651306709829979,0.001353854130811043,-0.003203158167804116,0.5,34.9982579702488,27.999442550479614,206.27495169744654,99.99502277213944,5.555555540139534e-09,6.680533263890197e-06,0.048099999999999185
8.033333333333333,1.005577487099417,-0.021484203552554412,9.991620469736231,0.02372505773035221,19.25505921170558,398.62571337158977,7672.32943275236,0.0034496938854117858,0.016404081845649728,-0.005623010449025586,0.5,34.99825434856688,27.999441391541403,206.27364675049847,99.9950124244768,5.5671296141492745e-09,6.694422059945676e-06,0.04819999999999918
8.05,1.0080077327263015,-0.01824121236374852,9.991135825976748,0.02180404991902281,19.237436198638427,398.6203191181505,7672.328729060401,0.002430077615968824,0.0032339748877422457,-0.0005415513199521589,0.5,34.99825072688497,27.999440232603188,206.272357411417,99.9950020768142,5.578703688158881e-09,6.708310855808256e-06,0.04829999999999918
8.066666666666666,1.011858615429564,-0.018165195316754222,9.997008003318122,0.021898444530097674,19.263799585019104,398.6149162082719,7672.328027188383,0.0038527483297274862,0.00017950674146815186,0.005869924979804867,0.5,34.998247105203056,27.99943907366498,206.2710834933106,99.99499172915158,5.590277762168354e-09,6.722199651477935e-06,0.04839999999999917
8.083333333333334,1.0128087541716464,-0.02716077969655852,9.996502853944847,0.030232117571674835,19.260853427791698,398.60950465661193,7672.327327154702,0.000949938933431303,-0.009003105118849641,-0.00034613977251882606,0.5,34.998243483521144,27.999437914726766,206.26982481153945,99.99498138148898,5.601851836177692e-09,6.736088446954715e-06,0.04849999999999916
8.1,1.0132398582661784,-0.019386083250405414,10.001723744958197,0.023539181787416718,19.39222304376898,398.6040844778502,7672.326628977766,0.00043322481000879394,0.00786578500825983,0.005082620373335227,0.5,34.99823986183924,27.999436755788558,206.26858118368776,99.99497103382639,5.613425910186897e-09,6.749977242238595e-06,0.04859999999999916
8.116666666666667,1.0108719756210065,-0.021071111499617684,10.002687363938811,0.0238626120884522,19.38936403434027,398.5986556866849,7672.325932676004,-0.0023675424344121844,-0.0016677451884711818,0.0009932308962646078,0.5,34.998236240157325,27.999435596850343,206.2673524295368,99.99496068616378,5.624999984195967e-09,6.763866037329575e-06,0.048699999999999154
8.133333333333333,1.0112065302209885,-0.027454460840592634,9.998941184402831,0.029672363240811198,19.391494004955206,398.5932182978345,7672.325238267865,0.00033296822222045184,-0.006448457061826515,-0.003632961473539944,0.5,34.99823261847542,27.999434437912132,206.2661383710381,99.9949503385012,5.636574058204904e-09,6.777754832227655e-06,0.04879999999999915
8.15,1.0155002991320616,-0.027687143069955476,9.994723899937169,0.03216574065200016,19.448222044637824,398.5877723260382,7672.324545771813,0.004291739550510293,-0.0003072303252055339,-0.0042125093156310115,0.5,34.998228996793515,27.999433278973925,206.26493883228704,99.99493999083862,5.6481481322137065e-09,6.791643626932835e-06,0.04889999999999914
8.166666666666666,1.0107880357512338,-0.02017335791878597,10.005102708278502,0.02343934934272413,19.57276345570127,398.58231778605466,7672.323855206331,-0.004707928553240838,0.0076961262926435615,0.010244327829201158,0.5,34.99822537511161,27.999432120035713,206.2637536394967,99.99492964317604,5.659722206222375e-09,6.805532421445115e-06,0.048999999999999135
8.183333333333334,1.0024724896461998,-0.017745205868727156,10.001604808159716,0.01798838979325065,19.583687511319233,398.5768546926612,7672.323166589922,-0.008316703581386602,0.0023663258313450443,-0.003540018142578966,0.5,34.99822175342971,27.999430961097506,206.26258262097213,99.99491929551347,5.6712962802309096e-09,6.819421215764495e-06,0.04909999999999913
8.2,1.0109575777716313,-0.017264103227513157,10.002411110893608,0.020589783426761626,19.562680286506506,398.5713830606565,7672.322479941105,0.00848533447759413,0.0004951947870632005,0.0007977254647553626,0.5,34.99821813174782,27.999429802159305,206.26142560708476,99.9949089478509,5.68287035423931e-09,6.833310009890976e-06,0.049199999999999126
8.216666666666667,1.0068349249540034,-0.021513415014873256,10.004491558831155,0.02301583908370289,19.622030609433054,398.56590290485883,7672.321795278413,-0.0041219488006539445,-0.0042120212351125,0.0021549456974097165,0.5,34.998214510065914,27.99942864322109,206.26028243024743,99.99489860018834,5.694444428247577e-09,6.847198803824556e-06,0.049299999999999115
8.233333333333333,1.0166350248104765,-0.02008650779331913,10.004578904091243,0.02647989627093864,19.6418214565966,398.560414240106,7672.321112620403,0.00980013158912439,0.001428227043220118,6.213646716828958e-05,0.5,34.99821088838402,27.999427484282887,206.25915292488938,99.99488825252578,5.706018502255709e-09,6.861087597565237e-06,0.04939999999999911
8.25,1.0011697838576432,-0.024081971926727477,10.009738749866202,0.02600303447909643,19.743933532862222,398.5549170812564,7672.320431985645,-0.01546325222186053,-0.0039039914459863545,0.005229396691179679,0.5,34.99820726670213,27.999426325344682,206.2580369274319,99.99487790486323,5.717592576263708e-09,6.874976391113018e-06,0.04949999999999911
8.266666666666667,1.0029637208349718,-0.031113921900443327,10.012820280600579,0.03378224379712901,19.708858414306132,398.549411443186,7672.319753392728,0.0017954212738623503,-0.006976983292341105,0.0032040371742430747,0.5,34.99820364502024,27.999425166406475,206.25693427626402,99.99486755720068,5.729166650271572e-09,6.888865184467899e-06,0.0495999999999991
8.283333333333333,0.9967417187160958,-0.0265604902210529,10.010094893127116,0.028600133730956115,19.826710625473595,398.54389734078944,7672.319076860257,-0.006223373823880349,0.004505180823691547,-0.0028044288051357292,0.5,34.99820002333835,27.99942400746827,206.2558448117185,99.99485720953814,5.740740724279303e-09,6.9027539776298796e-06,0.04969999999999909
8.3,0.9894769566288631,-0.029167617545989736,10.003784737479947,0.031237610501704715,19.830343825549917,398.5383747889856,7672.318402406854,-0.007267830848494472,-0.002716104319771281,-0.006264019905605254,0.5,34.998196401656465,27.99942284853007,206.25476837604842,99.9948468618756,5.752314798286899e-09,6.916642770598961e-06,0.04979999999999909
8.316666666666666,0.9980483540421398,-0.025779963679398873,9.99907704432064,0.02587021654093128,19.849485274707614,398.53284380270634,7672.31773005116,0.008569140052311948,0.0033054961840623294,-0.004765738528548759,0.5,34.99819277997458,27.999421689591866,206.25370481340363,99.99483651421308,5.763888872294362e-09,6.930531563375142e-06,0.049899999999999084
8.333333333333334,0.9930681060535527,-0.01996895780473343,9.996838379114568,0.021373205515872188,19.948748022296765,398.5273043969106,7672.31705981183,-0.004981141744431927,0.0057712321162867765,-0.002339292710789187,0.5,34.998189158292696,27.999420530653662,206.25265396980788,99.99482616655055,5.77546294630169e-09,6.944420355958423e-06,0.04999999999999908
8.35,0.9997837822759812,-0.013507734783373096,10.000572770563286,0.013521600608730224,19.95974020080224,398.5217565865694,7672.316391707537,0.006716767192440309,0.006525187187694132,0.0036214656885607275,0.5,34.99818553661081,27.99941937171546,206.2516156931359,99.99481581888804,5.787037020308886e-09,6.9583091483488044e-06,0.05009999999999907
8.366666666666667,1.002098003407535,-0.010218187660290704,10.001907715359215,0.010604389053185642,19.995507089189818,398.516200386676,7672.315725756972,0.0023144975291591115,0.0033123650848332024,0.001277276541805533,0.5,34.998181914928935,27.99941821277726,206.25058983309114,99.99480547122552,5.798611094315947e-09,6.972197940546286e-06,0.050199999999999065
8.383333333333333,1.0037690587067731,-0.011717702640523795,10.00122619855712,0.01236991773992259,20.01125779222167,398.5106358122425,7672.315061978838,0.0016709248388076315,-0.0015112142513979945,-0.0006551654735676872,0.5,34.99817829324706,27.999417053839057,206.24957624118335,99.99479512356302,5.810185168322874e-09,6.9860867325508675e-06,0.05029999999999906
8.4,1.0089816351180414,-0.026119510805309054,10.006100123327013,0.028286659228190163,19.980856997263523,398.5050628783023,7672.31440039186,0.005214185745707496,-0.01431398277919882,0.00512612119943242,0.5,34.99817467156518,27.999415894900856,206.2485747707068,99.99478477590051,5.821759242329668e-09,6.999975524362549e-06,0.05039999999999906
8.416666666666666,1.000069298239986,-0.01988604243251312,10.008024450249312,0.021444147911319388,20.167275012885593,398.4994815999046,7672.313741014775,-0.008911564328449298,0.006266246499650806,0.001814749738389509,0.5,34.998171049883304,27.999414735962656,206.24758527671858,99.994774428238,5.833333316336327e-09,7.013864315981331e-06,0.05049999999999905
8.433333333333334,0.9904312564180958,-0.02190028368252419,10.006348001560239,0.02472766026014821,20.16432772484436,398.49389199211726,7672.3130838663365,-0.009638653169143769,-0.002043056494265387,-0.0016412092671386474,0.5,34.998167428201434,27.99941357702446,206.24660761601723,99.99476408057552,5.844907390342852e-09,7.027753107407213e-06,0.05059999999999904
8.45,0.9949855579282821,-0.018193393780847278,10.00783831746399,0.020434552649024156,20.1894705105689,398.4882940700315,7672.312428965317,0.004554822949281542,0.0037321534966938226,0.0014258696569866757,0.5,34.998163806519564,27.999412418086262,206.2456416471216,99.99475373291304,5.856481464349244e-09,7.041641898640195e-06,0.05069999999999904
8.466666666666667,1.0023440590292372,-0.010493104611771793,10.010901413208328,0.01531160819390099,20.241867428755345,398.4826878487524,7672.311776330503,0.007359267917032644,0.007752506555334362,0.0029284212225121784,0.5,34.998160184837694,27.99941125914806,206.24468723025004,99.99474338525054,5.868055538355501e-09,7.055530689680277e-06,0.05079999999999903
8.483333333333333,0.9946764708334764,-0.016218993666875542,10.00650509840139,0.018267518045076515,20.25575144842238,398.47707334340646,7672.311125980695,-0.007668613019099752,-0.005801631569209381,-0.004295865430054753,0.5,34.99815656315583,27.999410100209868,206.2437442272997,99.99473303758808,5.879629612361624e-09,7.069419480527459e-06,0.05089999999999903
8.5,1.0003544370999145,-0.014659184678436752,10.005208224159517,0.015560956998414902,20.291518244096945,398.4714505691389,7672.310477934712,0.005677616811542909,0.0015369952558739641,-0.0013238324485376576,0.5,34.99815294147396,27.999408941271668,206.2428125018263,99.99472268992561,5.8912036863676135e-09,7.0833082711817416e-06,0.05099999999999902
8.516666666666667,1.0044533274430283,-0.01792835430548804,9.999533475963881,0.01847904234347743,20.307664339748722,398.4658195411125,7672.3098322113865,0.004097276560411918,-0.0033679453825764295,-0.005616687508627005,0.5,34.9981493197921,27.99940778233347,206.24189191902403,99.99471234226314,5.902777760373469e-09,7.097197061643124e-06,0.051099999999999014
8.533333333333333,1.0006688178281429,-0.019667886121433185,9.998089174321919,0.019771794974830864,20.385510381322064,398.4601802745089,7672.3091888295685,-0.0037849834758665463,-0.0017645366062757227,-0.0014136437029789602,0.5,34.998145698110235,27.999406623395274,206.2409823457055,99.99470199460067,5.91435183437919e-09,7.1110858519116065e-06,0.05119999999999901
8.55,1.0051755846398198,-0.02032955973789808,9.99763335948806,0.02111099986116696,20.40462048794519,398.45453278453,7672.30854780812,0.004506607714771211,-0.000669550560258685,-0.0004441634388947585,0.5,34.99814207642837,27.99940546445708,206.2400836502825,99.99469164693822,5.9259259083847775e-09,7.124974641987189e-06,0.051299999999999006
8.566666666666666,1.007313452204052,-0.02020776306198959,9.997795841700547,0.021603076088835695,20.456814133566514,398.4488770863945,7672.307909165921,0.002137925043353888,0.0001246313045483863,0.00016031822814221286,0.5,34.99813845474652,27.999404305518887,206.23919570274623,99.99468129927577,5.937499982390231e-09,7.138863431869872e-06,0.051399999999998995
8.583333333333334,1.003377289253249,-0.03279260604935176,10.000941331954861,0.03297952422787575,20.455999773734064,398.44321319533884,7672.3072729218675,-0.003934708114479512,-0.012527715987017699,0.0033658154412835256,0.5,34.99813483306467,27.999403146580693,206.23831837464854,99.99467095161333,5.94907405639555e-09,7.152752221559655e-06,0.05149999999999899
8.6,1.0021686565857326,-0.03189950365548053,9.997320907816146,0.03208513211105254,20.547365334954645,398.43754112661907,7672.306639094866,-0.001210676560368408,0.0008296053184938217,-0.0036354990963070044,0.5,34.998131211382805,27.999401987642496,206.23745153908274,99.99466060395088,5.960648130400735e-09,7.166641011056538e-06,0.05159999999999899
8.616666666666667,1.0059507078276693,-0.03365433448235913,9.991059052323214,0.03532611555901651,20.55484983878321,398.4318608955117,7672.306007703843,0.0037784690541555065,-0.0018642894284715379,-0.006230142668818735,0.5,34.99812758970096,27.999400828704307,206.23659507066517,99.99465025628845,5.972222204405787e-09,7.180529800360521e-06,0.05169999999999898
8.633333333333333,0.9952288008724596,-0.028210567361833347,9.994232120542291,0.029187025082546312,20.688243720899337,398.42617251730616,7672.305378767735,-0.010720193932343101,0.005498347382492791,0.0030775210693418996,0.5,34.99812396801911,27.999399669766113,206.23574884551667,99.99463990862601,5.983796278410704e-09,7.194418589471604e-06,0.05179999999999897
8.65,0.9958351853501262,-0.02872923040457529,9.997363850939653,0.029149084736124795,20.661034771378198,398.42047600731536,7672.304752305497,0.0006079406140027492,-0.00046417270690863157,0.0031402687648736712,0.5,34.99812034633726,27.999398510827923,206.23491274124436,99.9946295609636,5.995370352415488e-09,7.208307378389787e-06,0.05189999999999897
8.666666666666666,0.999049159521766,-0.02257675098390994,9.998686943912334,0.02263489315810199,20.72405368786691,398.4147713808678,7672.304128336095,0.00321456655975721,0.006174579260792787,0.0012157914074587106,0.5,34.99811672465541,27.999397351889733,206.23408663692373,99.99461921330118,6.006944426420138e-09,7.2221961671150705e-06,0.051999999999998964
8.683333333333334,1.0027728782461902,-0.015218994304244811,9.997295440137023,0.015704116956549097,20.765498494850636,398.409058653309,7672.303506878513,0.003723259765913607,0.007332326818870901,-0.0015198189170556368,0.5,34.99811310297356,27.999396192951536,206.23327041308087,99.99460886563875,6.018518500424654e-09,7.236084955647454e-06,0.05209999999999896
8.7,1.0069211337706594,-0.01988434367867197,9.998670291564673,0.02109630642751649,20.74635563067084,398.4033378400067,7672.302887951746,0.004148676690580465,-0.00464052116586959,0.0014564561180089438,0.5,34.99810948129172,27.99939503401335,206.23246395167484,99.99459851797636,6.030092574429036e-09,7.2499737439869376e-06,0.05219999999999895
8.716666666666667,1.0058531893214688,-0.005364520868816287,10.004042708341768,0.00890974812087454,20.90407983509669,398.3976089563407,7672.302271574806,-0.0010667607021395149,0.014611943518491401,0.005116563734637203,0.5,34.99810585960988,27.999393875075164,206.2316671360805,99.99458817031395,6.041666648433284e-09,7.263862532133521e-06,0.052299999999998945
8.733333333333333,1.014744550219313,-0.021944825671418797,9.995794497576174,0.02677012571357839,20.740656982662085,398.3918720177142,7672.301657766716,0.008889395210272384,-0.016723160932063563,-0.007954582347115392,0.5,34.998102237928045,27.999392716136974,206.23087985107125,99.99457782265155,6.0532407224373985e-09,7.277751320087205e-06,0.05239999999999894
8.75,1.0160201216112315,-0.016242690956973914,10.000109735711153,0.02281407108175452,20.93068037813476,398.38612703954334,7672.301046546515,0.0012770094405211783,0.005777708962902685,0.004213513695125033,0.5,34.9980986162462,27.999391557198784,206.2301019828023,99.99456747498915,6.0648147964413786e-09,7.291640107847989e-06,0.052499999999998936
8.766666666666667,1.0189453348895487,-0.012026996273228263,10.005680383668519,0.02314872998032076,20.95906090868883,398.38037403726673,7672.300437933256,0.0029265875553433993,0.0043139506946867365,0.005494909279091723,0.5,34.99809499456437,27.999390398260598,206.2293334187938,99.99455712732677,6.076388870445225e-09,7.305528895415873e-06,0.05259999999999893
8.783333333333333,1.0090444811271824,-0.015685915765612672,10.009953672926576,0.020662788800791414,20.999675104393205,398.37461302633767,7672.299831946005,-0.009899820331396893,-0.003582723729805602,0.0043373704964519,0.5,34.998091372882534,27.99938923932241,206.22857404791446,99.99454677966439,6.087962944448937e-09,7.319417682790857e-06,0.05269999999999892
8.8,0.9971659565195892,-0.020019351696216568,10.015848278384325,0.025689656881092215,21.044324576448663,398.36884402222836,7672.29922860384,-0.011876687966308381,-0.004229577384590943,0.0059695655575050955,0.5,34.99808775120071,27.99938808038423,206.22782376036523,99.99453643200201,6.099537018452515e-09,7.333306469972941e-06,0.05279999999999892
8.816666666666666,0.99934470798608,-0.02081597977191302,10.019142739998749,0.028287353188867645,21.053485483971233,398.3630670404276,7672.298627925854,0.002179925466220884,-0.0007391111908024019,0.0033078402168099717,0.5,34.99808412951887,27.99938692144604,206.2270824476632,99.99452608433964,6.111111092455959e-09,7.347195256962127e-06,0.05289999999999891
8.833333333333334,0.9985311524086439,-0.006579620794048653,10.01622624521367,0.01757091961263796,21.172520841823697,398.35728209644276,7672.298029931155,-0.0008142528288597002,0.014183349590569402,-0.0031642463422791277,0.5,34.998080507837045,27.999385762507856,206.2263500026258,99.99451573667727,6.122685166459269e-09,7.361084043758413e-06,0.05299999999999891
8.85,1.0070822835740403,-0.01335314236674183,10.012604879882698,0.01968169070138777,21.075291438851423,398.3514892057972,7672.297434638861,0.008550501258626787,-0.006835863070039475,-0.003502264629758053,0.5,34.99807688615522,27.99938460356967,206.22562631935494,99.9945053890149,6.134259240462445e-09,7.3749728303617996e-06,0.0530999999999989
8.866666666666667,0.9997466921213958,-0.012122038271485025,10.005395672893474,0.013271057564751294,21.203522391130754,398.34568838403464,7672.296842068105,-0.007337194162299905,0.0011046677441022648,-0.007229660412210268,0.5,34.99807326447339,27.999383444631484,206.22491129322165,99.99449504135255,6.145833314465487e-09,7.388861616772286e-06,0.053199999999998894
8.883333333333333,0.9980953741387806,-0.0014635467529019877,10.003563074264507,0.004297079657320017,21.278044801747864,398.3398796467129,7672.296252238032,-0.0016515352493830361,0.010624922960966158,-0.002018135754122112,0.5,34.99806964279157,27.999382285693304,206.22420482085073,99.9944846936902,6.157407388468395e-09,7.402750402989872e-06,0.05329999999999889
8.9,1.000426322566465,-0.002356254074404969,10.004906019121442,0.005459193197821321,21.250012126528407,398.3340630094083,7672.295665167801,0.002330993193797921,-0.0008691512617110253,0.0013583089980862071,0.5,34.99806602110975,27.99938112675512,206.22350680010558,99.99447434602786,6.168981462471169e-09,7.416639189014559e-06,0.053399999999998886
8.916666666666666,1.0145156586839306,-0.014713123877022127,10.001171448123232,0.02070161869622078,21.18875730177764,398.3282384877149,7672.295080876583,0.014088779892646302,-0.012420623847202623,-0.0035167255609463138,0.5,34.99806239942793,27.999379967816935,206.22281713007334,99.99446399836552,6.180555536473809e-09,7.4305279748463455e-06,0.053499999999998875
8.933333333333334,1.0223198403169969,-0.021775903869389476,9.998539496403883,0.031216757317870276,21.276894043956922,398.3224060972435,7672.294499383559,0.00780334356107792,-0.007108444134030627,-0.0025060033485767145,0.5,34.99805877774611,27.999378808878753,206.22213571105,99.99445365070318,6.192129610476315e-09,7.444416760485232e-06,0.05359999999999887
8.95,1.0227780827614428,-0.013198628943363079,9.993942655571841,0.027013042956314175,21.4176407661524,398.31656585362276,7672.29392070793,0.0004568394409471981,0.008493874252258022,-0.004749177763308437,0.5,34.9980551560643,27.999377649940577,206.22146244452594,99.99444330304085,6.203703684478687e-09,7.458305545931219e-06,0.05369999999999887
8.966666666666667,1.0139254897023044,-0.01590490593621722,9.993977545779211,0.021980263189765654,21.435434877019127,398.31071777249593,7672.293344868901,-0.008852584215465264,-0.0027052294638470853,8.29824253561086e-05,0.5,34.99805153438248,27.999376491002394,206.22079723317154,99.99443295537851,6.2152777584809254e-09,7.472194331184306e-06,0.05379999999999886
8.983333333333333,1.008948482179997,-0.023366302529920925,9.992742160076345,0.026052047419042927,21.437483289841946,398.3048618695261,7672.292771885693,-0.004977430899455127,-0.007482041075649365,-0.0011034846615605057,0.5,34.99804791270067,27.999375332064215,206.22013998082286,99.99442260771619,6.22685183248303e-09,7.486083116244493e-06,0.05389999999999885
9.0,1.0125323985934294,-0.02247608064284635,10.001793856400646,0.025796549115988367,21.502631706815535,398.29899816039205,7672.29220177754,0.003587537547998831,0.0010497537792118232,0.009034583868277199,0.5,34.99804429101886,27.999374173126032,206.21949059246768,99.99441226005388,6.238425906485001e-09,7.49997190111178e-06,0.05399999999999885
9.016666666666667,1.0095698020192418,-0.024162290416243615,10.00452916130265,0.026380465514333064,21.544063879577212,398.29312666078937,7672.291634563687,-0.0029614833151745705,-0.001637682100665435,0.0027646324197612595,0.5,34.99804066933705,27.999373014187857,206.2188489742315,99.99440191239157,6.249999980486838e-09,7.5138606857861675e-06,0.05409999999999884
9.033333333333333,1.0049216347133973,-0.018434482726754624,10.002130803472586,0.019198862963493782,21.62168998599233,398.2872473864313,7672.291070263389,-0.004649058842667274,0.005684762272155064,-0.0024986753404983033,0.5,34.99803704765524,27.999371855249677,206.21821503336395,99.99439156472926,6.261574054488541e-09,7.527749470267655e-06,0.05419999999999884
9.05,1.0127833743932269,-0.031951574448442016,9.996941725304056,0.034549225877608135,21.52110345885847,398.28136035304516,7672.290508895916,0.007859458047806377,-0.013606359998065178,-0.0049502794205233715,0.5,34.99803342597344,27.9993706963115,206.21758867822527,99.99438121706696,6.27314812849011e-09,7.541638254556242e-06,0.054299999999998835
9.066666666666666,1.0097298395471304,-0.028366961089816903,10.003126239430522,0.03015199313314902,21.694401371755387,398.2754655763786,7672.289950480548,-0.003050279451553862,0.003693204538798661,0.006120285753504227,0.5,34.99802980429163,27.999369537373326,206.21696981827276,99.99437086940468,6.2847222024915446e-09,7.55552703865193e-06,0.054399999999998824
9.083333333333334,1.0076310118975016,-0.035208788081325444,10.001858436149153,0.03607427889695292,21.670882886345986,398.26956307219433,7672.289395036577,-0.0020995310309863927,-0.006863085048581056,-0.001147163892624955,0.5,34.998026182609834,27.99936837843515,206.21635836404775,99.99436052174238,6.2962962764928454e-09,7.5694158225547175e-06,0.05449999999999882
9.1,1.00652646603059,-0.02633740812183823,9.99974110865125,0.02713521830823171,21.786328925034287,398.26365285626986,7672.288842583305,-0.001105683066307369,0.008832795622558969,-0.0022729229344482338,0.5,34.998022560928035,27.999367219496975,206.21575422716242,99.9943501740801,6.307870350494012e-09,7.583304606264606e-06,0.054599999999998816
9.116666666666667,0.9989060352998953,-0.02912663407624396,9.994652755557068,0.02963365592711644,21.785283336864964,398.2577349444013,7672.288293140049,-0.007622893581457189,-0.0028778440231296684,-0.005038762402638802,0.5,34.998018939246236,27.9993660605588,206.215157320287,99.99433982641781,6.319444424495045e-09,7.597193389781596e-06,0.05469999999999881
9.133333333333333,0.995279706154293,-0.024099447104772926,9.992211783841059,0.02576308015620608,21.854583577556753,398.2518093524026,7672.287746726132,-0.0036274629419671984,0.004983948765103903,-0.0025280833180093758,0.5,34.99801531756444,27.999364901620623,206.21456755713695,99.99432947875555,6.331018498495944e-09,7.6110821731056855e-06,0.0547999999999988
9.15,0.9884645147619734,-0.018284971079052196,9.992609106881241,0.022848634338045806,21.911653447507266,398.2458760960987,7672.287203360893,-0.006815044440964785,0.005820482692570519,0.00029661158845488205,0.5,34.998011695882646,27.999363742682448,206.2139848524604,99.99431913109326,6.342592572496709e-09,7.624970956236875e-06,0.0548999999999988
9.166666666666666,0.996924635097658,-0.014805362574555623,9.996156960618835,0.015602199559593596,21.89397868422603,398.239935191337,7672.286663063677,0.008461144856385565,0.003540552555432517,0.0034870371667402606,0.5,34.99800807420085,27.999362583744272,206.21340912202584,99.994308783431,6.35416664649734e-09,7.638859739175163e-06,0.05499999999999879
9.183333333333334,0.998900050697024,-0.022564115668965,10.002614422835611,0.02274166381832081,21.900760090845097,398.23398665397707,7672.286125853845,0.0019775214439409316,-0.00764511334234163,0.006591608749243867,0.5,34.998004452519055,27.999361424806096,206.2128402826096,99.99429843576874,6.3657407204978365e-09,7.652748521920552e-06,0.05509999999999879
9.2,0.9919950614537137,-0.010579728212177914,10.016700457813194,0.02132815727034831,22.07721967415957,398.228030499897,7672.285591750765,-0.006900915082956908,0.01222729498483723,0.013875704353856249,0.5,34.99800083083727,27.999360265867924,206.21227825198395,99.99428808810649,6.377314794498199e-09,7.66663730447304e-06,0.05519999999999878
9.216666666666667,1.0016568390659617,-0.010664609060285121,10.020294332661322,0.022985760634373686,21.992061173016765,398.2220667449888,7672.285060773819,0.009662443910129935,-2.2345300758021573e-05,0.0035948075784868394,0.5,34.997997209155486,27.999359106929756,206.211722948905,99.99427774044423,6.388888868498428e-09,7.680526086832632e-06,0.055299999999998774
9.233333333333333,0.9967741162334833,-0.012795640773729479,10.0139116223636,0.019174408962536055,22.05830008387604,398.2160954051623,7672.284532942395,-0.0048840295632486975,-0.0022420139284619325,-0.006344577127516565,0.5,34.997993587473694,27.99935794799158,206.21117429310087,99.99426739278199,6.400462942498523e-09,7.694414868999324e-06,0.05539999999999877
9.25,0.9958209801594073,-0.02461159558882978,10.009763835047604,0.0268050328611102,22.038761570241252,398.2101164963422,7672.284008275895,-0.0009544900766091893,-0.011886289408682055,-0.00394170664426742,0.5,34.99798996579191,27.99935678905341,206.21063220526005,99.99425704511975,6.412037016498484e-09,7.708303650973116e-06,0.055499999999998766
9.266666666666667,0.9939945995556663,-0.022865020160016836,10.003302184762514,0.023869865758704083,22.14807404174187,398.20413003447095,7672.283486793729,-0.0018290577406933428,0.0016341149794678364,-0.006491002334943029,0.5,34.99798634411013,27.99935563011524,206.2100966070198,99.99424669745753,6.4236110904983106e-09,7.722192432754008e-06,0.055599999999998755
9.283333333333333,1.0014969972993402,-0.020484198422397355,10.003599989299884,0.02085198392559896,22.168155475294853,398.1981360355048,7672.282968515317,0.007502510411851306,0.0023856464559443564,0.0002563019502384535,0.5,34.99798272242835,27.99935447117707,206.2095674209548,99.99423634979529,6.435185164498004e-09,7.736081214342e-06,0.05569999999999875
9.3,0.9974883546119002,-0.01985269304270267,9.99543911635891,0.020524215091638754,22.227757681768427,398.1921345154149,7672.282453460092,-0.004011515363494132,0.0004890546826083257,-0.008170646472453085,0.5,34.997979100746576,27.999353312238906,206.2090445705658,99.99422600213308,6.446759238497564e-09,7.749969995737093e-06,0.055799999999998746
9.316666666666666,0.9901537431290722,-0.021649887183908145,9.997732425187772,0.023891770864103365,22.276408615218205,398.1861254901914,7672.281941647495,-0.007333780906082049,-0.0017571473204605714,0.002324135281788583,0.5,34.99797547906479,27.999352153300734,206.20852798026854,99.99421565447084,6.4583333124969895e-09,7.763858776939286e-06,0.05589999999999874
9.333333333333334,0.988448144339262,-0.023987283375455606,9.994967551003,0.027095848451375824,22.29059348738802,398.1801089758398,7672.281433096974,-0.0017066999271627395,-0.0023847852587954455,-0.00272410504228374,0.5,34.99797185738302,27.999350994362565,206.2080175753827,99.99420530680862,6.469907386496281e-09,7.777747557948578e-06,0.05599999999999873
9.35,1.0034118326151364,-0.017538091078617323,9.995962700902181,0.018317226976211725,22.325916386450647,398.17408498837705,7672.280927827992,0.014964048980613903,0.006465515174107337,0.0008829036323081549,0.5,34.99796823570125,27.9993498354244,206.2075132821212,99.99419495914643,6.481481460495439e-09,7.791636338764971e-06,0.05609999999999873
9.366666666666667,1.0015368010929768,-0.030101691794565642,9.998160669027802,0.030196941250492992,22.324166958044987,398.1680535438396,7672.280425860017,-0.0018741177488974042,-0.012523223055358475,0.002417439072540636,0.5,34.99796461401947,27.999348676486232,206.2070150275792,99.99418461148421,6.493055534494462e-09,7.805525119388464e-06,0.05619999999999872
9.383333333333333,1.0105857045448516,-0.04180752564934638,9.994772250047832,0.04344209158639884,22.328053463557122,398.16201465828067,7672.279927212529,0.00904677714876113,-0.011763523855088082,-0.003182362866563504,0.5,34.99796099233771,27.999347517548067,206.20652273972368,99.99417426382202,6.504629608493352e-09,7.819413899819057e-06,0.05629999999999872
9.4,1.0040356191381736,-0.045272743456313075,9.996928307901157,0.04555582306938808,22.465272904055965,398.1559683477627,7672.279431905017,-0.006548446985271935,-0.0034267788521769324,0.0022166425055691746,0.5,34.99795737065594,27.999346358609902,206.20603634738293,99.99416391615983,6.5162036824921076e-09,7.83330268005675e-06,0.056399999999998715
9.416666666666666,1.0080457223346313,-0.03786683624818283,9.993663067639783,0.03922695432549516,22.521539010255804,398.1499146283688,7672.278939956979,0.004007734169499585,0.007347435113963497,-0.0033947676587483644,0.5,34.99795374897417,27.999345199671737,206.2055557802362,99.99415356849764,6.527777756490729e-09,7.847191460101543e-06,0.056499999999998704
9.433333333333334,1.0048645557238234,-0.03537095186343598,9.994594234933452,0.03611058287442179,22.56361335957321,398.1438535161968,7672.278451387919,-0.0031805714837730855,0.0025118553266162743,0.0008871831055013809,0.5,34.997950127292405,27.99934404073357,206.20508096880354,99.99414322083545,6.539351830489217e-09,7.861080239953436e-06,0.0565999999999987
9.45,1.0031231648718344,-0.022640434934873707,9.99229153788525,0.02411958384096343,22.64796533153549,398.1377850273577,7672.277966217354,-0.0017425565806068871,0.012688214457773116,-0.0025254086635438876,0.5,34.99794650561064,27.999342881795407,206.20461184443548,99.99413287317327,6.55092590448757e-09,7.87496901961243e-06,0.056699999999998696
9.466666666666667,1.0106197552388325,-0.020733979839286928,9.990122903381199,0.025302098537593208,22.603662737425854,398.13170917797925,7672.277484464808,0.007495769520978142,0.001868052801732925,-0.0022018003403051364,0.5,34.997942883928886,27.999341722857242,206.20414833930332,99.9941225255111,6.56249997848579e-09,7.888857799078523e-06,0.05679999999999869
9.483333333333333,1.006617698959827,-0.03253011936724283,9.990309318459937,0.03458143284344678,22.612919113146713,398.125625984204,7672.277006149816,-0.004001969631746439,-0.011791030437404842,0.0003940313622268228,0.5,34.99793926224712,27.99934056391908,206.20369038638916,99.99411217784893,6.574074052483876e-09,7.902746578351717e-06,0.05689999999999868
9.5,1.016358687661929,-0.03118733937691648,9.990623203051149,0.03644307357096933,22.67621758323205,398.1195354621904,7672.276531291916,0.00974116325785834,0.0013481117244519413,0.00029013169574319375,0.5,34.997935640565366,27.99933940498092,206.20323791947615,99.99410183018676,6.585648126481827e-09,7.91663535743201e-06,0.05699999999999868
9.516666666666667,1.0169737486518737,-0.03325789233132898,9.991740735655297,0.038240418440359275,22.72864046260153,398.1134376281099,7672.276059910661,0.0006156894799064538,-0.002050398352496283,0.0011540948232342026,0.5,34.99793201888361,27.999338246042754,206.20279087313887,99.99409148252461,6.597222200479645e-09,7.930524136319404e-06,0.05709999999999867
9.533333333333333,1.0126241864535719,-0.03280558065283778,9.987646622609251,0.03725711787150043,22.79223192331406,398.1073324981481,7672.275592025608,-0.004351922507855617,0.0003797313147220867,-0.00410148096239091,0.5,34.99792839720186,27.999337087104596,206.2023491827339,99.99408113486245,6.608796274477328e-09,7.944412915013898e-06,0.05719999999999867
9.55,1.0082929105115894,-0.027548523704393937,9.992353083213144,0.029768076218276866,22.8653063965885,398.1012200885089,7672.275127656322,-0.004328797103503854,0.005339237464496421,0.004613020323995089,0.5,34.997924775520104,27.99933592816643,206.2019127843904,99.9940707872003,6.620370348474878e-09,7.958301693515494e-06,0.05729999999999866
9.566666666666666,1.0099226463403925,-0.029224840893042586,9.99110809233747,0.03211808293152832,22.84524888836752,398.09510041541046,7672.27466682238,0.0016291190093267215,-0.0016979831643339656,-0.0012152754388930543,0.5,34.997921153838355,27.999334769228273,206.20148161500074,99.99406043953816,6.6319444224722935e-09,7.972190471824191e-06,0.057399999999998653
9.583333333333334,1.0103987159433032,-0.029019288482558293,9.992664461828154,0.031686335747848376,22.901294970963615,398.08897349508294,7672.274209543361,0.0004768606680040561,0.0002329588137861176,0.0015525035750760844,0.5,34.997917532156606,27.999333610290115,206.20105561221146,99.99405009187602,6.643518496469575e-09,7.986079249939989e-06,0.05749999999999865
9.6,1.0105611958196186,-0.025346287254742698,9.9925084798448,0.028461570604745034,22.958344680855163,398.0828393437732,7672.27375583886,0.00016240587391870662,0.0036696792398626084,-0.00022073214311280775,0.5,34.997913910474864,27.999332451351954,206.20063471441424,99.9940397442139,6.6550925704667235e-09,7.999968027862887e-06,0.057599999999998645
9.616666666666667,1.0061164275588106,-0.025422437913953867,9.995937957817107,0.02646129618389322,22.997424802259893,398.0766979777422,7672.27330572847,-0.004443248864742932,-1.578718073507873e-05,0.0034302866595260595,0.5,34.997910288793115,27.999331292413796,206.2002188607368,99.99402939655177,6.666666644463738e-09,8.013856805592884e-06,0.057699999999998634
9.633333333333333,1.0122884136515589,-0.025443281945083156,9.999585591116073,0.02825836463415641,23.00434563669368,398.07054941326476,7672.2728592318,0.006173605236195865,4.3404940429054915e-05,0.003647434248141765,0.5,34.99790666711137,27.999330133475638,206.19980799103425,99.99401904888964,6.678240718460618e-09,8.027745583129982e-06,0.05779999999999863
9.65,1.0141738913306104,-0.018841555374505926,10.00052776168483,0.02358356197207455,23.089105755676606,398.06439366663153,7672.2724163684625,0.0018858417886705805,0.006617355003027811,0.0008252828824624562,0.5,34.99790304542963,27.99932897453748,206.1994020458803,99.99400870122753,6.689814792457365e-09,8.04163436047418e-06,0.057899999999998626
9.666666666666666,1.0123151614155168,-0.01168334338177156,9.999965510910362,0.01697541797249988,23.142395973771755,398.0582307541473,7672.271977158077,-0.001858879687613001,0.007147150124102278,-0.0006887453052690008,0.5,34.99789942374789,27.999327815599322,206.19900096655857,99.9939983535654,6.701388866453977e-09,8.055523137625479e-06,0.05799999999999862
9.683333333333334,0.9906458656355481,-0.021087109322535796,9.993578548416064,0.02394625559005106,23.15551282837096,398.05206069213153,7672.271541620269,-0.021671122557242316,-0.009513962523137406,-0.0062216254244642066,0.5,34.997895802066154,27.99932665666117,206.19860469505414,99.9939880059033,6.7129629404504555e-09,8.069411914583877e-06,0.05809999999999861
9.7,0.9879975871578361,-0.02287648683406727,9.996911821559358,0.026018132256256876,23.1831686457478,398.0458834969141,7672.271109774677,-0.0026469996521328865,-0.0017315582688742196,0.0033636715163351373,0.5,34.99789218038442,27.999325497723014,206.1982131740452,99.99397765824119,6.7245370144468e-09,8.083300691349375e-06,0.05819999999999861
9.716666666666667,0.9859513293304685,-0.012606910935376638,10.003485735990044,0.01919476296597743,23.28605310206203,398.03969918484614,7672.27068164094,-0.0020442222080320985,0.010381288643872114,0.006396044330968062,0.5,34.997888558702684,27.99932433878486,206.19782634689463,99.9939673105791,6.73611108844301e-09,8.097189467921974e-06,0.0582999999999986
9.733333333333333,0.9975423741400058,-0.010728638335378038,10.005971167516744,0.012521808719532969,23.23628689443335,398.0335077722855,7672.270257238706,0.011591550985040352,0.001921010043691878,0.002452549304955061,0.5,34.99788493702095,27.9993231798467,206.19744415764177,99.993956962917,6.747685162439087e-09,8.111078244301672e-06,0.0583999999999986
9.75,1.0045810681768275,-0.02193649695804776,10.008716256139948,0.02404546711806623,23.22411072165587,398.0273092756104,7672.269836587632,0.0070394765526191104,-0.011158188780891101,0.002940481312855472,0.5,34.99788131533922,27.99932202090855,206.19706655099444,99.99394661525491,6.759259236435029e-09,8.12496702048847e-06,0.058499999999998595
9.766666666666667,1.0113634784008236,-0.012133906748915702,10.004360530135346,0.01718676947979633,23.365561034859816,398.02110371120835,7672.269419707379,0.006781115185896906,0.0097244494982084,-0.00452749435602572,0.5,34.99787769365749,27.999320861970396,206.19669347232082,99.99393626759283,6.770833310430837e-09,8.13885579648237e-06,0.058599999999998584
9.783333333333333,1.0102094018848948,-0.01796971032033205,10.003174993219858,0.02091011996220476,23.353772372590953,398.0148910954846,7672.269006617615,-0.0011543879608007727,-0.005855809103174221,-0.0010824051083353073,0.5,34.997874071975765,27.999319703032242,206.19632486764164,99.99392591993075,6.782407384426512e-09,8.152744572283368e-06,0.05869999999999858
9.8,1.0109493724658705,-0.026707598954602566,10.002261639946306,0.028953603434369687,23.373315046826757,398.0086714448547,7672.268597338014,0.0007396144800121502,-0.008752638353486249,-0.0007591007953855792,0.5,34.99787045029404,27.999318544094095,206.1959606836222,99.99391557226868,6.793981458422052e-09,8.166633347891467e-06,0.058799999999998576
9.816666666666666,1.004771740370954,-0.02650335546289735,9.99906241744165,0.026945766741940883,23.478738188268718,398.00244477575086,7672.268191888256,-0.0061791176699846195,0.000147938926066495,-0.0032023197748926435,0.5,34.99786682861231,27.99931738515594,206.19560086756474,99.9939052246066,6.8055555324174585e-09,8.180522123306668e-06,0.05889999999999857
9.833333333333334,1.0071078008484637,-0.029404117242678524,9.994211248738528,0.030799536751990077,23.474540541073765,397.9962111046193,7672.2677902880305,0.002333693666754392,-0.002985482111553602,-0.004799494526411644,0.5,34.99786320693059,27.99931622621779,206.19524536740087,99.99389487694455,6.817129606412731e-09,8.19441089852897e-06,0.05899999999999856
9.85,1.0112155527968372,-0.034321210312319134,9.993072474759506,0.03676517585172378,23.502277458642563,397.9899704479156,7672.267392557028,0.004107118668398925,-0.004936386800762384,-0.0010519959352998935,0.5,34.99785958524887,27.99931506727964,206.19489413168392,99.99388452928248,6.828703680407869e-09,8.208299673558373e-06,0.059099999999998556
9.866666666666667,1.0029755330447105,-0.027554711704247673,9.995467686427864,0.02808293619712382,23.644387524402884,397.9837228221139,7672.266998714948,-0.008238726425654964,0.006807552166994317,0.002275911809496472,0.5,34.997855963567154,27.99931390834149,206.1945471095815,99.99387418162044,6.8402777544028735e-09,8.222188448394876e-06,0.05919999999999855
9.883333333333333,1.0092521636005758,-0.02673156081853884,9.995074918508505,0.028712611149806274,23.605754329874646,397.97746824370046,7672.266608781496,0.006276444493415058,0.0008161273302795631,-0.00040716110791074025,0.5,34.997852341885434,27.999312749403337,206.1942042508682,99.99386383395839,6.851851828397744e-09,8.236077223038479e-06,0.05929999999999855
9.9,1.0064949670896215,-0.021769893420711586,10.002475288314002,0.02285270250665505,23.70295050502234,397.9712067291746,7672.26622277638,-0.002754064267795289,0.005091070820308842,0.007311949469737216,0.5,34.99784872020372,27.99931159046519,206.19386550591832,99.99385348629633,6.863425902392481e-09,8.249965997489182e-06,0.05939999999999854
9.916666666666666,0.9973293724499044,-0.027056086585579165,10.009019230249883,0.028644357380360093,23.71002964350194,397.9649382950487,7672.265840719318,-0.009162806370370905,-0.005170959104252056,0.006635374072377734,0.5,34.997845098522006,27.999310431527043,206.19353082569856,99.9938431386343,6.874999976387084e-09,8.263854771746985e-06,0.05949999999999853
9.933333333333334,1.0051403497127973,-0.020080296319078508,10.013939356679378,0.024979436782390743,23.757923228644742,397.95866295784805,7672.265462630027,0.007813001132248141,0.007060699282811324,0.004797480176567627,0.5,34.99784147684029,27.999309272588892,206.1932001617611,99.99383279097228,6.886574050381553e-09,8.277743545811888e-06,0.05959999999999853
9.95,1.0054791047030323,-0.03172134458538211,10.011051356999944,0.034035720960131605,23.718731046223944,397.952380734114,7672.265088528237,0.00033744945674571826,-0.01168992657634976,-0.0026833119172262384,0.5,34.997837855158586,27.99930811365075,206.19287346623645,99.99382244331024,6.8981481243758885e-09,8.291632319683891e-06,0.05969999999999853
9.966666666666667,1.0051509451648162,-0.03643157521732955,10.009493304409228,0.037999287225879974,23.797650160086125,397.9460916403979,7672.264718433678,-0.00032908618436828445,-0.004736841870089767,-0.0014751707529194905,0.5,34.99783423347687,27.999306954712598,206.19255069182663,99.99381209564821,6.90972219837009e-09,8.305521093362995e-06,0.059799999999998535
9.983333333333333,0.9971120569083757,-0.026117004809732506,10.00686553317396,0.027158141660174617,23.937894237354328,397.9397956932662,7672.264352366086,-0.008040322610465705,0.010267083133295184,-0.002807587474264176,0.5,34.99783061179517,27.999305795774458,206.1922317917982,99.9938017479862,6.921296272364157e-09,8.319409866849198e-06,0.059899999999998545
10.0,1.000472924877164,-0.0264824858645441,10.009673121039315,0.028197820719537213,23.892703841896132,397.93349290929825,7672.263990345203,0.0033621567006846087,-0.0003164855263120503,0.002813531816784076,0.5,34.99782699011347,27.999304636836307,206.19191671997567,99.99379140032418,6.93287034635809e-09,8.333298640142502e-06,0.059999999999998554
10.016666666666667,0.9961990101185151,-0.026894533191308388,10.002391955095485,0.027266840939652336,23.947077182755834,397.92718330508563,7672.263632390774,-0.004277306344824425,-0.0005388471991875545,-0.007272880647422504,0.5,34.99782336843176,27.999303477898163,206.19160543073465,99.99378105266217,6.944444420351889e-09,8.347187413242906e-06,0.06009999999999856
10.033333333333333,0.9904220131828937,-0.027906895098466312,9.994663269598597,0.029983965908252953,23.988443694951048,397.92086689723374,7672.26327852255,-0.0057806930503619715,-0.0011461917070304136,-0.007709973241898956,0.5,34.99781974675006,27.99930231896002,206.19129787899536,99.99377070500017,6.956018494345554e-09,8.361076186150411e-06,0.06019999999999857
10.05,0.9978131319224111,-0.029579567231587292,9.991153170610211,0.030951729566717837,23.98781797504545,397.9145437023612,7672.262928760285,0.007389357859458301,-0.001733319716276467,-0.00348054977082984,0.5,34.99781612506836,27.999301160021876,206.19099402021607,99.99376035733818,6.9675925683390854e-09,8.374964958865018e-06,0.06029999999999858
10.066666666666666,0.9910384731679431,-0.02669635237964317,9.995056320488276,0.02859134132753649,24.102646729333923,397.9082137370976,7672.26258312374,-0.006772741925355044,0.0029505202893382516,0.0038525229795873294,0.5,34.99781250338666,27.999300001083732,206.19069381038665,99.99375000967618,6.9791666423324826e-09,8.388853731386726e-06,0.06039999999999858
10.083333333333334,0.998295443251141,-0.02711114061661051,9.991409681401393,0.028490699486633683,24.074854843858255,397.9018770180894,7672.262241632678,0.007255257780906556,-0.00047802898159226214,-0.0036388887500762596,0.5,34.99780888170497,27.999298842145592,206.19039720602223,99.99373966201419,6.990740716325746e-09,8.402742503715533e-06,0.06049999999999859
10.1,1.0102388885198827,-0.02859801257223467,9.993093224697642,0.03115043182332612,24.09988406794792,397.8955335619887,7672.261904306867,0.011944263773397185,-0.0014571363261526458,0.0017093447153352064,0.5,34.99780526002327,27.99929768320745,206.19010416415688,99.99372931435221,7.002314790318875e-09,8.416631275851441e-06,0.0605999999999986
10.116666666666667,0.9999164788361048,-0.020879695282061263,9.991522238895001,0.02253533535840006,24.253767364081728,397.88918338546904,7672.261571166079,-0.010323088023221625,0.007689573144634101,-0.001706131082969839,0.5,34.99780163834158,27.999296524269305,206.18981464233747,99.99371896669022,7.01388886431187e-09,8.430520047794449e-06,0.0606999999999986
10.133333333333333,1.0138132687388464,-0.015599789270825344,9.997955125910767,0.02093641884604284,24.213402165250404,397.8828265052093,7672.261242230089,0.01389883783900549,0.005392130810100661,0.006339113913728025,0.5,34.997798016659885,27.999295365331164,206.18952859861744,99.99370861902825,7.025462938304731e-09,8.444408819544557e-06,0.06079999999999861
10.15,1.0151541437708889,-0.01556717509299874,9.99837539927959,0.021785721202129387,24.26000943940992,397.87646293790453,7672.260917518677,0.0013409893393445155,4.00500707765672e-05,0.000419630036973485,0.5,34.9977943949782,27.999294206393024,206.18924599155085,99.99369827136628,7.037037012297458e-09,8.458297591101764e-06,0.06089999999999862
10.166666666666666,1.0207668458705528,-0.02608541154294417,9.997144722323068,0.033463953501641476,24.23114119009247,397.87009270026255,7672.260597051627,0.005612254768604813,-0.010538440447167405,-0.0010436174744466607,0.5,34.997790773296515,27.999293047454884,206.1889667801862,99.99368792370433,7.048611086290051e-09,8.472186362466073e-06,0.060999999999998625
10.183333333333334,1.0113655001644068,-0.03493355305871488,9.997927112730332,0.03679416007656104,24.32874080906757,397.8637158089997,7672.2602808487245,-0.009400929111467353,-0.008832876351805147,0.0009391693449657479,0.5,34.99778715161483,27.999291888516748,206.18869092406075,99.99367757604236,7.0601851602825105e-09,8.48607513363748e-06,0.061099999999998635
10.2,1.0122105250562854,-0.021332296887696424,10.00444032204878,0.024977999451191172,24.45743180733127,397.857332280851,7672.25996892976,0.0008482229568259757,0.013714146554959889,0.006272020530577058,0.5,34.99778352993314,27.999290729578604,206.18841838319452,99.9936672283804,7.0717592342748356e-09,8.499963904615989e-06,0.061199999999998644
10.216666666666667,1.0050237888595686,-0.018610382767902237,10.008375930078177,0.02101796070033385,24.4643387316532,397.85094213255775,7672.259661314527,-0.0071853643884446,0.002790770032272638,0.0038870847553701716,0.5,34.99777990825146,27.999289570640467,206.18814911808457,99.99365688071845,7.083333308267027e-09,8.513852675401597e-06,0.06129999999999865
10.233333333333333,0.9990892776003133,-0.01451376762201802,10.003922402080448,0.015061978598288239,24.499830212577248,397.8445453808773,7672.259358022821,-0.005935798613567569,0.004018104044989277,-0.0045244895473747215,0.5,34.99777628656978,27.999288411702327,206.18788308969923,99.9936465330565,7.094907382259085e-09,8.527741445994307e-06,0.06139999999999866
10.25,0.9985133219144928,-0.018438878304440687,9.996563552083499,0.018815240022981388,24.479436426926192,397.83814204257726,7672.259059074443,-0.0005780718414793209,-0.004052790005910924,-0.0072893110828808165,0.5,34.9977726648881,27.999287252764194,206.18762025947254,99.99363618539458,7.1064814562510085e-09,8.54163021639412e-06,0.06149999999999867
10.266666666666667,1.0084931594246727,-0.017316303622284892,9.997686778558249,0.01942506575296653,24.520494110243508,397.83173213443627,7672.258764489194,0.009980188007705955,0.0011420741840077627,0.0011033938940370365,0.5,34.997769043206425,27.999286093826058,206.18736058929863,99.99362583773264,7.1180555302427985e-09,8.555518986601031e-06,0.06159999999999867
10.283333333333333,1.0013975869565415,-0.013059438586812562,9.995790543979615,0.013792039820233033,24.62709608713923,397.8253156732507,7672.258474286881,-0.007096075127943003,0.004222952775940568,-0.0019706027536059165,0.5,34.99776542152475,27.999284934887918,206.1871040415263,99.99361549007071,7.129629604234454e-09,8.569407756615044e-06,0.06169999999999868
10.3,1.0042529605853343,-0.026094838449175824,9.986405064893184,0.029729180808032957,24.540610263207316,397.8188926758198,7672.258188487311,0.0028521667470652054,-0.01319766525207873,-0.009155899301705676,0.5,34.997761799843076,27.999283775949785,206.18685057895345,99.99360514240878,7.141203678225976e-09,8.583296526436156e-06,0.06179999999999869
10.316666666666666,1.006070599049446,-0.01749637463206727,9.986851524958764,0.022711964102426013,24.704170396160837,397.8124631589632,7672.257907110293,0.0018178082999450293,0.00860497270991902,0.00029555292974200347,0.5,34.997758178161405,27.999282617011648,206.18660016482178,99.99359479474687,7.152777752217364e-09,8.597185296064368e-06,0.06189999999999869
10.333333333333334,1.002019375802195,-0.021624017522506984,9.988264605060266,0.02468575619095537,24.698096422730096,397.80602713950816,7672.257630175642,-0.004050740837780717,-0.004102247746083015,0.001485191719140871,0.5,34.997754556479734,27.999281458073515,206.1863527628115,99.99358444708494,7.164351826208618e-09,8.61107406549968e-06,0.0619999999999987
10.35,0.9898633639588363,-0.028283084369458856,9.992592198470996,0.030945061600946955,24.753277549942666,397.7995846342938,7672.257357703171,-0.012154127128480567,-0.006582840491780865,0.004442684368563614,0.5,34.99775093479806,27.99928029913538,206.18610833703607,99.99357409942303,7.175925900199738e-09,8.624962834742093e-06,0.06209999999999871
10.366666666666667,0.9927943184231751,-0.02495783631152108,9.994415616558761,0.026571004940537157,24.7954105334758,397.7931356601706,7672.257089712698,0.002931801651762541,0.003356297468589072,0.0017656145596369101,0.5,34.99774731311639,27.999279140197245,206.18586685203698,99.99356375176113,7.187499974190724e-09,8.638851603791606e-06,0.062199999999998715
10.383333333333333,1.0012285435557586,-0.017584236446129484,9.994864820318211,0.018359815310957733,24.838120055901637,397.7866802340038,7672.256826224043,0.008434391914536364,0.007380299821904252,0.0003208332120566902,0.5,34.997743691434735,27.999277981259112,206.1856282727787,99.99355340409923,7.199074048181576e-09,8.652740372648219e-06,0.062299999999998724
10.4,1.0015144740016546,-0.03432902593523829,9.990528111463108,0.03564384557339458,24.775156240720538,397.78021837266533,7672.256567257027,0.0002839657924661544,-0.01681802208767562,-0.004043408505192708,0.5,34.99774006975307,27.999276822320983,206.1853925646436,99.99354305643735,7.210648122172294e-09,8.666629141311932e-06,0.062399999999998734
10.416666666666666,1.0011864163857405,-0.022369621259020953,9.990094622050398,0.02449325334180015,24.968423888174893,397.77375009304285,7672.256312831472,-0.00032827210171636044,0.01195000267342601,-0.0006424253897358952,0.5,34.99773644807141,27.99927566338285,206.18515969342687,99.99353270877545,7.222222196162878e-09,8.680517909782748e-06,0.06249999999999874
10.433333333333334,0.9876859034496502,-0.026038276185118128,9.994221207239265,0.029377807616651867,24.973400498496527,397.7672754120342,7672.2560629672025,-0.013498769769721404,-0.003596484223950308,0.0041896339864298205,0.5,34.99773282638975,27.99927450444472,206.18492962533176,99.99352236111356,7.2337962701533276e-09,8.694406678060665e-06,0.06259999999999875
10.45,0.988634600234499,-0.02902987560550483,9.997371403405316,0.03128626923577891,24.971202671753257,397.76079434654673,7672.255817684046,0.0009502106439673631,-0.002936826880264344,0.003201319818037564,0.5,34.99772920470809,27.999273345506587,206.18470232696455,99.99351201345168,7.2453703441436434e-09,8.708295446145681e-06,0.06269999999999876
10.466666666666667,0.99076123052415,-0.02949918247735517,9.998896857527638,0.030931841118104313,25.01921658582786,397.75430691350067,7672.255577001827,0.0021274094344485074,-0.00044288826081137565,0.0015333325150944568,0.5,34.99772558302643,27.999272186568458,206.18447776532977,99.99350166578981,7.256944418133825e-09,8.722184214037798e-06,0.06279999999999876
10.483333333333333,1.0128869692723603,-0.031585394505438305,9.995722505651313,0.03437990233953136,24.98505489424987,397.74781312982924,7672.255340940378,0.022124046892078773,-0.0021413942840681614,-0.003137390422789287,0.5,34.99772196134478,27.999271027630332,206.1842559078255,99.99349131812794,7.268518492123873e-09,8.736072981737015e-06,0.06289999999999878
10.5,1.0108968985302982,-0.029387624323005176,9.991500347881349,0.032474165673167535,25.120859795732382,397.7413130124733,7672.255109519527,-0.00199231730994595,0.002122864452572638,-0.004260311198601346,0.5,34.99771833966312,27.9992698686922,206.18403672223857,99.99348097046608,7.280092566113787e-09,8.749961749243332e-06,0.06299999999999878
10.516666666666667,1.014002461337271,-0.032612921917384984,9.988391140176905,0.0373409250696444,25.11836066893523,397.7348065783875,7672.2548827591045,0.0031038805497332106,-0.0032797326984951446,-0.003051731926423142,0.5,34.997714717981474,27.999268709754073,206.18382017674,99.99347062280421,7.291666640103567e-09,8.763850516556749e-06,0.06309999999999878
10.533333333333333,1.0165075517589148,-0.02980795942633478,9.988043844490546,0.03610901099412012,25.193992697393064,397.728293844535,7672.254660678944,0.00250490124142623,0.00279836855189703,-0.00039694116561500787,0.5,34.997711096299824,27.999267550815944,206.18360623988036,99.99346027514235,7.303240714093214e-09,8.777739283677266e-06,0.0631999999999988
10.55,1.018838472480772,-0.029196724598781778,9.988187676176645,0.03669815198921231,25.223883577112222,397.721774827892,7672.254443298876,0.0023309947829811494,0.000613692981203828,0.0001329529535097717,0.5,34.997707474618174,27.999266391877814,206.1833948805852,99.9934499274805,7.314814788082726e-09,8.791628050604883e-06,0.0632999999999988
10.566666666666666,1.0183482785341016,-0.033147666997907145,9.989834162360385,0.03922580119867403,25.25069051150437,397.71524954544753,7672.254230638737,-0.000489298163639237,-0.003921048699237638,0.0017164611578855944,0.5,34.99770385293653,27.999265232939692,206.18318606815072,99.99343957981866,7.326388862072105e-09,8.8055168173396e-06,0.0633999999999988
10.583333333333334,1.004867654245449,-0.027816229578940307,9.988429688301444,0.030516904273309154,25.37614744620975,397.70871801419463,7672.254022718358,-0.01348137154556602,0.0053058105481020084,-0.001498381350040642,0.5,34.99770023125489,27.999264074001566,206.1829797722391,99.99342923215681,7.33796293606135e-09,8.819405583881421e-06,0.06349999999999882
10.6,1.0089734004012594,-0.02989193333911177,9.99693190310337,0.03135998155006354,25.332896863425177,397.70218025114576,7672.2538195575735,0.004110027861926484,-0.0019259723505535165,0.008537377536365956,0.5,34.99769660957324,27.999262915063436,206.18277596287436,99.99341888449497,7.3495370100504605e-09,8.833294350230342e-06,0.06359999999999882
10.616666666666667,1.006822689741278,-0.034005799051783005,10.001468691036587,0.03471464329181377,25.378242288795565,397.6956362733152,7672.253621176219,-0.002148180888851427,-0.004033426076694933,0.00460844915483912,0.5,34.997692987891604,27.999261756125314,206.18257461043794,99.99340853683314,7.361111084039437e-09,8.847183116386363e-06,0.06369999999999883
10.633333333333333,1.0070528395801408,-0.024456426906169317,9.994060341913695,0.026136583886885913,25.470775918912153,397.68908609773683,7672.253427594129,0.00022637025363576537,0.009417707082240186,-0.007575019807681282,0.5,34.99768936620996,27.999260597187188,206.18237568566443,99.99339818917133,7.37268515802828e-09,8.861071882349484e-06,0.06379999999999884
10.65,0.9979044043272911,-0.023470967345882665,9.986745394460295,0.027036526512414217,25.4958973863289,397.6825297414484,7672.253238831137,-0.0091514947154598,0.0008573289056895085,-0.007331068481137852,0.5,34.997685744528326,27.999259438249066,206.1821791596373,99.9933878415095,7.3842592320169885e-09,8.874960648119705e-06,0.06389999999999885
10.666666666666666,0.9964449978809989,-0.024318722777584227,9.983246531515816,0.029744617829421744,25.506272965153226,397.6759672215013,7672.253054907082,-0.001460865625149917,-0.0009085181105577347,-0.003483579179549878,0.5,34.99768212284669,27.999258279310943,206.1819850037848,99.99337749384769,7.395833306005563e-09,8.888849413697027e-06,0.06399999999999885
10.683333333333334,0.9949943960641116,-0.02441468003938157,9.981321358418375,0.03114585298411481,25.551746952454867,397.6693985549547,7672.25287584179,-0.001451420552952635,-0.00012939787325023637,-0.0019232146974683202,0.5,34.997678501165055,27.999257120372818,206.18179318987586,99.99336714618588,7.407407379994004e-09,8.902738179081448e-06,0.06409999999999887
10.7,1.0064676995178452,-0.026122570530565156,9.982129138720746,0.03230378934076033,25.546330782358982,397.6628237588834,7672.252701655104,0.011473659739905776,-0.001693521985524318,0.0008374856063152358,0.5,34.99767487948343,27.9992559614347,206.18160369001598,99.99335679852408,7.4189814539823105e-09,8.91662694427297e-06,0.06419999999999887
10.716666666666667,1.0068559987552546,-0.013532217622598755,9.988757149083638,0.018881449181558534,25.699752383483997,397.6562428503651,7672.252532366852,0.0003905928822978905,0.01270485500653134,0.006405791412958086,0.5,34.99767125780179,27.999254802496573,206.18141647664316,99.99334645086226,7.430555527970483e-09,8.930515709271591e-06,0.06429999999999887
10.733333333333333,1.0135646099803242,-0.01645008105156964,9.984696584212953,0.026243832408263685,25.63081885924782,397.6496558464952,7672.25236799687,0.006707548806592691,-0.0029890000302165093,-0.004008489972994129,0.5,34.99766763612016,27.99925364355845,206.18123152252406,99.99333610320048,7.442129601958522e-09,8.944404474077317e-06,0.06439999999999889
10.75,1.0102124378911261,-0.011646063665035303,9.988657526081726,0.019197730440762905,25.74908300778183,397.6430627643736,7672.252208564988,-0.0033512009261694605,0.0048732179261894715,0.003875485742314441,0.5,34.997664014438534,27.99925248462033,206.18104880074995,99.99332575553868,7.453703675946427e-09,8.958293238690142e-06,0.06449999999999889
10.766666666666667,1.0035067599135565,-0.010743569709765786,9.995487824560925,0.012168747341107566,25.782137177074603,397.6364636211134,7672.252054091039,-0.00670434343772465,0.0010223773692550119,0.0068133850371156,0.5,34.99766039275691,27.999251325682213,206.1808682847329,99.99331540787689,7.465277749934197e-09,8.972182003110067e-06,0.0645999999999989
10.783333333333333,1.0019837511038114,-0.0039900289932400185,9.994560923158012,0.0070312447655906584,25.82956712489751,397.62985843383706,7672.251904594852,-0.0015231279860936447,0.006736285408403258,-0.001044948524891754,0.5,34.99765677107529,27.99925016674409,206.18068994820192,99.9933050602151,7.476851823921834e-09,8.986070767337093e-06,0.06469999999999891
10.8,1.0077270622848267,-0.010928276927561098,9.988279557606047,0.017790059420338435,25.77201176566481,397.62324721967707,7672.251760096257,0.005742493435076443,-0.007047338099756824,-0.006158722529536741,0.5,34.99765314939367,27.999249007805975,206.1805137651992,99.99329471255334,7.488425897909336e-09,8.999959531371218e-06,0.06479999999999891
10.816666666666666,1.0132275347227417,-0.02593583329488805,9.99134639117603,0.030372162452598807,25.779693148860915,397.6166299957745,7672.251620615083,0.005501459042644686,-0.014951138251959454,0.003331018394408426,0.5,34.99764952771205,27.999247848867856,206.18033971007637,99.99328436489157,7.499999971896705e-09,9.013848295212444e-06,0.06489999999999892
10.833333333333334,1.0189824575737814,-0.025341797388817356,10.000443790585889,0.03166608685061577,25.905228006431795,397.61000677928234,7672.251486171156,0.0057589937759147105,0.0007552707397635601,0.00908543365928642,0.5,34.99764590603043,27.999246689929738,206.18016775749075,99.9932740172298,7.51157404588394e-09,9.02773705886077e-06,0.06499999999999893
10.85,1.0128122802496105,-0.026880661831500292,10.002219605908337,0.02986075165815146,25.964408133921985,397.6033775873622,7672.251356784302,-0.006169368043296847,-0.0015071376659589204,0.0018028198053805773,0.5,34.997642284348814,27.99924553099162,206.17999788240178,99.99326366956804,7.52314811987104e-09,9.041625822316196e-06,0.06509999999999894
10.866666666666667,1.008089612657437,-0.02652939329164535,10.00829353978661,0.028949341969548337,26.01382906876209,397.5967424371848,7672.251232474343,-0.004719836591105541,0.0004583264033013331,0.006066794159225706,0.5,34.99763866266719,27.9992443720535,206.17983006006733,99.99325332190627,7.534722193858009e-09,9.055514585578723e-06,0.06519999999999894
10.883333333333333,1.0112972195378243,-0.0416839000444667,10.011995418630963,0.044823691682113496,25.947483051908854,397.5901013459312,7672.251113261103,0.0032098105106823523,-0.015086920901483137,0.003968349515088662,0.5,34.997635040985585,27.999243213115385,206.17966426604022,99.99324297424452,7.546296267844841e-09,9.069403348648353e-06,0.06529999999999896
10.9,1.0119012075426255,-0.03508229172347803,10.011458024572434,0.03877854743305733,26.104315107747656,397.5834543307945,7672.250999164399,0.0006036279984270144,0.0065910918186693175,-0.0006538603862951229,0.5,34.99763141930397,27.99924205417727,206.17950047616463,99.99323262658277,7.557870341831542e-09,9.083292111525082e-06,0.06539999999999896
10.916666666666666,1.0186645686293907,-0.04069895760031022,10.003453570206322,0.044908175098860734,26.055973707027313,397.5768014089735,7672.250890204054,0.006758067619979047,-0.005757615811444945,-0.007903673713122592,0.5,34.997627797622364,27.999240895239158,206.1793386665727,99.99322227892104,7.569444415818106e-09,9.097180874208912e-06,0.06549999999999896
10.933333333333334,1.016877532149009,-0.0372511495566575,10.002151082383902,0.0409530216787652,26.17517005481622,397.5701425976772,7672.250786399879,-0.0017879224886974256,0.003424128635249354,-0.0013635237987800913,0.5,34.99762417594076,27.999239736301043,206.179178813681,99.9932119312593,7.581018489804539e-09,9.111069636699842e-06,0.06559999999999898
10.95,1.0084873035578747,-0.022034431974664002,10.001769412811191,0.02367883251125818,26.2973206842151,397.56347791412475,7672.2506877716905,-0.008390426068332109,0.015207595454961921,-0.0006505459544431342,0.5,34.99762055425914,27.999238577362927,206.17902089418718,99.99320158359755,7.592592563790835e-09,9.124958398997872e-06,0.06569999999999898
10.966666666666667,1.0170672082373344,-0.01542450067235359,9.997785501387472,0.023110574220234385,26.237995329491305,397.5568073755447,7672.2505943393,0.008578602391296191,0.006538481579758202,-0.004100121886580434,0.5,34.99761693257754,27.999237418424812,206.17886488506662,99.99319123593583,7.604166637777e-09,9.138847161103002e-06,0.06579999999999898
10.983333333333333,1.0078187300854922,-0.016693141208955237,9.990759937488436,0.020619194981932192,26.289453299664423,397.55013099917676,7672.2505061225165,-0.009250447292040052,-0.0013925809866572898,-0.007002050534715852,0.5,34.99761331089594,27.999236259486704,206.17871076356914,99.99318088827411,7.615740711763028e-09,9.152735923015232e-06,0.065899999999999
11.0,1.0060095496443358,-0.012492433377006987,9.991286564100621,0.016373396855212705,26.341771322786762,397.5434488022644,7672.250423141146,-0.0018090463136252765,0.0042093136107211205,0.00045272597375729443,0.5,34.997609689214336,27.999235100548585,206.17855850721568,99.99317054061238,7.627314785748924e-09,9.166624684734562e-06,0.065999999999999
11.016666666666667,0.9984314858131977,-0.013945415594370588,9.9930714456968,0.015650634336420652,26.37158811531289,397.53676080206594,7672.250345414991,-0.0075776520454499,-0.001421540299092588,0.0018100228366684198,0.5,34.997606067532736,27.999233941610477,206.17840809379499,99.99316019295068,7.638888859734685e-09,9.180513446260996e-06,0.066099999999999
11.033333333333333,1.0045938208179244,-0.01923058899180144,10.000758687238568,0.019786245519118298,26.355258908620367,397.53006701584627,7672.250272963854,0.00616456058435306,-0.005150002237395376,0.0077784454075630815,0.5,34.997602445851136,27.999232782672365,206.17825950136066,99.99314984528897,7.650462933720313e-09,9.19440220759453e-06,0.06619999999999902
11.05,1.0061684484216995,-0.025775317708024843,10.00048525337968,0.026507613509641786,26.395900778066107,397.5233674608767,7672.250205807531,0.0015745202125573886,-0.006548518928768051,-0.00015855590077562545,0.5,34.99759882416954,27.999231623734254,206.1781127082277,99.99313949762727,7.662037007705806e-09,9.208290968735163e-06,0.06629999999999903
11.066666666666666,1.0059836774789344,-0.024447472799886513,9.996176593126636,0.025457651125069022,26.47875559715944,397.51666215444357,7672.250143965818,-0.00018665932735757314,0.0012519868714735481,-0.0043313104949993615,0.5,34.99759520248795,27.999230464796145,206.1779676929696,99.99312914996557,7.673611081691166e-09,9.222179729682897e-06,0.06639999999999903
11.083333333333334,1.0086155354685997,-0.025338196552059263,9.999454998992777,0.026768388161130197,26.505603286398312,397.50995111383685,7672.250087458508,0.0026332823326087576,-0.0008329524249870531,0.003293557661164841,0.5,34.99759158080636,27.999229305858034,206.1778244344152,99.99311880230387,7.68518515567639e-09,9.236068490437732e-06,0.06649999999999905
11.1,1.0013694325757443,-0.017679843284472124,10.003369232821058,0.01805007918033527,26.620853185270622,397.50323435635863,7672.250036305385,-0.007244633486569244,0.007725829025522187,0.0037793075415325193,0.5,34.997587959124765,27.999228146919926,206.17768291164555,99.99310845464218,7.696759229661483e-09,9.249957250999666e-06,0.06659999999999905
11.116666666666667,1.002201210464703,-0.022607038048059,10.008717133526522,0.02432939542893415,26.57258422100533,397.49651189931575,7672.249990526237,0.0008336580469783573,-0.00483294130442415,0.0054332278742888485,0.5,34.99758433744318,27.999226987981817,206.17754310399107,99.99309810698051,7.70833330364644e-09,9.2638460113687e-06,0.06669999999999905
11.133333333333333,0.9931387977386611,-0.026299277064582623,10.007525472439578,0.028201721557675728,26.643721391797236,397.48978376002793,7672.249950140844,-0.00906292133170839,-0.0037124281998354002,-0.0011271920017687192,0.5,34.997580715761586,27.99922582904371,206.1774049910284,99.99308775931883,7.719907377631264e-09,9.277734771544836e-06,0.06679999999999907
11.15,0.9957444919013437,-0.027706057639600563,10.010926623818998,0.03008493968108611,26.664194215533765,397.48304995582157,7672.249915168983,0.00260729707623966,-0.0013475403225877438,0.003425053987514261,0.5,34.99757709408,27.999224670105598,206.17726855257757,99.99307741165715,7.731481451615952e-09,9.291623531528074e-06,0.06689999999999907
11.166666666666666,1.0056768263751101,-0.02749528984417175,10.00165299962521,0.028123908455798617,26.679574885137157,397.47631050403044,7672.249885630427,0.009927867184108924,4.87736024773249e-05,-0.009275889766034266,0.5,34.997573472398415,27.999223511167493,206.17713376869912,99.99306706399548,7.743055525600508e-09,9.305512291318412e-06,0.06699999999999907
11.183333333333334,0.9979673221503903,-0.026743266319628176,9.997008919012634,0.026986727681627274,26.780395966874117,397.46956542199945,7672.249861544947,-0.007711702375736282,0.0006707105333810361,-0.004656518741610909,0.5,34.997569850716836,27.99922235222939,206.17700061969114,99.99305671633381,7.75462959958493e-09,9.31940105091585e-06,0.06709999999999909
11.2,0.9981401321992832,-0.02868581998912143,9.992915401202614,0.029606308653376483,26.783130418597345,397.46281472708006,7672.249842932306,0.00017082997335181855,-0.0020135616570935815,-0.004059060035526192,0.5,34.99756622903526,27.999221193291284,206.17686908608647,99.99304636867215,7.766203673569219e-09,9.333289810320389e-06,0.0671999999999991
11.216666666666667,0.9924366832846194,-0.02763622776267248,9.992978394073198,0.029500735745008964,26.86043079710681,397.4560584366303,7672.249829812267,-0.005703417958215955,0.0010505280703374863,4.475174679525376e-05,0.5,34.99756260735367,27.999220034353176,206.17673914864992,99.9930360210105,7.777777747553373e-09,9.347178569532027e-06,0.0672999999999991
11.233333333333333,1.0034606565985587,-0.027669011148109605,9.994820247903663,0.0283614437431493,26.845763889914043,397.44929656802213,7672.249822204586,0.011024862280466221,-6.995678030785328e-07,0.0018421452265136075,0.5,34.99755898567209,27.999218875415067,206.17661078837546,99.99302567334884,7.789351821537393e-09,9.361067328550765e-06,0.06739999999999911
11.25,0.9998738172269811,-0.03015533388227098,9.998647376913933,0.030185919847626662,26.91951202106322,397.4425291386312,7672.249820129015,-0.0035849081552909337,-0.0024190388427559476,0.0038700083446186534,0.5,34.99755536399052,27.999217716476966,206.1764839864835,99.99301532568721,7.80092589552128e-09,9.374956087376604e-06,0.06749999999999912
11.266666666666667,0.9990252155797175,-0.0285148995884579,10.008870211852122,0.029878521548997457,26.978524859095376,397.43575616584064,7672.249823605301,-0.0008433676135236981,0.0018184995667735774,0.010192664585786104,0.5,34.99755174230895,27.999216557538865,206.17635872441826,99.99300497802557,7.812499969505032e-09,9.388844846009546e-06,0.06759999999999912
11.283333333333333,1.0014183184702472,-0.028364286830609854,10.012168542976996,0.030897028471136092,26.995077237279773,397.428977667043,7672.249832653189,0.0023947400654209983,0.00020816638140449222,0.0032951990076808806,0.5,34.99754812062738,27.99921539860076,206.17623498384503,99.99299463036392,7.82407404348865e-09,9.402733604449588e-06,0.06769999999999914
11.3,1.0051062097038743,-0.02233514053642982,10.00779325234775,0.0242008711992778,27.05529700213278,397.4221936596418,7672.249847292413,0.0036859554490125436,0.005951613611816174,-0.004480185821083244,0.5,34.99754449894581,27.99921423966266,206.17611274664753,99.9929842827023,7.835648117472134e-09,9.41662236269673e-06,0.06779999999999914
11.316666666666666,0.9977767803214035,-0.03370638229229934,10.002403808714549,0.0338649976132356,27.038048612807835,397.41540416104345,7672.249867542709,-0.007332065124293718,-0.011463699246412952,-0.005189878246415304,0.5,34.997540877264235,27.999213080724555,206.17599199492528,99.99297393504068,7.847222191455484e-09,9.430511120750973e-06,0.06789999999999914
11.333333333333334,0.9926149145070523,-0.03756463289068025,9.99456561476031,0.03866781580730154,27.108583626917635,397.4086091886638,7672.249893423804,-0.005166740836660465,-0.003993806807186022,-0.007769997811641045,0.5,34.997537255582664,27.999211921786454,206.17587271099114,99.99296358737905,7.8587962654387e-09,9.444399878612315e-06,0.06799999999999916
11.35,0.9923306453941239,-0.03864001136327977,9.99287897939878,0.04003267710761448,27.153695486949086,397.40180875992866,7672.249924955419,-0.00028539074387093447,-0.00110443143518041,-0.0016677552727487406,0.5,34.99753363390111,27.999210762848357,206.1757548773686,99.99295323971744,7.870370339421783e-09,9.458288636280758e-06,0.06809999999999916
11.366666666666667,1.0008546353950367,-0.02249851311014555,9.996596947245267,0.02277044403457569,27.26140954012916,397.39500289227067,7672.249962157274,0.00852597367985483,0.016203723105670403,0.0034366567464100004,0.5,34.99753001221954,27.999209603910256,206.17563847678946,99.99294289205582,7.881944413404731e-09,9.4721773937563e-06,0.06819999999999916
11.383333333333333,0.998653407572144,-0.00904710039477021,9.994557481957582,0.010643565663503173,27.31520748440911,397.3881916031279,7672.25000504908,-0.0022017892622777286,0.013413780250397212,-0.002273856540457197,0.5,34.99752639053798,27.999208444972155,206.1755234921912,99.99293254439422,7.893518487387545e-09,9.486066151038947e-06,0.06829999999999918
11.4,1.0046870297702497,-0.01474731537755646,9.995099532086842,0.016231458045370788,27.233338713045356,397.3813749099476,7672.250053650542,0.006033734757923756,-0.005689868044841345,0.000641615895585532,0.5,34.99752276885641,27.999207286034054,206.17540990671455,99.99292219673262,7.905092561370225e-09,9.499954908128693e-06,0.06839999999999918
11.416666666666666,0.9988415222490032,-0.025740468316326447,9.992187747826026,0.026924879314174595,27.279304399795752,397.37455283018573,7672.25010798136,-0.005846536325389864,-0.011042380050134144,-0.0027191436237338127,0.5,34.997519147174856,27.999206127095952,206.17529770370106,99.99291184907102,7.916666635352772e-09,9.51384366502554e-06,0.06849999999999919
11.433333333333334,0.9978227582674793,-0.018719439791559184,9.991857715527662,0.020529500479278744,27.400619294868566,397.36772538130356,7672.250168061229,-0.0010188920294234485,0.007014212509395158,-0.00045231167118934125,0.5,34.9975155254933,27.999204968157855,206.17518686669084,99.99290150140942,7.928240709335184e-09,9.527732421729486e-06,0.0685999999999992
11.45,0.9963801944271767,-0.002519123817444444,9.991519012454326,0.009559156447036709,27.48989317569132,397.3608925807709,7672.250233909836,-0.0014426266160915283,0.016191968927506295,-0.0006205668543320138,0.5,34.99751190381175,27.999203809219757,206.17507737941997,99.99289115374785,7.939814783317462e-09,9.541621178240533e-06,0.0686999999999992
11.466666666666667,0.9999026674400845,-0.02439117144352054,9.990095715647469,0.026325538376428148,27.31654534199105,397.3540544460649,7672.250305546867,0.003522138771791891,-0.021893522846000792,-0.0010420703356014075,0.5,34.99750828213019,27.99920265028166,206.17496922581836,99.99288080608626,7.951388857299606e-09,9.55550993455868e-06,0.06879999999999921
11.483333333333333,1.0065401822454159,-0.03235178024921916,9.989277058646433,0.03470379709873534,27.420134664744367,397.34721099466924,7672.250382991993,0.006637109433742008,-0.007973722123167338,-0.0006791521205729658,0.5,34.99750466044864,27.999201491343566,206.17486239000726,99.99287045842469,7.962962931281618e-09,9.569398690683926e-06,0.06889999999999923
11.5,1.0097011619932874,-0.03620551961875525,9.992287693865588,0.03826727811283423,27.49560274933522,397.3403622440761,7672.250466264887,0.00316278093727122,-0.003800173398782006,0.0030779718143428346,0.5,34.99750103876709,27.99920033240547,206.17475685629717,99.99286011076312,7.974537005263494e-09,9.583287446616276e-06,0.06899999999999923
11.516666666666667,0.9974635758536725,-0.03081050464427472,9.993555581808495,0.031579422937800104,27.62909943995554,397.3335082117822,7672.250555385212,-0.012236844693429316,0.005416394378272554,0.0011731999815823362,0.5,34.99749741708554,27.999199173467375,206.17465260918542,99.99284976310155,7.986111079245238e-09,9.597176202355727e-06,0.06909999999999923
11.533333333333333,1.0005649717563634,-0.03916517183637375,9.997262681582303,0.03926476451420951,27.55362987908359,397.3266489152946,7672.250650372622,0.0031036596548229454,-0.00828876322870973,0.003852200933075575,0.5,34.997493795404,27.999198014529277,206.17454963335405,99.99283941543999,7.997685153226846e-09,9.611064957902277e-06,0.06919999999999925
11.55,1.0035561431002789,-0.039938013516240566,9.994262322145469,0.04050429355909607,27.627934359643223,397.31978437212575,7672.250751246769,0.0029891001800862764,-0.0008251948539084852,-0.0029863841324881944,0.5,34.997490173722454,27.999196855591187,206.1744479136675,99.99282906777843,8.009259227208322e-09,9.624953713255928e-06,0.06929999999999925
11.566666666666666,1.0099769793422384,-0.03521744653976062,10.003739466456457,0.036794227671663064,27.697233577375762,397.31291459979394,7672.250858027294,0.006427051881839095,0.004886356265682866,0.009392736641751099,0.5,34.997486552040904,27.99919569665309,206.17434743517063,99.99281872011687,8.020833301189662e-09,9.638842468416679e-06,0.06939999999999925
11.583333333333334,1.0126461359690904,-0.023736805584480544,10.005743779473876,0.027502396048180097,27.777535396452873,397.30603961582483,7672.250970733836,0.002670187792033466,0.011514228378376061,0.0018013695345626547,0.5,34.99748293035937,27.999194537714995,206.1742481830863,99.99280837245533,8.03240737517087e-09,9.65273122338453e-06,0.06949999999999927
11.6,1.0151168266192407,-0.02543309450856229,10.009020115987516,0.030931921241266185,27.751031694548672,397.29915943775325,7672.251089386019,0.002472096488236978,-0.0016380497379682572,0.0033058384956130265,0.5,34.997479308677825,27.999193378776905,206.17415014281343,99.99279802479379,8.043981449151942e-09,9.666619978159482e-06,0.06959999999999927
11.616666666666667,1.0165628730513883,-0.018846555327738667,10.00785148441878,0.02629087266022303,27.833720373656277,397.2922740831189,7672.251214003467,0.0014455948579906025,0.006564785537446632,-0.0012852193877565799,0.5,34.99747568699629,27.999192219838815,206.1740532999249,99.99278767713224,8.055555523132882e-09,9.680508732741536e-06,0.06969999999999928
11.633333333333333,0.9994796305863325,-0.014800408958496797,10.003408558037593,0.015196733277172195,27.914138121338855,397.2853835694669,7672.251344605794,-0.017084547146571316,0.0039673585860835634,-0.0045134200201392164,0.5,34.99747206531475,27.99919106090072,206.1739576401654,99.99277732947071,8.067129597113686e-09,9.694397487130691e-06,0.0697999999999993
11.65,0.9970381522182407,-0.016350017995744495,10.001770756667108,0.016710168008548958,27.883404267726743,397.2784879143499,7672.251481212605,-0.0024419235863446377,-0.001577907657913761,-0.0016105554091111745,0.5,34.99746844363322,27.99918990196263,206.17386314944943,99.99276698180918,8.078703671094358e-09,9.708286241326946e-06,0.0698999999999993
11.666666666666666,0.9941640931055017,-0.020372728076166566,9.997581410102551,0.02132980179744597,27.910036693141272,397.27158713532987,7672.251623843499,-0.002875401658194178,-0.0040948953707641384,-0.004118816723399413,0.5,34.99746482195168,27.99918874302454,206.17376981385922,99.99275663414767,8.090277745074894e-09,9.7221749953303e-06,0.0699999999999993
11.683333333333334,0.9975595451219569,-0.01892570108084368,9.994878520464368,0.01975782528496042,27.961143426775248,397.2646812499687,7672.251772518068,0.0033945250790605045,0.001399831687498453,-0.002727630825683133,0.5,34.99746120027015,27.99918758408645,206.17367761964283,99.99274628648614,8.101851819055298e-09,9.736063749140755e-06,0.07009999999999932
11.7,1.003960708594083,-0.019040361214913485,9.994432778857673,0.020228919528999814,27.986203538757277,397.2577702758424,7672.251927255895,0.006401015797283737,-0.00012242782029392956,-0.0004436709748834231,0.5,34.99745757858862,27.99918642514836,206.17358655321206,99.99273593882462,8.113425893035566e-09,9.74995250275831e-06,0.07019999999999932
11.716666666666667,1.0026431225629735,-0.025811658387118783,9.998795238973958,0.025974560936583155,28.01927002347993,397.25085423052775,7672.252088076554,-0.0013158785306866987,-0.006693872269125957,0.0044803565694810955,0.5,34.997453956907094,27.99918526621027,206.17349660114058,99.99272559116312,8.124999967015702e-09,9.763841256182969e-06,0.07029999999999932
11.733333333333333,0.99697982370792,-0.023993668155934147,9.993814520363532,0.0249616817198775,28.109497244358327,397.24393313160914,7672.252254999612,-0.005665463646598822,0.0017308043178615566,-0.005011682171753296,0.5,34.997450335225565,27.999184107272182,206.173407750162,99.99271524350162,8.136574040995702e-09,9.777730009414727e-06,0.07039999999999934
11.75,0.9974105118092885,-0.030580141165915512,9.983707547256286,0.034746467594973275,28.08350702493218,397.2370069966773,7672.252428044629,0.00042587469269226755,-0.006761371771022025,-0.009990813864332579,0.5,34.99744671354404,27.999182948334095,206.1733199871679,99.99270489584012,8.14814811497557e-09,9.791618762453586e-06,0.07049999999999934
11.766666666666667,1.0038863836085548,-0.034947312818042864,9.983519527587168,0.038832789594588954,28.12541783129782,397.2300758433314,7672.252607231153,0.00647576428995464,-0.0043697891796933295,-0.00011172389241006127,0.5,34.99744309186252,27.999181789396005,206.17323329920598,99.99269454817863,8.159722188955302e-09,9.805507515299545e-06,0.07059999999999934
11.783333333333333,0.9950753892491495,-0.037341526555012924,9.985650093646717,0.040306417029943156,28.224048506878667,397.2231396891726,7672.252792578728,-0.008809650332411089,-0.002356685275489322,0.0021720045864675255,0.5,34.997439470181,27.99918063045792,206.17314767347818,99.99268420051713,8.171296262934901e-09,9.819396267952603e-06,0.07069999999999936
11.8,1.0004022765224545,-0.028249611685042718,9.994974290827537,0.028695977741647727,28.287791297470736,397.21619855181126,7672.252984106885,0.0053322243602800055,0.00925289814283279,0.009164464970128416,0.5,34.99743584849948,27.99917947151983,206.1730630973389,99.99267385285565,8.182870336914367e-09,9.833285020412762e-06,0.07079999999999936
11.816666666666666,1.0072865552873294,-0.019656826404376625,10.001832075284476,0.021043901467881057,28.31874518742242,397.2092524488615,7672.253181835149,0.006887145755876419,0.008711611410952561,0.0067061901279782295,0.5,34.99743222681796,27.999178312581748,206.17297955829318,99.99266350519417,8.194444410893699e-09,9.847173772680025e-06,0.07089999999999937
11.833333333333334,1.008717655129585,-0.03335314064105072,10.001217114891066,0.034495174178064476,28.2530416657372,397.20230139794387,7672.253385783036,0.0014308153621332299,-0.013705013181948347,-0.00037391894597134796,0.5,34.99742860513644,27.99917715364366,206.1728970439948,99.9926531575327,8.206018484872897e-09,9.861062524754387e-06,0.07099999999999938
11.85,1.0104961059998199,-0.03712868723029148,9.997310778234425,0.0386771414726492,28.341240969613956,397.19534541668554,7672.253595970051,0.0017760482001181717,-0.0038437902991190105,-0.003839204153460485,0.5,34.997424983454934,27.999175994705578,206.1728155422446,99.99264280987123,8.21759255885196e-09,9.87495127663585e-06,0.07109999999999939
11.866666666666667,1.0047257761952482,-0.03403144963033121,10.003586109554682,0.03454479368734776,28.44864632608165,397.18838452271837,7672.253812415691,-0.0057664328958153,0.0032071117462840054,0.006219894149156465,0.5,34.99742136177342,27.999174835767494,206.1727350409887,99.99263246220977,8.22916663283089e-09,9.888840028324413e-06,0.07119999999999939
11.883333333333333,1.0094775506064568,-0.03476428963394726,10.003851283277026,0.03623857502613318,28.43234721362285,397.18141873368154,7672.254035139445,0.004751933612579173,-0.0007280660169830074,0.0002780133531939769,0.5,34.997417740091905,27.99917367682941,206.1726555283168,99.9926221145483,8.240740706809686e-09,9.902728779820076e-06,0.0712999999999994
11.9,1.0119485912708936,-0.028445734010803775,10.009756439909042,0.03236007736537062,28.52106150637439,397.174448067219,7672.254264160789,0.002474298017068811,0.006421735699686661,0.005792781740062927,0.5,34.9974141184104,27.999172517891328,206.17257699246042,99.99261176688685,8.252314780788348e-09,9.916617531122839e-06,0.07139999999999941
11.916666666666666,1.0201752568397153,-0.023624342865603415,10.009767533546267,0.03256741495687015,28.531402286932668,397.16747254097555,7672.254499499195,0.00822667062387163,0.00482082978128131,-7.440437441968567e-05,0.5,34.99741049672889,27.999171358953248,206.17249942179126,99.99260141922541,8.263888854766875e-09,9.930506282232705e-06,0.07149999999999941
11.933333333333334,1.0236074498029624,-0.01956067279578135,10.010867310571088,0.032528719875007446,28.583078810123965,397.16049217261,7672.25474117412,0.003432607426624403,0.004082637650456153,0.0010271288211963485,0.5,34.99740687504738,27.999170200015165,206.17242280481943,99.99259107156395,8.275462928745269e-09,9.944395033149672e-06,0.07159999999999943
11.95,1.0208251303157985,-0.005792011499310826,10.011183480211363,0.02433777343783782,28.692003155026015,397.1535069797803,7672.254989205014,-0.0027822495371038303,0.013772110619667622,7.048511169556319e-05,0.5,34.99740325336588,27.99916904107708,206.17234713019198,99.9925807239025,8.287037002723529e-09,9.958283783873738e-06,0.07169999999999943
11.966666666666667,1.0110372685426965,-0.0012381184859955004,10.008914358931069,0.014241564271199181,28.703211242750946,397.14651698015166,7672.255243611315,-0.009788001006265963,0.004512944715027699,-0.0023495070038848766,0.5,34.997399631684374,27.999167882138998,206.17227238669105,99.99257037624108,8.298611076701655e-09,9.972172534404905e-06,0.07179999999999943
11.983333333333333,1.0054071082939047,-0.0027674262725536363,10.001489525818224,0.0062541616063608845,28.695149863679248,397.1395221913941,7672.255504412454,-0.0056304197881582585,-0.0016597175586711681,-0.00739677408881001,0.5,34.99739601000287,27.99916672320092,206.1721985632324,99.99256002857965,8.310185150679646e-09,9.986061284743172e-06,0.07189999999999945
12.0,0.9977351521481183,-0.006772901525940902,9.996237271253838,0.00807222787154204,28.730514634174746,397.1325226311842,7672.25577162785,-0.007672393434051265,-0.004096671775866024,-0.00518143710424036,0.5,34.99739238832138,27.99916556426284,206.17212564886384,99.99254968091822,8.321759224657504e-09,9.999950034888539e-06,0.07199999999999945
12.016666666666667,1.0020309641916056,-0.009357814078334933,9.988823979717147,0.014717106144396743,28.740606794110285,397.1255183172021,7672.256045276911,0.004294768498327414,-0.0027138835996036105,-0.007367054995070226,0.5,34.99738876663988,27.999164405324763,206.17205363276352,99.9925393332568,8.333333298635228e-09,1.001383878484101e-05,0.07209999999999946
12.033333333333333,1.0024714005287938,-0.012440869842210968,9.983564780313992,0.020760315137972784,28.79167746121347,397.1185092671346,7672.256325379037,0.00043943588282982564,-0.0031745763730578335,-0.005204466843013715,0.5,34.997385144958386,27.999163246386683,206.17198250423854,99.99252898559538,8.344907372612817e-09,1.002772753460058e-05,0.07219999999999947
12.05,1.0029156468749099,-0.01412027474179658,9.982920059293571,0.022351627448020522,28.84314460608648,397.1114954986684,7672.256611953616,0.0004440969064190194,-0.001690429975734743,-0.0006152336842842354,0.5,34.997381523276886,27.999162087448603,206.1719122527233,99.99251863793397,8.356481446590273e-09,1.004161628416725e-05,0.07229999999999948
12.066666666666666,1.011025648674255,-0.01623720488673765,9.985444700280363,0.02443405439917485,28.86094183705941,397.1044770295033,7672.256905020023,0.008110670638211843,-0.0020722350594850718,0.002561454044341326,0.5,34.9973779015954,27.99916092851053,206.17184286777797,99.99250829027257,8.368055520567595e-09,1.0055505033541022e-05,0.07239999999999948
12.083333333333334,1.0060523111258886,-0.01631842790864775,9.983801783119247,0.023775530757858886,28.947612174390656,397.0974538773382,7672.257204597626,-0.004973804306699423,-0.00011012810784370166,-0.0016412329405199788,0.5,34.997374279913906,27.99915976957245,206.1717743390871,99.99249794261117,8.379629594544783e-09,1.0069393782721893e-05,0.0724999999999995
12.1,1.000924373362763,-0.02273477963168828,9.99049642141729,0.024658450641503515,28.962371395756282,397.09042605987656,7672.257510705779,-0.0051256562102341184,-0.0062981225951868084,0.006805982548206514,0.5,34.99737065823242,27.999158610634375,206.17170665645807,99.99248759494976,8.391203668521838e-09,1.0083282531709865e-05,0.0725999999999995
12.116666666666667,1.005120926636187,-0.029487368265781945,9.995566819140937,0.030255085177396692,28.971685130619456,397.0833935948303,7672.257823363829,0.004198863978233408,-0.00666279588606515,0.00518782539245598,0.5,34.99736703655093,27.9991574516963,206.1716398098196,99.99247724728838,8.402777742498758e-09,1.009717128050494e-05,0.0726999999999995
12.133333333333333,1.0077900168639482,-0.023077783517645046,10.001304978563772,0.0243921198317501,29.08587503827424,397.0763564999132,7672.258142591107,0.002671722422219758,0.006509386996653222,0.005624688834839509,0.5,34.99736341486945,27.999156292758226,206.17157378922033,99.99246689962699,8.414351816475545e-09,1.0111060029107114e-05,0.07279999999999952
12.15,1.0034076077723464,-0.03119186672525483,10.007166943773342,0.03218575329372245,29.071655918883256,397.06931479284447,7672.258468406935,-0.00437963291376449,-0.00800995541803101,0.006003464792175954,0.5,34.99735979318796,27.99915513382015,206.17150858482745,99.9924565519656,8.425925890452197e-09,1.0124948777516389e-05,0.07289999999999952
12.166666666666666,1.0080431261071845,-0.026708027357800895,10.004090276599008,0.02819142234200368,29.14341702957189,397.0622684913464,7672.258800830626,0.004633963783977809,0.004429145988238661,-0.003154894587921226,0.5,34.99735617150648,27.999153974882073,206.17144418692519,99.99244620430423,8.437499964428716e-09,1.0138837525732764e-05,0.07299999999999952
12.183333333333334,1.0041010457731518,-0.030537830099481945,10.000563216153287,0.030817139419458753,29.165646813934952,397.0552176131476,7672.259139881475,-0.003943842329169617,-0.0038911417608237346,-0.0034592711927956764,0.5,34.997352549825,27.999152815944,206.17138058591348,99.99243585664286,8.4490740384051e-09,1.0152726273756239e-05,0.07309999999999954
12.2,1.004017631786593,-0.02284631290374198,10.002341751892995,0.023314864966176223,29.258990543839758,397.0481621759804,7672.259485578773,-8.258542986711126e-05,0.007721501935424742,0.0016434821316291181,0.5,34.99734892814352,27.999151657005925,206.1713177723066,99.99242550898148,8.460648112381351e-09,1.0166615021586817e-05,0.07319999999999954
12.216666666666667,0.991098948692493,-0.0372317503195272,9.994933422575755,0.03861517128972615,29.21513127289733,397.0411021975819,7672.259837941793,-0.012922567187674419,-0.014512234791195473,-0.007156758045184455,0.5,34.997345306462044,27.999150498067852,206.1712557367317,99.99241516132012,8.472222186357467e-09,1.0180503769224496e-05,0.07329999999999955
12.233333333333333,1.0016789281958358,-0.03223574755898824,9.99426716658233,0.03278448074912331,29.291922183478036,397.0340376956919,7672.260196989799,0.010579575636863405,0.00498366157097232,-0.0007530325783108011,0.5,34.997341684780565,27.99914933912978,206.17119446992757,99.99240481365877,8.48379626033345e-09,1.0194392516669274e-05,0.07339999999999956
12.25,1.0056433867974388,-0.029367359822813934,9.9949681584943,0.030324816669098312,29.341988920299368,397.0269686880549,7672.260562742043,0.003964835448376596,0.002880226444481813,0.0006506407352596749,0.5,34.99733806309909,27.99914818019171,206.17113396274328,99.99239446599742,8.495370334309298e-09,1.0208281263921153e-05,0.07349999999999957
12.266666666666667,1.0098938133037525,-0.020302273644464307,9.99196015530221,0.023972500286937662,29.410894977282638,397.019895192422,7672.260935217764,0.004249122691355623,0.009010779337651539,-0.0031669741365853874,0.5,34.99733444141762,27.99914702125364,206.17107420613686,99.99238411833606,8.506944408285013e-09,1.0222170010980132e-05,0.07359999999999957
12.283333333333333,1.0111823040383674,-0.0246755119188911,9.99557760693917,0.02744924529445504,29.39531102998171,397.01281722654306,7672.2613144361885,0.0012899106033001772,-0.004308759635268988,0.0036940164848701614,0.5,34.997330819736156,27.999145862315572,206.171015191174,99.99237377067473,8.518518482260593e-09,1.0236058757846213e-05,0.07369999999999959
12.3,1.0135948092105636,-0.033594157827551034,9.996735321549355,0.03638706326962905,29.40656881414339,397.0057348081786,7672.261700416531,0.00241309386901444,-0.008896798524944821,0.0013151136787257765,0.5,34.997327198054684,27.9991447033775,206.17095690902678,99.99236342301339,8.53009255623604e-09,1.0249947504519395e-05,0.07379999999999959
12.316666666666666,1.0067760968857657,-0.030971760761039028,10.001572690115673,0.0317434176614567,29.53779677517282,396.998647955087,7672.262093177995,-0.006815986747012109,0.002707273004591657,0.004790382721685559,0.5,34.99732357637322,27.99914354443943,206.17089935097238,99.99235307535204,8.541666630211352e-09,1.0263836250999677e-05,0.07389999999999959
12.333333333333334,1.0022220654153484,-0.02660852837046229,9.997324464139405,0.0268348109387166,29.57310723060651,396.9915566850342,7672.262492739768,-0.004556166133277705,0.004288086568913115,-0.004324064058280864,0.5,34.997319954691754,27.99914238550136,206.17084250839181,99.99234272769073,8.553240704186531e-09,1.027772499728706e-05,0.07399999999999961
12.35,1.0110546615500062,-0.03465573095838003,9.997159982389503,0.036486599320134205,29.512085923541033,396.98446101578793,7672.262899121026,0.00883250821502524,-0.008048850327295957,-2.308107492353866e-05,0.5,34.99731633301029,27.999141226563292,206.17078637276876,99.99233238002941,8.564814778161575e-09,1.0291613743381543e-05,0.07409999999999961
12.366666666666667,1.002809016072056,-0.02815181978181774,9.999465766562292,0.028296646343744805,29.6813878489234,396.97736096511966,7672.263312340933,-0.00824438169359617,0.006543427238395089,0.002191132122582599,0.5,34.997312711328824,27.999140067625223,206.17073093568825,99.99232203236808,8.576388852136486e-09,1.0305502489283126e-05,0.07419999999999961
12.383333333333333,1.0027312426872834,-0.03170505299870622,9.999468152931492,0.031826908768177516,29.643012254741336,396.9702565508075,7672.263732418641,-7.777213825337015e-05,-0.0035526472778370896,6.457023874320511e-05,0.5,34.997309089647366,27.999138908687158,206.17067618883556,99.99231168470676,8.587962926111262e-09,1.0319391234991812e-05,0.07429999999999963
12.4,1.0111635916535384,-0.03282276258025007,10.004349153270095,0.03494141471255919,29.674852041247878,396.9631477906285,7672.264159373285,0.008435097528380764,-0.0010317600336848076,0.004899888045610999,0.5,34.99730546796591,27.99913774974909,206.17062212399492,99.99230133704545,8.599537000085905e-09,1.0333279980507599e-05,0.07439999999999963
12.416666666666666,1.0045662722811874,-0.03283265239190368,10.005224122117772,0.03355799497850708,29.762438281975847,396.9560347023662,7672.264593223989,-0.006596818064880819,5.502115456703411e-06,0.0008750072975451423,0.5,34.99730184628445,27.999136590811023,206.17056873304844,99.99229098938414,8.611111074060414e-09,1.0347168725830485e-05,0.07449999999999964
12.433333333333334,1.00234135153983,-0.02886429445915188,10.003844720751124,0.029213281732180622,29.80878767903299,396.9489173038062,7672.265033989865,-0.0022256634215471792,0.003943592344926888,-0.0014486861978769035,0.5,34.997298224603,27.999135431872958,206.1705160079748,99.99228064172286,8.62268514803479e-09,1.0361057470960472e-05,0.07459999999999965
12.45,1.0062821786643061,-0.02648786432706718,9.997611762314063,0.02732708300869205,29.81866480303373,396.9417956127394,7672.2654816900085,0.003937816365940092,0.0022668159663353765,-0.006273653441848242,0.5,34.99729460292154,27.999134272934892,206.1704639408482,99.99227029406156,8.63425922200903e-09,1.0374946215897558e-05,0.07469999999999966
12.466666666666667,1.0156501696965385,-0.02586550346616902,9.99100422908991,0.031540646936639764,29.833501038520055,396.93466964695693,7672.265936343503,0.009364972273964222,0.0005056821807218131,-0.006617484806238011,0.5,34.99729098124009,27.99913311399683,206.17041252383729,99.99225994640027,8.645833295983138e-09,1.0388834960641749e-05,0.07479999999999966
12.483333333333333,1.0114108544980718,-0.026953322180631317,9.996332140604027,0.029497841800623315,29.91500517503656,396.92753942425736,7672.266397969418,-0.00423685939979577,-0.0009934056515123622,0.005346319287356521,0.5,34.99728735955864,27.999131955058765,206.17036174920383,99.99224959873898,8.657407369957111e-09,1.0402723705193039e-05,0.07489999999999968
12.5,1.0030257384988834,-0.02930214590136751,9.991698334226607,0.03060515719285322,29.953078844582386,396.9204049624372,7672.26686658681,-0.008387390849579214,-0.0024299155612877974,-0.004591801365827999,0.5,34.9972837378772,27.999130796120703,206.1703116093018,99.99223925107769,8.66898144393095e-09,1.041661244955143e-05,0.07499999999999968
12.516666666666667,1.0084918843469879,-0.02463755108404005,9.990716306042325,0.027663587784140468,29.991962357586676,396.91326627929976,7672.267342214717,0.005465683599171927,0.004646638737010861,-0.0010637539546210484,0.5,34.997280116195746,27.999129637182637,206.17026209657618,99.99222890341642,8.680555517904656e-09,1.043050119371692e-05,0.07509999999999968
12.533333333333333,1.0093294985745007,-0.01979246758431232,10.000229164075927,0.021882288873820047,30.055619829839802,396.90612339265084,7672.267824872169,0.0008413026008636424,0.005011833837559563,0.009426070797476871,0.5,34.9972764945143,27.99912847824458,206.17021320356193,99.99221855575516,8.692129591878227e-09,1.044438993768951e-05,0.0751999999999997
12.55,1.0065712897702979,-0.014866212120645317,10.004742365292886,0.01693175199209982,30.102979351123416,396.89897632029744,7672.2683145781775,-0.0027568437688229343,0.005004885574841379,0.0044258441852313415,0.5,34.99727287283286,27.999127319306513,206.17016492288283,99.99220820809388,8.703703665851664e-09,1.0458278681469205e-05,0.0752999999999997
12.566666666666666,1.0101592911490245,-0.017670328313436862,10.00758408991624,0.021748422453992333,30.082747330748,396.891825080052,7672.268811351742,0.003588808244626336,-0.0027536721747351794,0.0028906323508216545,0.5,34.99726925115142,27.999126160368455,206.17011724725052,99.99219786043263,8.715277739824968e-09,1.0472167425056e-05,0.0753999999999997
12.583333333333334,0.9965732255449403,-0.021763010844069713,10.007973801604965,0.023429523131212784,30.16545071964667,396.88466968972796,7672.269315211845,-0.013585931559844874,-0.004085230722798882,0.0004613194906016641,0.5,34.99726562946998,27.999125001430393,206.17007016946337,99.99218751277137,8.726851813798137e-09,1.0486056168449894e-05,0.07549999999999972
12.6,1.0018789128495245,-0.02499100483317253,10.008061668650653,0.02632636964430177,30.154025279779837,396.87751016714236,7672.269826177458,0.005305723158635369,-0.003225970810399352,0.00014414634383415077,0.5,34.99726200778854,27.999123842492335,206.17002368240554,99.99217716511012,8.738425887771172e-09,1.0499944911650888e-05,0.07559999999999972
12.616666666666667,1.0105271374108427,-0.01873563851681956,10.000422112257388,0.021494752799299445,30.228116309916242,396.87034653011335,7672.270344267531,0.008645309422769656,0.0061202461715469635,-0.007748226178851124,0.5,34.997258386107106,27.999122683554273,206.16997777904592,99.99216681744886,8.749999961744074e-09,1.0513833654658983e-05,0.07569999999999973
12.633333333333333,1.0133003903083253,-0.011922026418580308,9.999392854619476,0.017871822346845197,30.294053746380854,396.8631787964646,7672.270869501007,0.0027729775318821965,0.0067943724814617966,-0.0011494275787670993,0.5,34.99725476442567,27.999121524616214,206.169932452437,99.99215646978763,8.76157403571684e-09,1.052772239747418e-05,0.07579999999999974
12.65,1.013925363684012,-0.006156301205340657,9.99864540569643,0.015285571388267232,30.335559118175677,396.85600698401964,7672.27140189681,0.0006248554557818602,0.0057516006591074075,-0.0008493273985587369,0.5,34.99725114274424,27.999120365678156,206.1698876957141,99.99214612212639,8.773148109689474e-09,1.0541611140096479e-05,0.07589999999999975
12.666666666666666,1.0040936657515742,-0.022866970569838482,9.999038589099788,0.02325035881648221,30.2903011395276,396.84883111060503,7672.271941473846,-0.009831598372710457,-0.016701154549294522,0.0006873911025270144,0.5,34.99724752106281,27.999119206740097,206.16984350209418,99.99213577446517,8.784722183661973e-09,1.0555499882525877e-05,0.07599999999999975
12.683333333333334,1.0018328376041863,-0.0311561897642502,9.998806934817662,0.03123282996241843,30.35175018317332,396.8416511940509,7672.27248825101,-0.0022609373590064515,-0.008292004132439615,-8.652330237705422e-05,0.5,34.997243899381374,27.999118047802042,206.16979986487502,99.99212542680394,8.796296257634339e-09,1.0569388624762376e-05,0.07609999999999977
12.7,1.003287267367177,-0.019112651178891955,10.002719309966256,0.019583084222047496,30.491012618588382,396.83446725218835,7672.273042247182,0.0014561460374663882,0.012110150076414337,0.0037010490967386827,0.5,34.99724027769995,27.999116888863984,206.16975677743415,99.99211507914272,8.80787033160657e-09,1.0583277366805974e-05,0.07619999999999977
12.716666666666667,1.0068856772173027,-0.018191940829265334,10.006218203486757,0.020421530501611343,30.466473533213307,396.8272793028522,7672.273603481223,0.0035995488950064224,0.0009819433690577387,0.003482204669400279,0.5,34.99723665601852,27.999115729925926,206.16971423322792,99.9921047314815,8.819444405578669e-09,1.0597166108656676e-05,0.07629999999999977
12.733333333333333,1.0088460085084,-0.018131253152236827,10.00206577266559,0.020279728847999758,30.501116559783725,396.82008736387735,7672.27417197198,0.001959015055179394,-1.2361597093759673e-05,-0.004152855667766485,0.5,34.9972330343371,27.99911457098787,206.16967222579066,99.99209438382029,8.831018479550632e-09,1.0611054850314478e-05,0.07639999999999979
12.75,1.0040436675709883,-0.020451666723114634,9.993225234091877,0.021920528981294426,30.54541090478705,396.8128914531041,7672.274747738285,-0.004805317545037894,-0.0024753385206482863,-0.008798416462734984,0.5,34.99722941265568,27.999113412049816,206.1696307487336,99.99208403615908,8.842592553522463e-09,1.062494359177938e-05,0.07649999999999979
12.766666666666667,1.0098907600028995,-0.017831367717045677,9.997813684267319,0.02050751213586719,30.590891657863434,396.805691588372,7672.275330798954,0.00584862535786463,0.002700531712248581,0.004541692209259294,0.5,34.997225790974255,27.99911225311176,206.16958979574403,99.99207368849787,8.854166627494158e-09,1.0638832333051383e-05,0.0765999999999998
12.783333333333333,1.0045329235586398,-0.019492962490483837,9.99921700979191,0.020028351116645596,30.639406713644153,396.7984877875224,7672.275921172784,-0.005357379362276311,-0.0016366700270169696,0.0014323165656225224,0.5,34.99722216929284,27.999111094173706,206.16954936058443,99.99206334083668,8.865740701465721e-09,1.0652721074130485e-05,0.07669999999999981
12.8,1.0040706013935932,-0.02678399958254389,9.995635982437316,0.027440640854786078,30.63189469285379,396.79128006840125,7672.27651887856,-0.0004637683366901767,-0.007352683429519057,-0.003452683491262972,0.5,34.99721854761142,27.999109935235655,206.1695094370915,99.99205299317549,8.877314775437148e-09,1.0666609815016691e-05,0.07679999999999981
12.816666666666666,1.0061783820046903,-0.029742276694527756,9.991334629736832,0.03158854646912381,30.68686877477641,396.7840684488546,7672.277123935047,0.00210565881943721,-0.003033275521042136,-0.004248796733133036,0.5,34.99721492593,27.9991087762976,206.16947001917535,99.99204264551429,8.888888849408443e-09,1.0680498555709997e-05,0.07689999999999982
12.833333333333334,1.0058104084743105,-0.023732268825001422,9.995008532352124,0.024937605376834735,30.787952683764942,396.7768529467294,7672.277736360994,-0.000366259091137146,0.006073584261813921,0.003567818157762736,0.5,34.99721130424859,27.99910761735955,206.16943110081854,99.9920322978531,8.900462923379602e-09,1.0694387296210403e-05,0.07699999999999983
12.85,0.995990571800044,-0.018085582644291394,9.991800538948857,0.020258463657920184,30.848926389310545,396.76963357987626,7672.278356175138,-0.009821007390028185,0.005589787026747777,-0.0033061407283542913,0.5,34.99720768256718,27.999106458421497,206.1693926760753,99.99202195019194,8.912036997350629e-09,1.070827603651791e-05,0.07709999999999984
12.866666666666667,0.9960876041851496,-0.02053188251893814,9.99513135209794,0.021461025027612074,30.822817394488656,396.7624103661478,7672.278983396193,9.815487230689498e-05,-0.0023880297630987555,0.0033728344036626783,0.5,34.997204060885764,27.999105299483446,206.1693547390706,99.99201160253077,8.92361107132152e-09,1.0722164776632517e-05,0.07719999999999984
12.883333333333333,0.9977222323510869,-0.03549061660704358,9.989716682027517,0.03702071341716783,30.78619948875292,396.75518332339453,7672.279618042861,0.0016319809960234609,-0.015050676527493931,-0.005153591920600349,0.5,34.997200439204356,27.999104140545395,206.16931728399942,99.99200125486959,8.935185145292279e-09,1.0736053516554227e-05,0.07729999999999985
12.9,0.9933686252157314,-0.028340684611221842,9.98663429478307,0.032028978149684514,30.96205101153599,396.74795246947275,7672.280260133825,-0.0043553241293547195,0.007095297263906103,-0.0032061492042892927,0.5,34.99719681752295,27.999102981607344,206.16928030512577,99.99199090720843,8.946759219262902e-09,1.0749942256283037e-05,0.07739999999999986
12.916666666666666,0.9908964992145728,-0.02596566093552178,9.990285495866253,0.029180488890810204,30.97720807938023,396.7407178222388,7672.28090968775,-0.0024703956526217234,0.0024378885759343064,0.003609529489054486,0.5,34.99719319584155,27.999101822669296,206.16924379678198,99.99198055954727,8.958333293233393e-09,1.0763830995818947e-05,0.07749999999999986
12.933333333333334,0.9981897506267499,-0.03533642791819115,9.992667927527062,0.03613457633983718,30.92624430736204,396.73347939954976,7672.281566723286,0.007294525931532984,-0.00932800305219499,0.002544722520369825,0.5,34.99718957416014,27.999100663731245,206.16920775336786,99.9919702118861,8.969907367203748e-09,1.0777719735161957e-05,0.07759999999999988
12.95,1.004142048488318,-0.028735399724971862,9.991762690576543,0.030178070052381448,31.051858578677756,396.7262372192638,7672.282231259062,0.005951791719840417,0.006584203516808687,-0.0010204367477829723,0.5,34.99718595247874,27.999099504793193,206.16917216934985,99.99195986422497,8.981481441173971e-09,1.079160847431207e-05,0.07769999999999988
12.966666666666667,1.0058224670912084,-0.02420001637544854,9.991717150314594,0.026232177651552224,31.09468801518542,396.7189912992418,7672.282903313696,0.0016803975657491772,0.0045338869449542355,-0.00012508092752746351,0.5,34.99718233079734,27.999098345855145,206.16913703926028,99.99194951656382,8.993055515144058e-09,1.0805497213269285e-05,0.07779999999999988
12.983333333333333,1.012093144164038,-0.026617087792751352,9.9960623891141,0.029499087272296817,31.08862593208615,396.71174165734465,7672.283582905783,0.006272604031197327,-0.0023401825545346913,0.00438712621902908,0.5,34.997178709115936,27.999097186917098,206.16910235769657,99.99193916890268,9.004629589114013e-09,1.0819385952033598e-05,0.0778999999999999
13.0,1.0126154473947013,-0.03296452295887414,9.999796371896212,0.03529659003102717,31.1248641350178,396.70448831143415,7672.2842700539,0.0005242447061208764,-0.006280472408432506,0.003845545903904496,0.5,34.99717508743454,27.999096027979054,206.16906811932046,99.99192882124154,9.016203663083832e-09,1.0833274690605012e-05,0.0779999999999999
13.016666666666667,1.0104261216675143,-0.0350484241181346,10.006171395773155,0.03708397930652216,31.19776362277867,396.69723127937505,7672.284964776612,-0.002185541992067729,-0.0019710352640873187,0.006410817362771009,0.5,34.99717146575314,27.999094869041006,206.16903431885717,99.99191847358041,9.02777773705352e-09,1.0847163428983528e-05,0.0780999999999999
13.033333333333333,1.0023872615068268,-0.02565997409272045,10.006951662087763,0.026692064795338276,31.3111677158445,396.6899705790328,7672.2856670924575,-0.008038446803844,0.009400706540289207,0.0006152451618434998,0.5,34.99716784407175,27.99909371010296,206.16900095109483,99.99190812591928,9.03935181102307e-09,1.0861052167169146e-05,0.07819999999999992
13.05,1.0072523475138377,-0.026513151426072155,10.006304494953627,0.02820126861149042,31.2587824424446,396.6827062282711,7672.286377019965,0.004864791357070521,-0.0008643951905127288,-0.0006321057914413857,0.5,34.99716422239036,27.999092551164914,206.16896801088353,99.99189777825816,9.05092588499249e-09,1.0874940905161863e-05,0.07829999999999993
13.066666666666666,1.0187256211789577,-0.029023148177711854,10.004414003244284,0.034821219118635276,31.270166100664472,396.6754382449565,7672.28709457764,0.011472357484918084,-0.0025430266200431903,-0.0018458216246338966,0.5,34.997160600708966,27.99909139222687,206.16893549313468,99.99188743059705,9.062499958961774e-09,1.0888829642961681e-05,0.07839999999999993
13.083333333333334,1.0117383744116026,-0.0197565383292487,9.997135148791305,0.02315828176027782,31.422516115482857,396.6681666469555,7672.287819783973,-0.006990345261048139,0.009136186925806108,-0.007441898982615651,0.5,34.99715697902758,27.999090233288825,206.16890339282025,99.99187708293594,9.074074032930925e-09,1.0902718380568599e-05,0.07849999999999994
13.1,1.0115360926657877,-0.02848498728177354,9.995303385775694,0.031088698459786766,31.352740824265574,396.6608914521374,7672.288552657432,-0.00020305289371475623,-0.008759429122758781,-0.001677372357544781,0.5,34.99715335734619,27.999089074350785,206.1688717049721,99.99186673527484,9.085648106899942e-09,1.091660711798262e-05,0.07859999999999995
13.116666666666667,1.010244397319355,-0.024330984124460733,9.998954514567707,0.026420313235302664,31.46832778738312,396.65361267837045,7672.289293216468,-0.0012900125182856007,0.004217771472316461,0.003577273362176154,0.5,34.997149735664806,27.999087915412737,206.16884042468118,99.99185638761374,9.097222180868825e-09,1.0930495855203742e-05,0.07869999999999995
13.133333333333333,1.0049908899836608,-0.019823695794082927,10.002671343888325,0.020616221453590308,31.522316565348397,396.64633034352306,7672.290041479516,-0.005252075162285518,0.004571953056162129,0.0036369921111569187,0.5,34.997146113983426,27.999086756474696,206.16880954709688,99.99184603995263,9.108796254837573e-09,1.0944384592231963e-05,0.07879999999999997
13.15,1.021655973974661,-0.022516072647223283,10.002172393986626,0.03131601043042668,31.457384654187358,396.6390444654655,7672.290797464989,0.01666489975439263,-0.002700779703447238,-0.000451257403905043,0.5,34.99714249230204,27.999085597536656,206.1687790674264,99.99183569229155,9.120370328806188e-09,1.0958273329067285e-05,0.07889999999999997
13.166666666666666,1.0238286402559085,-0.013605347855321517,10.00304580911232,0.0276080381100622,31.602324329790065,396.6317550620679,7672.291561191282,0.002172941598423884,0.008924895059419074,0.0007142259830853685,0.5,34.99713887062066,27.99908443859861,206.1687489809339,99.99182534463046,9.131944402774669e-09,1.0972162065709708e-05,0.07899999999999997
13.183333333333334,1.0169979907964357,-0.012910860466609475,9.998234223986833,0.02141805793385248,31.62162001816226,396.62446215120144,7672.292332676772,-0.0068317628566647555,0.0006086895136764711,-0.004823189826381944,0.5,34.99713524893928,27.99908327966057,206.16871928293997,99.99181499696938,9.143518476743016e-09,1.0986050802159233e-05,0.07909999999999999
13.2,1.015199319728948,-0.014970704054172534,10.004824019102383,0.02187307973461169,31.641749933441126,396.61716575073547,7672.293111939815,-0.001797067687790246,-0.0019426606242891155,0.006625286599129931,0.5,34.9971316272579,27.999082120722527,206.16868996882084,99.99180464930829,9.155092550711229e-09,1.0999939538415859e-05,0.07919999999999999
13.216666666666667,1.0116648189391437,-0.018594523831790034,10.004531784447526,0.022413802407538347,31.67365231036714,396.60986587854194,7672.293898998751,-0.003534586389923405,-0.003628421625927814,-0.0002280951396685277,0.5,34.99712800557653,27.99908096178449,206.16866103400787,99.99179430164722,9.166666624679307e-09,1.1013828274479584e-05,0.0793
13.233333333333333,1.0026766492242074,-0.012028883910355618,10.002304616343752,0.012536787691388017,31.782136480483903,396.60256255249215,7672.294693871897,-0.00898876492098385,0.006525477442266355,-0.002342231744358268,0.5,34.997124383895155,27.99907980284645,206.16863247398675,99.99178395398616,9.178240698647252e-09,1.102771701035041e-05,0.07940000000000001
13.25,1.0090237653336642,-0.012437276449995874,9.999731215843866,0.015368340857020504,31.74071849744431,396.59525579045805,7672.295496577551,0.006346566675573992,-0.00045350435850540746,-0.0025658347798183426,0.5,34.99712076221378,27.999078643908412,206.1686042842969,99.9917736063251,9.189814772615063e-09,1.1041605746028339e-05,0.07950000000000002
13.266666666666667,1.0191540106227455,-0.010014659622051935,10.004521732881612,0.022082362484461313,31.79076678326041,396.5879456103109,7672.296307133992,0.01013118392197415,0.002507021234887805,0.004746890529052252,0.5,34.99711714053241,27.99907748497037,206.1685764605308,99.99176325866404,9.20138884658274e-09,1.1055494481513368e-05,0.07960000000000002
13.283333333333333,1.0142481398865768,-0.020426915847916356,10.003182717734884,0.025108051299931437,31.80300670122388,396.58063202992173,7672.29712555948,-0.004906226452368513,-0.010434376298962298,-0.001154050785304683,0.5,34.997113518851044,27.999076326032334,206.1685489983335,99.99175291100299,9.212962920550283e-09,1.1069383216805497e-05,0.07970000000000003
13.3,1.005198464746022,-0.027529663217504344,10.003210308426855,0.028199653981633144,31.87407185989214,396.57331506716275,7672.297951872255,-0.009049663612661319,-0.007101158273819827,0.00015275161655339286,0.5,34.99710989716968,27.999075167094297,206.1685218934018,99.99174256334193,9.224536994517691e-09,1.1083271951904727e-05,0.07980000000000004
13.316666666666666,0.9949292541273766,-0.019852656917809124,9.995612905721197,0.020954587806695693,31.98991964172065,396.56599473990593,7672.298786090535,-0.010272352086606715,0.007543235531412838,-0.007730235636023436,0.5,34.99710627548831,27.99907400815626,206.1684951414837,99.9917322156809,9.236111068484966e-09,1.109716068681106e-05,0.07990000000000004
13.333333333333334,0.9938383865841767,-0.0189746155556579,9.99369704999938,0.020922273969051764,31.972059006715554,396.5586710660206,7672.29962823252,-0.0010915166962017354,0.0008446606045928616,-0.0019308049677433771,0.5,34.99710265380695,27.999072849218223,206.16846873837792,99.99172186801985,9.247685142452107e-09,1.1111049421524493e-05,0.08000000000000006
13.35,0.9935764191474568,-0.024957239771616808,10.001817553714767,0.025834562525765666,31.98186083437235,396.55134406337885,7672.30047831639,-0.0002588542162546012,-0.005840893860246813,0.008223036105253028,0.5,34.99709903212558,27.99907169028019,206.1684426799331,99.99171152035882,9.259259216419114e-09,1.1124938156045026e-05,0.08010000000000006
13.366666666666667,0.9941405533726578,-0.0207044941783203,10.00190285679575,0.021601528291139295,32.06743008715103,396.54401374985184,7672.301336360302,0.0005641682162476766,0.004253585414505169,1.1525377931633053e-05,0.5,34.997095410444224,27.999070531342152,206.1684169620473,99.99170117269779,9.270833290385988e-09,1.1138826890372659e-05,0.08020000000000006
13.383333333333333,1.002443646654192,-0.018335137360598813,10.006919649171683,0.01974931957101212,32.07922924854883,396.53668014330884,7672.302202382394,0.008304802442226379,0.002456402765897802,0.004974750266052651,0.5,34.99709178876287,27.99906937240412,206.16839158066745,99.99169082503677,9.282407364352727e-09,1.1152715624507394e-05,0.08030000000000008
13.4,1.0086953889395545,-0.025751372783692626,10.005821388531775,0.027796659897625933,32.06943488376405,396.5293432616191,7672.303076400784,0.0062513197606361695,-0.0074343673306746525,-0.0009679394732998948,0.5,34.99708816708151,27.99906821346608,206.16836653178868,99.99168047737574,9.293981438319333e-09,1.116660435844923e-05,0.08040000000000008
13.416666666666666,1.0070506615293204,-0.023848704691639792,10.005628242373126,0.025498356212540204,32.18269924347773,396.5220031226529,7672.303958433569,-0.0016448110121781807,0.0018989763249095122,-0.00022658380125271623,0.5,34.997084545400156,27.99906705452805,206.16834181145381,99.99167012971473,9.305555512285804e-09,1.1180493092198167e-05,0.08050000000000009
13.433333333333334,0.9961595287439001,-0.02014437987736834,10.000473393775959,0.020512647816485836,32.2559177484858,396.51465974427947,7672.304848498826,-0.010893111826868149,0.003613649939511884,-0.00521881375647839,0.5,34.997080923718805,27.999065895590018,206.16831741575277,99.99165978205372,9.317129586252142e-09,1.1194381825754204e-05,0.0806000000000001
13.45,0.9976553751423388,-0.022026607896540935,10.00534382028316,0.022786406452953902,32.238463693676806,396.5073131443653,7672.305746614606,0.0014976387704399195,-0.0017972053021772317,0.0049024368030294325,0.5,34.997077302037454,27.999064736651984,206.168293340822,99.99164943439271,9.328703660218345e-09,1.1208270559117343e-05,0.0807000000000001
13.466666666666667,1.0009336285855683,-0.026054601314762473,10.009934563677426,0.02790006591362505,32.2622151799575,396.49996334077883,7672.306652798945,0.0032801796635539486,-0.003947317809712366,0.0046602933792327566,0.5,34.9970736803561,27.999063577713954,206.16826958284395,99.99163908673172,9.340277734184415e-09,1.1222159292287584e-05,0.08080000000000011
13.483333333333333,0.994413505788372,-0.022704279477860183,10.012383668605052,0.026457910991444376,32.36845751188631,396.4926103513846,7672.307567069855,-0.006519080706428459,0.003392457287137749,0.002390398271297636,0.5,34.99707005867475,27.99906241877592,206.1682461380465,99.99162873907072,9.35185180815035e-09,1.1236048025264924e-05,0.08090000000000012
13.5,1.0072732251437857,-0.028590385734250857,10.011038706589243,0.031499254872460594,32.30085457593589,396.48525419404916,7672.308489445328,0.012859117363527447,-0.005908700919130255,-0.0012419433546843636,0.5,34.99706643699341,27.99906125983789,206.16822300270243,99.99161839140973,9.363425882116153e-09,1.1249936758049365e-05,0.08100000000000013
13.516666666666667,1.0107482247906365,-0.02978238268225923,10.004621216609436,0.03199837669364265,32.38954935197306,396.477894886638,7672.309419943332,0.0034717305882732996,-0.0013048218473731012,-0.00639550340118963,0.5,34.99706281531206,27.99906010089986,206.1682001731289,99.99160804374874,9.37499995608182e-09,1.1263825490640908e-05,0.08110000000000013
13.533333333333333,1.0141700812685008,-0.022085232384784482,10.0016909047375,0.026294810893462323,32.47962929156924,396.470532447014,7672.310358581815,0.003420530130895497,0.007644170509752351,-0.003065861397466842,0.5,34.99705919363072,27.999058941961827,206.16817764568688,99.99159769608778,9.386574030047354e-09,1.1277714223039552e-05,0.08120000000000015
13.55,1.0162374337429534,-0.014760807038372233,9.999410262917847,0.02195178805188185,32.52258209880143,396.46316689303984,7672.311305378705,0.0020666191517522054,0.007282867860645236,-0.002410055837366942,0.5,34.997055571949375,27.999057783023797,206.16815541678065,99.99158734842679,9.398148104012752e-09,1.1291602955245297e-05,0.08130000000000015
13.566666666666666,1.0080752427322068,-0.015041585587555422,9.998297672055045,0.01715672323679193,32.55375802081695,396.4557982425774,7672.312260351904,-0.008162480381548159,-0.00030038814721525416,-0.001107457405826144,0.5,34.99705195026804,27.99905662408577,206.16813348285731,99.99157700076582,9.409722177978019e-09,1.1305491687258141e-05,0.08140000000000017
13.583333333333334,1.0102510907948794,-0.018207416418869856,9.997897801991384,0.0210001727827888,32.549410361424314,396.44842651348745,7672.313223519295,0.0021757320397255524,-0.0031723824195748077,-0.0003440504319450251,0.5,34.9970483285867,27.99905546514774,206.16811184040625,99.99156665310485,9.42129625194315e-09,1.1319380419078088e-05,0.08150000000000017
13.6,1.0130672204045283,-0.03266821345652054,9.997186110713496,0.035296762140662255,32.528320397017566,396.44105172362646,7672.314194898739,0.0028158136380670644,-0.01447110853839693,-0.0004562623850291752,0.5,34.99704470690536,27.999054306209715,206.16809048595863,99.9915563054439,9.432870325908148e-09,1.1333269150705136e-05,0.08160000000000017
13.616666666666667,1.0049811171074092,-0.02859598831327638,9.99339372423161,0.029768582848998155,32.69582823896317,396.4336738908552,7672.315174508072,-0.00808813083789851,0.004004810215798117,-0.0038635092942453943,0.5,34.997041085224026,27.999053147271688,206.16806941608692,99.99154595778293,9.44444439987301e-09,1.1347157882139284e-05,0.08170000000000019
13.633333333333333,0.9991274614914492,-0.025338508402248574,9.995801626336105,0.02569881877045841,32.730211210094744,396.42629303302897,7672.316162365112,-0.005852522300370127,0.003299091747372402,0.002350565959186201,0.5,34.997037463542696,27.99905198833366,206.16804862740437,99.99153561012199,9.456018473837741e-09,1.1361046613380533e-05,0.08180000000000019
13.65,1.002535278652112,-0.025587407073560452,10.002454356599669,0.025829627935417366,32.72852598381613,396.4189091680013,7672.317158487652,0.0034107737177302877,-0.00013265804134162935,0.00665606218045789,0.5,34.99703384186137,27.999050829395635,206.16802811656453,99.99152526246104,9.467592547802336e-09,1.1374935344428883e-05,0.0819000000000002
13.666666666666666,0.9998494416619615,-0.029503021128541994,10.006559532494224,0.030223796507555384,32.76546266245089,396.4115223136265,7672.31816289346,-0.002683863408194374,-0.003843285659411533,0.004172967057338615,0.5,34.99703022018004,27.99904967045761,206.16800788026077,99.99151491480009,9.479166621766798e-09,1.1388824075284335e-05,0.08200000000000021
13.683333333333334,1.0157958101931253,-0.03995691614189299,10.010336478095684,0.04419297900260772,32.717052548385986,396.4041324877571,7672.319175600287,0.015948658038281945,-0.010385845590029037,0.003960233363560958,0.5,34.99702659849871,27.999048511519586,206.16798791522586,99.99150456713917,9.490740695731126e-09,1.1402712805946887e-05,0.08210000000000021
13.7,1.0077980277608813,-0.032228291570094075,10.009691885393773,0.034546304569810476,32.919582145515506,396.39673970824106,7672.320196625856,-0.0079981884965633,0.0077160371701951525,-0.0007809662108679506,0.5,34.99702297681738,27.99904735258156,206.16796821823144,99.99149421947823,9.502314769695321e-09,1.141660153641654e-05,0.08220000000000022
13.716666666666667,1.012314923409798,-0.02529138928939974,10.010307181930036,0.02996006899217594,32.920460933738596,396.3893439929299,7672.321225987868,0.004517204501744926,0.006946670797901538,0.0004929178470654296,0.5,34.997019355136054,27.999046193643537,206.16794878608755,99.9914838718173,9.513888843659381e-09,1.1430490266693293e-05,0.08230000000000023
13.733333333333333,1.0083991715396097,-0.022877668069973718,10.013032476287712,0.02763734639829792,32.96322696633226,396.3819453596678,7672.322263704006,-0.003914606282476229,0.0024614014470477692,0.0026823089099605626,0.5,34.99701573345473,27.999045034705514,206.1679296156422,99.99147352415638,9.525462917623308e-09,1.1444378996777149e-05,0.08240000000000024
13.75,1.0085601319238828,-0.0240988520687417,10.00860454810215,0.026983323582998365,32.96728511453439,396.3745438263006,7672.323309791923,0.0001591451663492882,-0.0012989280580098204,-0.004405748631314196,0.5,34.997012111773415,27.999043875767494,206.167910703781,99.99146317649547,9.5370369915871e-09,1.1458267726668105e-05,0.08250000000000024
13.766666666666667,1.0074334637158866,-0.018999359362027464,10.00612509124301,0.021301734151943526,33.046289395916375,396.3671394106699,7672.324364269251,-0.00112760073879202,0.00505508507007593,-0.0025687830384032513,0.5,34.99700849009209,27.99904271682947,206.16789204742648,99.99145282883455,9.548611065550758e-09,1.1472156456366161e-05,0.08260000000000026
13.783333333333333,1.006450759040964,-0.02256925441370872,10.004970014228036,0.023993690916635238,33.04166401748501,396.35973213061783,7672.325427153601,-0.0009831236844247311,-0.0035896425686231543,-0.0010921628336351878,0.5,34.99700486841078,27.99904155789145,206.16787364353792,99.99144248117364,9.560185139514283e-09,1.1486045185871319e-05,0.08270000000000026
13.8,1.0106259831662174,-0.02439512386427446,10.008119680924553,0.027820847232915585,33.07962504093736,396.352322003983,7672.326498462557,0.004176514991241124,-0.0017701480357401606,0.003181316369148268,0.5,34.99700124672946,27.999040398953426,206.16785548911076,99.99143213351273,9.571759213477673e-09,1.1499933915183578e-05,0.08280000000000026
13.816666666666666,1.0160369459861116,-0.024976682828314136,10.013951145681455,0.03279863269044487,33.12514926766694,396.34490904860104,7672.327578213681,0.005413475312140452,-0.00047833828557374946,0.005840837127311651,0.5,34.996997625048145,27.999039240015406,206.16783758117617,99.99142178585184,9.58333328744093e-09,1.1513822644302938e-05,0.08290000000000028
13.833333333333334,1.0057843317025605,-0.023833673083097997,10.00922525278541,0.026203624684144375,33.2122534297173,396.3374932823079,7672.3286664245115,-0.010254627308299008,0.0010594538510703133,-0.004745322817763974,0.5,34.99699400336683,27.999038081077384,206.16781991680065,99.99141143819095,9.594907361404052e-09,1.1527711373229398e-05,0.08300000000000028
13.85,0.9987358046558744,-0.03191139322870348,10.00591619225871,0.03247972239787097,33.19588764762053,396.3300747229354,7672.329763112563,-0.007050136805839626,-0.008134365901921825,-0.0031672596463706015,0.5,34.99699038168552,27.999036922139368,206.16780249308567,99.99140109053006,9.60648143536704e-09,1.154160010196296e-05,0.08310000000000028
13.866666666666667,1.001173305347713,-0.023716265357348672,9.99809201669655,0.023821783267236375,33.291274240920565,396.32265338831303,7672.330868295325,0.0024337025018729124,0.008057335371407771,-0.007966001326386994,0.5,34.99698676000421,27.99903576320135,206.16778530716715,99.99139074286919,9.618055509329894e-09,1.1555488830503623e-05,0.0832000000000003
13.883333333333333,1.0087820495226782,-0.027793365039190564,9.99340345173223,0.02988447554034471,33.25434397992625,396.3152292962689,7672.3319819902645,0.007606636646606765,-0.00415870653218203,-0.0046163339366111986,0.5,34.9969831383229,27.99903460426333,206.16776835621513,99.9913803952083,9.629629583292615e-09,1.1569377558851387e-05,0.0833000000000003
13.9,1.0108402644225236,-0.0233355872603157,9.993666200348363,0.026498113422222747,33.35965803751123,396.3078024646286,7672.333104214821,0.0020583321343649445,0.004461716033836697,0.00018414561454964948,0.5,34.996979516641595,27.99903344532531,206.16775163743333,99.99137004754742,9.641203657255201e-09,1.158326628700625e-05,0.08340000000000031
13.916666666666666,1.0074050276296482,-0.03242494135208196,9.99247349960138,0.034100262684502995,33.34356633962894,396.3003729112139,7672.334234986412,-0.003435817164940129,-0.009108949758444083,-0.0010324375379654731,0.5,34.99697589496029,27.999032286387294,206.1677351480587,99.99135969988654,9.652777731217653e-09,1.1597155014968217e-05,0.08350000000000032
13.933333333333334,1.0112208010614163,-0.02219838841445246,9.99343921105172,0.025723340560299686,33.4665396640583,396.2929406538447,7672.335374322433,0.0038162337670261627,0.010241977202309762,0.000785421572599085,0.5,34.99697227327899,27.99903112744928,206.16771888536118,99.99134935222568,9.664351805179971e-09,1.1611043742737285e-05,0.08360000000000033
13.95,1.0005059286518587,-0.018365437100231426,10.000040169982187,0.018372448330341587,33.51971162653885,396.28550571033827,7672.33652224025,-0.010712535792730241,0.003948238707016079,0.006532654965378454,0.5,34.99696865159769,27.99902996851126,206.16770284664307,99.99133900456482,9.675925879142156e-09,1.1624932470313452e-05,0.08370000000000033
13.966666666666667,0.9996101195326238,-0.015739546186013902,10.002827938725744,0.015996319909538065,33.52244056057474,396.27806809850966,7672.337678757206,-0.0008949794176079775,0.002674147026250092,0.0027415132071499826,0.5,34.99696502991639,27.999028809573243,206.16768702923883,99.99132865690397,9.687499953104206e-09,1.163882119769672e-05,0.08380000000000035
13.983333333333333,1.0022511432105496,-0.023659525326658992,10.003581014216207,0.02403472018078482,33.495515443496075,396.2706278361715,7672.3388438906195,0.0026412826021300633,-0.007905615449214799,0.0008913118538389221,0.5,34.996961408235094,27.99902765063523,206.16767143051473,99.99131830924313,9.699074027066124e-09,1.165270992488709e-05,0.08390000000000035
14.0,0.9986092318604445,-0.025530496363557212,10.004189213305084,0.025909214441410953,33.58602504294178,396.2631849411326,7672.340017657787,-0.0036416502734150373,-0.0018600667323404678,0.0006407733143135871,0.5,34.9969577865538,27.999026491697215,206.16765604786826,99.99130796158228,9.710648101027906e-09,1.1666598651884561e-05,0.08400000000000035
14.016666666666667,0.9964720311668569,-0.020358306607199877,10.007606089908226,0.022017045099105813,33.661428807643006,396.25573943119866,7672.341200075974,-0.0021358323873513028,0.005230891951635367,0.0033263133038402156,0.5,34.996954164872506,27.999025332759203,206.16764087872795,99.99129761392143,9.722222174989556e-09,1.1680487378689132e-05,0.08410000000000037
14.033333333333333,0.9972929579867876,-0.022084684843433303,10.007437992104142,0.0234601224183768,33.65426280340619,396.24829132417403,7672.342391162423,0.0008208645590457895,-0.00172904150351334,-0.00013803681444635884,0.5,34.99695054319121,27.999024173821187,206.16762592055295,99.99128726626061,9.73379624895107e-09,1.1694376105300805e-05,0.08420000000000037
14.05,1.0022971862057697,-0.024201348241529908,10.003281497851015,0.024530669201808204,33.67763693742044,396.2408406378571,7672.343590934354,0.005002549323408306,-0.0021888671115038115,-0.004118927825309418,0.5,34.99694692150992,27.999023014883175,206.1676111708326,99.99127691859977,9.745370322912452e-09,1.170826483171958e-05,0.08430000000000037
14.066666666666666,1.0165057710064935,-0.013507242116670008,9.99608072219933,0.021684823069242753,33.75705016748694,396.2333873900464,7672.344799408957,0.014206215317680139,0.010565594476728911,-0.007388050307145788,0.5,34.99694329982864,27.999021855945163,206.16759662708614,99.99126657093895,9.756944396873699e-09,1.1722153557945455e-05,0.08440000000000039
14.083333333333334,1.0060390826056722,-0.017145076995898477,9.993845536075911,0.019190895765882433,33.79686392765077,396.22593159853665,7672.346016603402,-0.010467286324212373,-0.003676717334878561,-0.002170633332480945,0.5,34.99693967814734,27.999020697007147,206.16758228686234,99.99125622327813,9.768518470834813e-09,1.173604228397843e-05,0.0845000000000004
14.1,1.0007732506565372,-0.016470016126934273,9.995037553719493,0.017218713958521207,33.84757729923879,396.21847328111625,7672.347242534827,-0.005265482278014522,0.0006958317817960737,0.0011800132425968397,0.5,34.996936056466055,27.99901953806914,206.16756814773916,99.99124587561731,9.780092544795791e-09,1.1749931009818507e-05,0.0846000000000004
14.116666666666667,0.9962825045145721,-0.016340192380154137,9.997383328426334,0.016960878603480032,33.88381639097651,396.21101245557423,7672.348477220349,-0.00449007449482546,0.0001706831824993536,0.002343155989387253,0.5,34.996932434784775,27.999018379131126,206.16755420732338,99.9912355279565,9.791666618756637e-09,1.1763819735465685e-05,0.08470000000000041
14.133333333333333,1.0003755546718947,-0.023474283634883516,9.999874960881717,0.02347762017539152,33.86124920871177,396.20354913969527,7672.349720677056,0.004093915868892594,-0.007089596014883556,0.002615553125102422,0.5,34.996928813103494,27.999017220193117,206.16754046325025,99.9912251802957,9.803240692717347e-09,1.1777708460919964e-05,0.08480000000000042
14.15,1.003339093532326,-0.03035481932396636,10.003410499880578,0.03072787237591189,33.90713986886098,396.1960833512582,7672.350972922013,0.0029651996717829994,-0.006817665615554965,0.0036553030495743394,0.5,34.996925191422214,27.99901606125511,206.16752691318314,99.9912148326349,9.814814766677925e-09,1.1791597186181343e-05,0.08490000000000042
14.166666666666666,1.0157435756360522,-0.026097147772241685,10.002092430028968,0.030550197315757244,33.975642201891425,396.1886151080411,7672.352233972255,0.012403832823078734,0.004233787731992887,-0.0013928806290841435,0.5,34.996921569740934,27.999014902317096,206.16751355481327,99.99120448497409,9.826388840638367e-09,1.1805485911249825e-05,0.08500000000000044
14.183333333333334,1.0139877905737904,-0.019554790695077744,9.997239922610847,0.024200267888816622,34.06644951358565,396.18114442781916,7672.3535038447935,-0.0017577182446221141,0.00645538406930649,-0.004967622908607798,0.5,34.996917948059654,27.999013743379088,206.1675003858593,99.9911941373133,9.837962914598677e-09,1.1819374636125407e-05,0.08510000000000044
14.2,1.0127231434425394,-0.033658391603658654,9.995207779488613,0.036300072415475663,33.99860088124653,396.17367132836023,7672.354782556614,-0.001265590802897884,-0.014137334573144766,-0.001782396317076595,0.5,34.99691432637838,27.999012584441083,206.16748740406715,99.99118378965251,9.849536988558852e-09,1.183326336080809e-05,0.08520000000000044
14.216666666666667,1.0140857440581963,-0.04290784090726061,9.996661445537162,0.04528357004587635,34.059717213936345,396.166195827432,7672.356070124672,0.0013635719065014124,-0.009222292569470929,0.0016170270926250628,0.5,34.99691070469711,27.999011425503074,206.1674746072094,99.99117344199173,9.861111062518893e-09,1.1847152085297874e-05,0.08530000000000046
14.233333333333333,1.0032001923554097,-0.03307293296814208,9.996892220446346,0.03337233402082638,34.235488919904675,396.1587179427948,7672.3573665659005,-0.010885398718542733,0.009837446482910153,5.7612939446247245e-05,0.5,34.996907083015834,27.999010266565065,206.16746199308525,99.99116309433096,9.8726851364788e-09,1.186104080959476e-05,0.08540000000000046
14.25,0.9978458102964388,-0.03029496814629577,9.99832898963993,0.030417425932303874,34.22363773333163,396.1512376922099,7672.358671897203,-0.005353587544976767,0.002802629474348775,0.0013880423952809004,0.5,34.99690346133457,27.99900910762706,206.16744955952007,99.99115274667018,9.884259210438574e-09,1.1874929533698746e-05,0.08550000000000046
14.266666666666667,0.9846833920374174,-0.027468728705594893,9.99572469993927,0.03174018134307184,34.28400507387508,396.14375509343205,7672.35998613546,-0.013163731095945319,0.0027807623741954043,-0.0026527934937764144,0.5,34.996899839653295,27.999007948689055,206.16743730436508,99.99114239900942,9.895833284398212e-09,1.1888818257609832e-05,0.08560000000000048
14.283333333333333,0.9996682145318017,-0.019846567919167564,9.998725730993018,0.01989020478692308,34.27287489021519,396.1362701642104,7672.3613092975165,0.014986061717082173,0.007672983522377413,0.002868596544052698,0.5,34.99689621797203,27.99900678975105,206.1674252254971,99.99113205134866,9.907407358357718e-09,1.1902706981328022e-05,0.08570000000000048
14.3,1.000636968332867,-0.02005672341569241,9.997834462495527,0.02018333347757655,34.309401151374495,396.12878292229396,7672.362641400199,0.0009684434418777363,-0.000225680631469613,-0.0008874643788302844,0.5,34.99689259629076,27.999005630813045,206.16741332081827,99.9911217036879,9.91898143231709e-09,1.1916595704853312e-05,0.08580000000000049
14.316666666666666,1.0026912954947116,-0.016399547208033285,10.00485223078233,0.01731288820164411,34.373119408919905,396.1212933854247,7672.363982460304,0.0020565598016954074,0.003779298083977572,0.0069527628142684724,0.5,34.9968889746095,27.99900447187504,206.1674015882556,99.99111135602715,9.930555506276328e-09,1.1930484428185702e-05,0.0859000000000005
14.333333333333334,1.0017211869534797,-0.031220786736987676,10.007139994736981,0.03207313867160144,34.321185030469024,396.11380157134124,7672.365332494599,-0.0009691578247954917,-0.014778957231470291,0.0025466507197167494,0.5,34.99688535292824,27.999003312937038,206.16739002576082,99.99110100836639,9.942129580235431e-09,1.1944373151325194e-05,0.0860000000000005
14.35,0.9986860626913562,-0.02773294840755498,10.004195101371392,0.02807915706724439,34.460525347567575,396.1063074977789,7672.3666915198255,-0.00303663931732385,0.0034359009671967194,-0.0030053278405455137,0.5,34.99688173124698,27.999002153999033,206.16737863131004,99.99109066070565,9.953703654194401e-09,1.1958261874271787e-05,0.08610000000000051
14.366666666666667,0.9988583442456357,-0.02130791335168036,9.999176347380812,0.021354374289456916,34.505823743340144,396.0988111824673,7672.368059552698,0.00017013371707646986,0.00633657710441961,-0.0051299856989825525,0.5,34.99687810956572,27.999000995061028,206.1673674029035,99.9910803130449,9.965277728153237e-09,1.1972150597025481e-05,0.08620000000000053
14.383333333333333,1.0035630435366742,-0.02722195735143216,9.9977574351193,0.027545517573370024,34.47067055363432,396.0913126431331,7672.369436609901,0.004704098380077959,-0.005937934499344353,-0.0013153562586884022,0.5,34.99687448788446,27.998999836123026,206.16735633856513,99.99106996538417,9.976851802111939e-09,1.1986039319586275e-05,0.08630000000000053
14.4,1.002238646113462,-0.028980360589553514,9.995410882598657,0.02942664838671334,34.549846074348665,396.0838118974967,7672.370822708095,-0.0013255483080893088,-0.001799205638602047,-0.002315415390364719,0.5,34.9968708662032,27.998998677185025,206.16734543634243,99.99105961772344,9.988425876070507e-09,1.1999928041954172e-05,0.08640000000000053
14.416666666666666,1.0088300617462473,-0.029326804967219348,9.988669476915188,0.03265518355150326,34.57186393334747,396.0763089632755,7672.372217863908,0.006587985437643375,-0.0004646958352409551,-0.006734286938219206,0.5,34.99686724452195,27.998997518247023,206.1673346943062,99.99104927006272,9.99999995002894e-09,1.201381676412917e-05,0.08650000000000055
14.433333333333334,0.9999367469863724,-0.025794142013384445,9.988800135326743,0.02812079376117325,34.682476280318966,396.06880385818334,7672.373622093942,-0.00889325192829178,0.00353441049470421,6.871462780257915e-05,0.5,34.9968636228407,27.99899635930902,206.16732411055008,99.991038922402,1.001157402398724e-08,1.2027705486111267e-05,0.08660000000000055
14.45,0.9967770975053104,-0.02135191108044267,9.993308608586595,0.022606944908774265,34.71450743408307,396.0612965999283,7672.375035414773,-0.003157794574608033,0.004520111015876776,0.004430388229217426,0.5,34.99686000115945,27.998995200371024,206.16731368319054,99.99102857474128,1.0023148097945406e-08,1.2041594207900466e-05,0.08670000000000055
14.466666666666667,1.0110228448283154,-0.03278631493958719,9.993293217049567,0.03523328233684262,34.61767468034241,396.05378720621206,7672.376457842946,0.014245740124736646,-0.011432918527319145,0.00018494688317528712,0.5,34.9968563794782,27.998994041433026,206.16730341036634,99.99101822708057,1.0034722171903438e-08,1.2055482929496767e-05,0.08680000000000057
14.483333333333333,1.0085179365135284,-0.03200998830494375,9.99805655374406,0.0331807523379281,34.77446529293577,396.0462756947335,7672.377889394978,-0.0025022148655518993,0.0008601498948593714,0.0047489150814396,0.5,34.99685275779695,27.998992882495024,206.16729329023846,99.99100787941987,1.0046296245861336e-08,1.2069371650900168e-05,0.08690000000000057
14.5,1.0000769589217622,-0.03082182750242881,9.997535891823828,0.030920263590362297,34.83036396861204,396.03876208318866,7672.379330087358,-0.008441263091694047,0.0011788524363046352,-0.0005414072302750995,0.5,34.99684913611571,27.99899172355703,206.16728332098972,99.99099753175918,1.00578703198191e-08,1.208326037211067e-05,0.08700000000000058
14.516666666666667,1.0013191775570427,-0.02623068448333498,9.996060738877352,0.02655756829581415,34.8603224018041,396.03124638926425,7672.380779936544,0.001241484190502039,0.0045646798564031,-0.0015551102004160331,0.5,34.99684551443447,27.99899056461903,206.1672735008246,99.99098718409847,1.006944439377673e-08,1.2097149093128275e-05,0.0871000000000006
14.533333333333333,0.9977197703596999,-0.03229547867731531,10.002652964873294,0.03248433779479752,34.864355039917285,396.0237286306452,7672.38223895897,-0.0035960403041224542,-0.0059488764788396585,0.006697016489886035,0.5,34.996841892753224,27.99898940568103,206.16726382796892,99.99097683643778,1.0081018467734226e-08,1.211103781395298e-05,0.0872000000000006
14.55,1.0009246212521217,-0.021759724078826776,10.00657249298107,0.02274951611884541,34.97115639998671,396.01620882501174,7672.3837071710395,0.0032066998154787036,0.010602510990008708,0.0037351818833628917,0.5,34.99683827107199,27.998988246743036,206.1672543006697,99.9909664887771,1.0092592541691588e-08,1.2124926534584784e-05,0.0873000000000006
14.566666666666666,0.9958428695155239,-0.01944821481864662,10.009540637691757,0.022057313880681405,34.991257300847664,396.0086869900357,7672.385184589123,-0.005080684374020357,0.0023628758948054623,0.0029274177164763,0.5,34.99683464939075,27.99898708780504,206.1672449171947,99.99095614111641,1.0104166615648815e-08,1.2138815255023691e-05,0.08740000000000062
14.583333333333334,1.0027314263349605,-0.02308092048326163,10.007818084317726,0.024521839694904318,34.962515745902444,396.001163143388,7672.386671229566,0.006887917524937835,-0.003662194453746332,-0.0016589370141793641,0.5,34.99683102770951,27.998985928867043,206.16723567583242,99.99094579345574,1.011574068960591e-08,1.21527039752697e-05,0.08750000000000062
14.6,0.9964594735889539,-0.02375351297332603,10.009038230688036,0.025660106186357893,35.05865632275933,395.993637302733,7672.388167108685,-0.006271454069268628,-0.0006512042600397205,0.0012316941956802498,0.5,34.996827406028274,27.99898476992905,206.1672265748916,99.99093544579507,1.012731476356287e-08,1.2166592695322808e-05,0.08760000000000062
14.616666666666667,1.0005279811917125,-0.02844935280340111,10.002978766474781,0.028609758217053,35.04291665402991,395.98610948572775,7672.389672242763,0.004065747179619315,-0.004800719735385929,-0.005976713218191478,0.5,34.99682378434704,27.998983610991054,206.16721761270117,99.99092509813441,1.0138888837519697e-08,1.2180481415183017e-05,0.08770000000000064
14.633333333333333,1.0034602799456014,-0.035319182792342974,10.001105423532188,0.035505528071533746,35.0782112090836,395.9785797100263,7672.3911866480585,0.002931256266484605,-0.006901539041609033,-0.0017529220711125224,0.5,34.99682016266581,27.99898245205306,206.16720878760998,99.99091475047375,1.015046291147639e-08,1.219437013485033e-05,0.08780000000000064
14.65,1.0027793783909096,-0.03955787573900572,9.997044161078987,0.03976533397786124,35.14146404680189,395.9710479932772,7672.392710340799,-0.000683555287380148,-0.004309143235947103,-0.003986433016327584,0.5,34.99681654098458,27.99898129311507,206.1672000979865,99.99090440281309,1.0162036985432948e-08,1.2208258854324742e-05,0.08790000000000064
14.666666666666666,0.9967470513992178,-0.03677405158789277,9.997087386965063,0.03703244433999958,35.23748412845881,395.9635143531207,7672.39424333718,-0.006032298203564244,0.002784154583330111,-5.353631541663732e-06,0.5,34.99681291930335,27.99898013417707,206.1671915422186,99.99089405515244,1.0173611059389373e-08,1.2222147573606254e-05,0.08800000000000066
14.683333333333334,1.0058406749872313,-0.02284052083827417,9.99726575014788,0.023733365221784916,35.29383531558381,395.9559788071979,7672.39578565337,0.009093716397920722,0.013934520116565824,-6.515232048654192e-05,0.5,34.99680929762212,27.99897897523908,206.16718311871335,99.99088370749179,1.0185185133345663e-08,1.2236036292694869e-05,0.08810000000000066
14.7,1.0145590338731845,-0.02039177131534154,9.996589704143947,0.02528640437638513,35.27396388872608,395.9484413731368,7672.397337305506,0.00871810384892899,0.0024364499664552295,-0.00071911331569129,0.5,34.9968056759409,27.99897781630109,206.1671748258968,99.99087335983114,1.019675920730182e-08,1.2249925011590585e-05,0.08820000000000067
14.716666666666667,1.0044512760388697,-0.027640941905514502,9.995358220729432,0.028379070983172213,35.316781368422156,395.9409020685656,7672.398898309696,-0.010108274054645193,-0.007269742070428284,-0.0011035742728690544,0.5,34.996802054259675,27.998976657363094,206.16716666221367,99.99086301217051,1.0208333281257842e-08,1.2263813730293401e-05,0.08830000000000068
14.733333333333333,0.9945318712544099,-0.01525734103079766,9.99459143464347,0.017086466518730557,35.460971474970314,395.93336091110297,7672.400468682016,-0.009919691861846103,0.012368341345836779,-0.0009826831385597627,0.5,34.99679843257846,27.998975498425107,206.16715862612728,99.99085266450987,1.0219907355213732e-08,1.2277702448803319e-05,0.08840000000000069
14.75,0.9948438728609807,-0.016389968241944417,9.99893142865116,0.017215113112824063,35.40431563270819,395.9258179183658,7672.402048438515,0.00031320020385155664,-0.0010571155156510615,0.004359001922028347,0.5,34.996794810897235,27.998974339487113,206.16715071611912,99.99084231684925,1.0231481429169486e-08,1.2291591167120339e-05,0.08850000000000069
14.766666666666667,0.990589621377788,-0.024897225902332808,10.002140406114895,0.026702053539374014,35.41808108922778,395.91827310796083,7672.403637595207,-0.004253095294635827,-0.008450384267441186,0.0033558864850807076,0.5,34.99679118921602,27.998973180549125,206.1671429306889,99.99083196918862,1.0243055503125107e-08,1.2305479885244459e-05,0.0886000000000007
14.783333333333333,0.9945953398883896,-0.036688945461850385,10.003767868644294,0.037275633619553744,35.416367584978616,395.91072649749,7672.405236168081,0.004006593176849802,-0.011761757422030608,0.0018314877063077882,0.5,34.9967875675348,27.998972021611134,206.16713526835403,99.990821621528,1.0254629577080593e-08,1.2319368603175679e-05,0.08870000000000071
14.8,0.9958494714577255,-0.035281657236262684,10.013510153769099,0.03800673541226186,35.54063313448215,395.9031781045534,7672.406844173091,0.001260250327990795,0.00157628998381115,0.009716370337430051,0.5,34.996783945853586,27.998970862673147,206.1671277276497,99.99081127386738,1.0266203651035946e-08,1.2333257320914002e-05,0.08880000000000071
14.816666666666666,1.003763825700608,-0.015681359898071876,10.012445184130788,0.02037073528642553,35.650691720064906,395.89562794673907,7672.408461626162,0.007913880624898518,0.019578730821941646,-0.001406813639960253,0.5,34.99678032417237,27.998969703735156,206.16712030712844,99.99080092620677,1.0277777724991164e-08,1.2347146038459426e-05,0.08890000000000073
14.833333333333334,1.0057620149404691,-0.014926529961709222,10.006294743692635,0.017194050035004665,35.60459045290662,395.8880760416342,7672.410088543188,0.0019965464314387125,0.0006468626924343989,-0.006162730876840548,0.5,34.99677670249116,27.998968544797172,206.16711300536005,99.99079057854617,1.028935179894625e-08,1.236103475581195e-05,0.08900000000000073
14.85,0.9997650651803457,-0.01322600713243923,10.000624964330825,0.013242847228787718,35.67337615340995,395.8805224068165,7672.411724940033,-0.005998342701292202,0.0016010376813695981,-0.005698671113777979,0.5,34.99677308080995,27.998967385859185,206.1671058209313,99.99078023088558,1.03009258729012e-08,1.2374923472971577e-05,0.08910000000000073
14.866666666666667,1.0058038928332826,-0.01801611483519019,9.998530094521138,0.01898482297674581,35.647613856562735,395.8729670598591,7672.41337083253,0.006038256515433631,-0.004826036396857024,-0.002010717236402956,0.5,34.99676945912874,27.998966226921198,206.16709875244584,99.99076988322498,1.0312499946856017e-08,1.2388812189938304e-05,0.08920000000000075
14.883333333333333,1.006413353528516,-0.02047974669486709,10.0099244869963,0.023644646631755275,35.725869588482915,395.8654100183267,7672.415026236478,0.0006132885247232139,-0.0022631778472594734,0.01143589411104452,0.5,34.99676583744754,27.998965067983214,206.1670917985239,99.9907595355644,1.0324074020810699e-08,1.2402700906712131e-05,0.08930000000000075
14.9,1.0100548616752372,-0.019584308725250972,10.00555432117346,0.0227049545417867,35.764054849539626,395.8578512997832,7672.4166911676475,0.0036399802294513413,0.0008184014798252726,-0.00438524516984475,0.5,34.99676221576634,27.998963909045226,206.16708495780213,99.99074918790382,1.0335648094765248e-08,1.241658962329306e-05,0.08940000000000076
14.916666666666666,1.0100158881890313,-0.01565077343108066,10.003369682127177,0.018884615346400298,35.83277191515189,395.8502909217775,7672.418365641776,-3.9645227962009665e-05,0.003894414326744817,-0.002253638012721031,0.5,34.99675859408513,27.998962750107243,206.16707822893346,99.99073884024324,1.0347222168719663e-08,1.2430478339681092e-05,0.08950000000000077
14.933333333333334,1.0116254950398773,-0.0179664899231369,10.001862704893385,0.02148076695384738,35.83596451411468,395.84272890185935,7672.420049674572,0.001609164755126868,-0.002341941060826018,-0.0014658905590355879,0.5,34.99675497240393,27.998961591169255,206.16707161058682,99.99072849258266,1.0358796242673945e-08,1.2444367055876223e-05,0.08960000000000078
14.95,1.0070060721803333,-0.02055739662305022,10.00509840892839,0.02230915030592314,35.89628274309515,395.8351652575722,7672.4217432817095,-0.004618335069070351,-0.0025335078740299426,0.0032808405690976845,0.5,34.99675135072273,27.998960432231275,206.16706510144692,99.99071814492208,1.0370370316628092e-08,1.2458255771878456e-05,0.08970000000000078
14.966666666666667,1.0062233311668736,-0.023468882543816866,10.008221450806044,0.025634576288785144,35.92405829261075,395.8276000064453,7672.4234464788315,-0.0007815411353003633,-0.0028561715156194063,0.0031737081916419704,0.5,34.99674772904153,27.998959273293288,206.1670587002142,99.99070779726152,1.0381944390582106e-08,1.247214448768779e-05,0.0898000000000008
14.983333333333333,1.0087422479372639,-0.018084761143692014,10.001252624150453,0.020126052892381695,35.991949134397004,395.8200331660099,7672.425159281552,0.0025163897074004108,0.005260756288053483,-0.007062417815847528,0.5,34.996744107360335,27.998958114355307,206.16705240560452,99.99069744960096,1.0393518464535985e-08,1.2486033203304225e-05,0.0899000000000008
15.0,1.015083079789412,-0.01938498471681856,9.989966302651201,0.026531128858367926,35.983131052097654,395.81246475378515,7672.426881705447,0.006337141398371358,-0.0014993404951976293,-0.01126159846645295,0.5,34.99674048567914,27.998956955417324,206.16704621634906,99.9906871019404,1.040509253848973e-08,1.2499921918727762e-05,0.0900000000000008
15.016666666666667,1.0230739243290985,-0.023278682804738392,9.992247495666316,0.033679840996812926,36.014817333097454,395.8048947872855,7672.428613766067,0.007991693865270912,-0.0038525104415172372,0.002350082778717738,0.5,34.996736863997945,27.99895579647934,206.16704013119409,99.99067675427985,1.0416666612443342e-08,1.25138106339584e-05,0.09010000000000082
15.033333333333333,1.0137821720417153,-0.022824684129863045,9.99780365929755,0.026753061826901094,36.13014682810571,395.79732328402065,7672.430355478927,-0.009289516908842133,0.0005526821289649307,0.005547216131922606,0.5,34.99673324231676,27.998954637541363,206.16703414890074,99.99066640661931,1.042824068639682e-08,1.2527699348996139e-05,0.09020000000000082
15.05,0.9948116773145929,-0.017588368105082373,9.99725796002163,0.018541643188446887,36.21934152246771,395.7897502614874,7672.432106859509,-0.01897068735241581,0.005225947031769002,-0.0006373943784215263,0.5,34.99672962063557,27.998953478603383,206.167028268245,99.99065605895878,1.0439814760350163e-08,1.2541588063840977e-05,0.09030000000000082
15.066666666666666,0.9899239568034992,-0.019127422322531493,9.996881828796104,0.02184304024050983,36.18378411538885,395.78217573718075,7672.433867923265,-0.004887841028650272,-0.0015453376768956243,-0.00034941957270067395,0.5,34.99672599895438,27.998952319665403,206.16702248801732,99.99064571129823,1.0451388834303372e-08,1.255547677849292e-05,0.09040000000000084
15.083333333333334,0.9902859440490173,-0.022574291892409958,9.991220781600447,0.026097314114398622,36.195482117304614,395.774599728588,7672.435638685613,0.0003599270992968783,-0.003544176301638841,-0.005600640621453758,0.5,34.996722377273194,27.998951160727422,206.16701680702258,99.99063536363771,1.0462962908256448e-08,1.2569365492951962e-05,0.09050000000000084
15.1,0.998172025780589,-0.03810663480246812,9.987544660664163,0.040132377421762636,36.15185904447448,395.7670222531883,7672.437419161939,0.007884135087394299,-0.015593791549671755,-0.0034060544840377343,0.5,34.99671875559201,27.998950001789446,206.1670112240799,99.99062501597717,1.0474536982209389e-08,1.2583254207218104e-05,0.09060000000000085
15.116666666666667,0.9935412338157403,-0.03478662798400008,9.993187328894331,0.03603143551614827,36.33474037147691,395.75944332845415,7672.439209367593,-0.004627202588928071,0.003417575479903152,0.0055841127442240466,0.5,34.99671513391083,27.99894884285147,206.16700573802248,99.99061466831665,1.0486111056162196e-08,1.259714292129135e-05,0.09070000000000086
15.133333333333333,0.9937010811451591,-0.026889936635742732,10.001107059458299,0.027639959753536895,36.38754656033946,395.7518629718516,7672.4410093179,0.00016410996234240732,0.008032840703694253,0.00778160132683669,0.5,34.99671151222965,27.99894768391349,206.1670003476973,99.99060432065615,1.049768513011487e-08,1.2611031635171696e-05,0.09080000000000087
15.15,0.9924348401339194,-0.022353514010856793,10.003622802600466,0.023875201188038483,36.41043107044772,395.74428120083735,7672.442819028143,-0.0012651599205844091,0.0045793426957835255,0.0024367423194677114,0.5,34.99670789054847,27.998946524975512,206.16699505196516,99.99059397299563,1.0509259204067409e-08,1.2624920348859142e-05,0.09090000000000087
15.166666666666666,0.9944147876505173,-0.019721400433251192,10.008109878019477,0.022042748469497678,36.433041168094064,395.73669803286157,7672.444638513579,0.001981595049230595,0.002709513355086509,0.004440765970786686,0.5,34.99670426886729,27.998945366037532,206.16698984970037,99.99058362533512,1.0520833278019814e-08,1.2638809062353691e-05,0.09100000000000089
15.183333333333334,1.0029592199555053,-0.024227088168656683,10.007644887341383,0.025576603464271774,36.413488294212655,395.7291134853689,7672.446467789426,0.008544253986246373,-0.004513107864592761,-0.0003863881542921473,0.5,34.99670064718612,27.99894420709956,206.16698473979068,99.99057327767461,1.0532407351972086e-08,1.2652697775655341e-05,0.09110000000000089
15.2,1.0038962647075502,-0.022424166619894888,10.007418272249355,0.023938801079407504,36.50933797321056,395.7215275757965,7672.448306870873,0.0009369524950251304,0.0017986765360084077,-0.00025815348534767455,0.5,34.99669702550494,27.998943048161582,206.16697972113704,99.99056293001412,1.0543981425924223e-08,1.266658648876409e-05,0.09120000000000089
15.216666666666667,0.9910319607762754,-0.018926261497980032,10.007687862632508,0.02230940516176062,36.59859296145537,395.71394032157025,7672.4501557730755,-0.012864206703477288,0.0035020681661493114,0.00020865744551725824,0.5,34.99669340382377,27.99894188922361,206.16697479265346,99.99055258235362,1.0555555499876228e-08,1.2680475201679944e-05,0.09130000000000091
15.233333333333333,0.9986771856514851,-0.022926425382999892,10.007125487346205,0.02404453395501128,36.54031227061065,395.7063517401116,7672.452014511151,0.007645019488209701,-0.004009325209753965,-0.0004928371697902422,0.5,34.996689782142596,27.998940730285632,206.16696995326694,99.99054223469314,1.0567129573828098e-08,1.2694363914402897e-05,0.09140000000000091
15.25,1.0016491414329702,-0.027434801297337302,10.008235473360735,0.02869176728785538,36.59264948650057,395.6987618488334,7672.453883100189,0.0029724436039079848,-0.004488313960919364,0.001188511642829633,0.5,34.99668616046143,27.99893957134766,206.16696520191718,99.99053188703265,1.0578703647779835e-08,1.270825262693295e-05,0.09150000000000091
15.266666666666667,0.997186961175272,-0.025492620335863973,10.004883777936783,0.02610808400845456,36.6854522717253,395.69117066514303,7672.455761555243,-0.004463728337250107,0.001883424396837857,-0.003385061192948338,0.5,34.99668253878026,27.998938412409686,206.16696053755652,99.99052153937218,1.0590277721731436e-08,1.2722141339270106e-05,0.09160000000000093
15.283333333333333,1.0053229368993826,-0.007142453001962536,10.00363993725535,0.009622881519860849,36.77881486665755,395.68357820643575,7672.457649891331,0.008135621498495602,0.018325630446423095,-0.001564307175741012,0.5,34.996678917099096,27.99893725347171,206.16695595914985,99.99051119171169,1.0601851795682905e-08,1.2736030051414363e-05,0.09170000000000093
15.3,0.9976805141606466,-0.01110094638218709,10.000309071135618,0.011344884590495678,36.7443266381968,395.67598449010495,7672.45954812344,-0.007642953036254798,-0.004016107598419894,-0.0032611682840026504,0.5,34.99667529541793,27.998936094533736,206.1669514656742,99.99050084405124,1.0613425869634238e-08,1.274991876336572e-05,0.09180000000000094
15.316666666666666,0.9961075937992518,-0.019298881481340704,10.000752182116644,0.019701838593441594,36.74773359932213,395.6683895335291,7672.461456266521,-0.0015728028092274148,-0.008188984936784683,0.0005856732585242674,0.5,34.99667167373677,27.998934935595766,206.16694705611897,99.99049049639078,1.062499994358544e-08,1.2763807475124179e-05,0.09190000000000095
15.333333333333334,0.9885968616807184,-0.01765728165374854,10.00379296236174,0.021358473361058658,36.859239346274634,395.6607933540856,7672.463374335491,-0.007509751467446734,0.001694016728896878,0.0030118932436789536,0.5,34.99666805205561,27.998933776657797,206.16694272948544,99.99048014873031,1.0636574017536505e-08,1.277769618668974e-05,0.09200000000000096
15.35,0.9896732897956252,-0.02792001616842447,10.00549736692634,0.030271465527626197,36.81121766767574,395.65319596913827,7672.465302345232,0.0010771060196059486,-0.01023178245452517,0.0018813140563876197,0.5,34.99666443037445,27.998932617719824,206.16693848478687,99.99046980106986,1.0648148091487438e-08,1.27915848980624e-05,0.09210000000000096
15.366666666666667,0.9919869707312666,-0.024819191925325404,10.005000646923692,0.02655541432115514,36.9176348488944,395.64559739604687,7672.467240310594,0.0023134523273312837,0.0030917711221286302,-0.0005502663288187649,0.5,34.99666080869329,27.998931458781854,206.1669343210482,99.99045945340941,1.0659722165438235e-08,1.2805473609242163e-05,0.09220000000000098
15.383333333333333,0.9967311300087361,-0.027456862973418945,10.00968477167273,0.029297516372711545,36.92448450587972,395.63799765216095,7672.469188246391,0.004746296152710137,-0.0025559856964914025,0.004729192939997345,0.5,34.99665718701213,27.99893029984388,206.16693023730596,99.99044910574895,1.06712962393889e-08,1.2819362320229028e-05,0.09230000000000098
15.4,1.0070180836049505,-0.027440999161410833,10.017821592685644,0.03346537007647827,36.9658911745697,395.6303967548227,7672.471146167403,0.010290851764943416,0.00015813465916380876,0.008135298817333086,0.5,34.99665356533098,27.998929140905915,206.16692623260823,99.99043875808852,1.068287031333943e-08,1.2833251031022992e-05,0.09240000000000098
15.416666666666666,1.0036524646953888,-0.026635024969358302,10.013899585853634,0.030265279336444698,37.0408567633904,395.622794721364,7672.473114088374,-0.0033674697146400495,0.0007370365217462107,-0.003935543895748239,0.5,34.99664994364983,27.998927981967945,206.16692230601438,99.9904284104281,1.0694444387289826e-08,1.2847139741624059e-05,0.092500000000001
15.433333333333334,0.9907483627150606,-0.028556823183028185,10.002939439567534,0.03016142727298994,37.08927731597117,395.61519156911316,7672.475092024014,-0.01290938087670908,-0.0021122526173809383,-0.010925039054368322,0.5,34.99664632196868,27.99892682302998,206.16691845659494,99.99041806276766,1.0706018461240088e-08,1.2861028452032227e-05,0.092600000000001
15.45,0.9845494029401926,-0.031049362368768114,10.004008369721488,0.034911564169640454,37.11599635706147,395.6075873153852,7672.477079988999,-0.006198403763988801,-0.0024737438745209297,0.0011117347816299917,0.5,34.99664270028753,27.99892566409201,206.16691468343151,99.99040771510724,1.0717592535190217e-08,1.2874917162247495e-05,0.092700000000001
15.466666666666667,0.9883494033474927,-0.024636620357005586,10.005239622189544,0.027751159372019895,37.17555733532189,395.5999819774888,7672.4790779979685,0.003800598738113831,0.0064329887853046734,0.00112066846894565,0.5,34.996639078606385,27.998924505154044,206.16691098561665,99.99039736744682,1.072916660914021e-08,1.2888805872269865e-05,0.09280000000000102
15.483333333333333,1.0015818244797814,-0.016956317298464814,10.007687440133624,0.018684731619418894,37.1970206635509,395.5923755727252,7672.481086065527,0.013233309667876468,0.007721650384216741,0.0023140837030849845,0.5,34.99663545692524,27.998923346216078,206.1669073622537,99.9903870197864,1.0740740683090071e-08,1.2902694582099337e-05,0.09290000000000102
15.5,1.0015157463835136,-0.019446030663926944,10.001369061678371,0.019553020880423076,37.215094575662086,395.5847681183843,7672.483104206246,-6.808525813468492e-05,-0.002599774666971314,-0.0062738940619026795,0.5,34.996631835244095,27.99892218727811,206.16690381245672,99.99037667212598,1.0752314757039796e-08,1.2916583291735909e-05,0.09300000000000103
15.516666666666667,0.9966498239435099,-0.018565386568297745,10.002149709874688,0.018987263614003953,37.29211565782464,395.57715963175053,7672.485132434657,-0.004865663492408125,0.0008941219098343108,0.0007651742124903863,0.5,34.99662821356295,27.998921028340146,206.16690033535022,99.99036632446557,1.076388883098939e-08,1.2930472001179584e-05,0.09310000000000104
15.533333333333333,0.9999819230437456,-0.014618013908610688,10.000601652377703,0.014630401030040562,37.32407522310023,395.56955013009815,7672.48717076526,0.0033316508150036082,0.003919801650658402,-0.0016165975929702437,0.5,34.99662459188181,27.99891986940218,206.16689693006919,99.99035597680518,1.0775462904938846e-08,1.294436071043036e-05,0.09320000000000105
15.55,0.9929335945168206,-0.020516455159587933,10.000157673932245,0.021699849630023537,37.342577837947886,395.561939630691,7672.489219212519,-0.007048464662304623,-0.005905270306846653,-0.0003413338983534015,0.5,34.996620970200674,27.998918710464217,206.1668935957589,99.99034562914478,1.0787036978888171e-08,1.2958249419488235e-05,0.09330000000000105
15.566666666666666,1.004849314322615,-0.025009606215471998,9.997457153287495,0.02560189318794651,37.335231031986496,395.5543281507874,7672.491277790861,0.0119146469593608,-0.004539546609504981,-0.0026217806781720465,0.5,34.996617348519536,27.998917551526254,206.1668903315748,99.99033528148439,1.0798611052837362e-08,1.2972138128353215e-05,0.09340000000000107
15.583333333333334,1.0023636313349817,-0.01901462251366077,10.001701354234799,0.01923638630475582,37.47718770349255,395.54671570763645,7672.493346514678,-0.0024840524345105617,0.0060684026702897235,0.004138545371899866,0.5,34.996613726838405,27.99891639258829,206.1668871366824,99.990324933824,1.081018512678642e-08,1.2986026837025294e-05,0.09350000000000107
15.6,1.0049478200586832,-0.019184114020488863,10.00027863763654,0.019813865093956735,37.46664878460466,395.5391023184741,7672.495425398325,0.0025837144660357057,-0.00019438609212781314,-0.0014195293985531893,0.5,34.996610105157266,27.998915233650322,206.16688401025706,99.99031458616362,1.0821759200735342e-08,1.2999915545504473e-05,0.09360000000000107
15.616666666666667,0.998976126117381,-0.02246562939133533,10.002036996497928,0.02258099538634038,37.51716832121966,395.53148800053356,7672.497514456123,-0.005971054849076324,-0.0032502658288483875,0.0018154725815677656,0.5,34.996606483476135,27.998914074712363,206.16688095148407,99.99030423850324,1.0833333274684131e-08,1.3013804253790756e-05,0.09370000000000109
15.633333333333333,0.9965410700708227,-0.024240195021138156,10.004216614899278,0.02484602419272355,37.5559850023335,395.523872771035,7672.499613702356,-0.002434167666729562,-0.001736342235894293,0.0022101887717929213,0.5,34.996602861795004,27.9989129157744,206.16687795955835,99.99029389084288,1.0844907348632786e-08,1.3027692961884139e-05,0.09380000000000109
15.65,0.9968610894724759,-0.029889703376522952,10.005106264823368,0.03048463057495049,37.56724010386762,395.51625664718915,7672.50172315127,0.00032043964777607144,-0.005633178265345692,0.0009877875040500631,0.5,34.99659924011387,27.998911756836442,206.16687503368442,99.9902835431825,1.0856481422581307e-08,1.3041581669784622e-05,0.0939000000000011
15.666666666666666,0.9977846096993981,-0.025142471925678003,9.999418434846138,0.02524659637345243,37.65681011403204,395.50863964620044,7672.503842817078,0.0009207886675886464,0.004647511708123768,-0.005769596510778133,0.5,34.99659561843275,27.99891059789848,206.16687217307623,99.99027319552214,1.0868055496529694e-08,1.3055470377492209e-05,0.09400000000000111
15.683333333333334,1.0047891517215202,-0.017400163670854393,9.99914736291114,0.018067302456511482,37.69984211194033,395.5010217852611,7672.505972713953,0.007004441394163341,0.007736389108478042,-0.0004063263045275838,0.5,34.996591996751626,27.99890943896052,206.16686937695715,99.99026284786179,1.0879629570477947e-08,1.3069359085006895e-05,0.09410000000000111
15.7,1.00143660951207,-0.021170041415419373,10.001641648116241,0.021282161054146768,37.71044255523868,395.49340308155587,7672.508112856034,-0.003351702662615956,-0.00372563322617848,0.002559901031081753,0.5,34.9965883750705,27.99890828002256,206.16686664455972,99.99025250020142,1.0891203644426066e-08,1.3083247792328682e-05,0.09420000000000112
15.716666666666667,0.997292467187011,-0.026051806673932105,10.004544534199061,0.026583351156878165,37.74762346241274,395.48578355226107,7672.5102632574235,-0.004142946081319731,-0.0048303925399533,0.0029875886962441884,0.5,34.99658475338938,27.9989071210846,206.16686397512566,99.99024215254109,1.090277771837405e-08,1.3097136499457572e-05,0.09430000000000113
15.733333333333333,0.9963184047498123,-0.026244573476481257,10.005076425669603,0.02698320423456438,37.80246395215416,395.47816321454013,7672.512423932185,-0.0009738196968512654,-0.00018348449681139886,0.000535164420654614,0.5,34.996581131708254,27.99890596214664,206.16686136790574,99.99023180488074,1.0914351792321902e-08,1.3111025206393563e-05,0.09440000000000114
15.75,1.0040871364835098,-0.020836332783767415,9.997415331222657,0.021390047141689007,37.84248655691678,395.47054208555164,7672.514594894347,0.007765584120548006,0.005273685041814702,-0.007754332494833745,0.5,34.99657751002714,27.99890480320868,206.16685882215955,99.9902214572204,1.0925925866269619e-08,1.3124913913136655e-05,0.09450000000000114
15.766666666666667,0.9994696991223425,-0.02075143295226902,10.001519619786862,0.020813748701517257,37.89788091610722,395.4629201824404,7672.516776157901,-0.004615947828229733,0.00015664393698711445,0.004102176629508351,0.5,34.99657388834602,27.998903644270726,206.1668563371556,99.99021110956006,1.0937499940217202e-08,1.3138802619686849e-05,0.09460000000000116
15.783333333333333,0.9982438352227749,-0.015554458699379485,10.004520911230273,0.01629299797622907,37.95524729769993,395.4552975223446,7672.518967736801,-0.0012249130044416914,0.0052485044204721954,0.0029102392034650684,0.5,34.99657026666491,27.998902485332774,206.16685391217104,99.99020076189974,1.094907401416465e-08,1.3152691326044143e-05,0.09470000000000116
15.8,1.0062320777047546,-0.021335462014337413,10.008801620262155,0.023906686766784577,37.91228886502648,395.4476741223913,7672.521169644962,0.0079896205633948,-0.005705243065845508,0.004381172123491997,0.5,34.996566644983794,27.998901326394815,206.16685154649159,99.99019041423941,1.0960648088111965e-08,1.3166580032208539e-05,0.09480000000000116
15.816666666666666,1.0009715397889762,-0.011328251263458065,10.009409588351481,0.014758567741745969,38.07169897774604,395.4400499996981,7672.523381896267,-0.0052603646214107215,0.01001632436025574,0.00043259590158977905,0.5,34.996563023302684,27.998900167456856,206.1668492394116,99.99018006657909,1.0972222162059146e-08,1.3180468738180036e-05,0.09490000000000118
15.833333333333334,1.0121162995543067,-0.013688075027326118,10.006645770927626,0.019451313931585848,37.99782363014671,395.43242517137435,7672.525604504555,0.011144156435271326,-0.0024080105229909257,-0.0027219368175533183,0.5,34.996559401621575,27.998899008518904,206.16684699023364,99.99016971891879,1.0983796236006193e-08,1.3194357443958634e-05,0.09500000000000118
15.85,1.005286376914351,-0.021895257524860667,10.00440467747699,0.0229512124972203,38.058478473923714,395.4247996545173,7672.527837483631,-0.006830618559447019,-0.008245363453077493,-0.0020962647636328,0.5,34.996555779940465,27.99889784958095,206.16684479826876,99.99015937125847,1.0995370309953106e-08,1.3208246149544333e-05,0.09510000000000118
15.866666666666667,1.0130145123313508,-0.02329024504510645,10.001384388092319,0.026715854725495064,38.093565087236556,395.41717346621493,7672.530080847263,0.0077269444745828786,-0.001447964750418235,-0.002995252054178711,0.5,34.996552158259355,27.998896690642994,206.16684266283607,99.99014902359816,1.1006944383899887e-08,1.3222134854937135e-05,0.0952000000000012
15.883333333333333,1.0001114646998859,-0.014339046042749307,9.99763328747615,0.014533476000323857,38.246980020959306,395.40954662354665,7672.532334609181,-0.012904279463083517,0.008883922476872193,-0.003907766745395548,0.5,34.99654853657825,27.998895531705042,206.16684058326285,99.99013867593787,1.1018518457846532e-08,1.3236023560137036e-05,0.0953000000000012
15.9,1.0000883151593138,-0.027622732771749748,9.995417855061365,0.028000339693764895,38.13391944309873,395.4019191435799,7672.534598783075,-2.3960800007990132e-05,-0.013320331700888921,-0.0019832393367532493,0.5,34.99654491489715,27.99889437276709,206.16683855888436,99.99012832827758,1.1030092531793044e-08,1.3249912265144041e-05,0.0954000000000012
15.916666666666666,1.0015155225540073,-0.019523460346737926,9.991561182502396,0.0213230295097643,38.2830172351634,395.39429104337376,7672.5368733826,0.0014256206511519846,0.00803067471979954,-0.003997549047245737,0.5,34.99654129321605,27.998893213829135,206.1668365890438,99.99011798061727,1.1041666605739421e-08,1.3263800969958146e-05,0.09550000000000122
15.933333333333334,1.0015060384821337,-0.012103070473224328,9.98924340319278,0.016262023589370164,38.32507783456688,395.38666233997697,7672.53915842137,-1.0123763999621598e-05,0.00737874437402858,-0.0024471244419711257,0.5,34.996537671534945,27.998892054891183,206.16683467309218,99.99010763295699,1.1053240679685665e-08,1.3277689674579351e-05,0.09560000000000123
15.95,1.0115027626649895,-0.0052463279053822955,9.990520249148515,0.015801683251673325,38.336932849843365,395.3790330504263,7672.541453912965,0.009996917525327765,0.006878113621761115,0.0011562040016909654,0.5,34.99653404985385,27.99889089595323,206.1668328103882,99.99009728529671,1.1064814753631774e-08,1.329157837900766e-05,0.09570000000000123
15.966666666666667,1.0016733825813424,-0.013457204153802277,9.995886778119816,0.014170868839647896,38.35615932075381,395.37140319175086,7672.543759870922,-0.009828504187676838,-0.008115333392918105,0.0055099443055089915,0.5,34.996530428172754,27.998889737015283,206.1668310002982,99.99008693763643,1.1076388827577751e-08,1.3305467083243069e-05,0.09580000000000125
15.983333333333333,0.9907902594433576,-0.00726635842256087,9.992468922519738,0.01394077490661199,38.47021204181523,395.36377278096785,7672.546076308743,-0.010883741280324375,0.006130484905795585,-0.003524976989356883,0.5,34.99652680649166,27.99888857807733,206.1668292421961,99.99007658997617,1.1087962901523592e-08,1.331935578728558e-05,0.09590000000000125
16.0,0.9948663334271717,-0.006836953482740016,9.99106650484384,0.012365729636393276,38.43926288392929,395.3561418350851,7672.54840323989,0.0040759013835189924,0.00040504042506506015,-0.0014096475329790806,0.5,34.99652318481056,27.99888741913938,206.16682753546323,99.9900662423159,1.10995369754693e-08,1.3333244491135192e-05,0.09600000000000125
16.016666666666666,0.9918811543243757,-0.014881982673243468,9.993454517295822,0.018172677391991975,38.4572776125545,395.3485103710992,7672.55074067779,-0.0029847264951790393,-0.008002419662148074,0.002527128366958727,0.5,34.996519563129475,27.99888626020143,206.16682587948827,99.99005589465564,1.1111111049414873e-08,1.3347133194791904e-05,0.09610000000000127
16.033333333333335,0.9913052451676732,-0.010177021530317819,9.994318259174722,0.014541714967363397,38.55783111050503,395.3408784059957,7672.553088635824,-0.0005757202727139323,0.004719204214179683,0.0007821898527491082,0.5,34.996515941448386,27.998885101263483,206.16682427366723,99.99004554699539,1.1122685123360314e-08,1.3361021898255718e-05,0.09620000000000127
16.05,0.9960178564583994,-0.013238933388986348,10.00136742273603,0.013892278734855379,38.54644778518806,395.3332459567524,7672.555447127341,0.004714051738883084,-0.002939206254071266,0.007101202428512655,0.5,34.9965123197673,27.998883942325534,206.16682271740328,99.99003519933514,1.1134259197305619e-08,1.3374910601526635e-05,0.09630000000000127
16.066666666666666,0.9896740138370108,-0.018688416383246934,10.003040345152048,0.021566556362140218,38.601773335420624,395.32561304033175,7672.5578161656495,-0.006343376520425586,-0.0054196771887181465,0.0017670974559029896,0.5,34.99650869808621,27.998882783387586,206.16682121010666,99.99002485167489,1.1145833271250791e-08,1.338879930460465e-05,0.09640000000000129
16.083333333333332,0.9923958127410161,-0.021013589560037845,10.002306127024108,0.022465671477893287,38.631733679273516,395.31797967369204,7672.560195764018,0.002721544523372784,-0.002337524370163382,-0.0006938921535194542,0.5,34.99650507640513,27.99888162444964,206.16681975119468,99.99001450401465,1.1157407345195828e-08,1.340268800748977e-05,0.0965000000000013
16.1,0.9884043635773018,-0.02476956481232153,10.005496359612133,0.02789574405641364,38.686315530199536,395.31034587377496,7672.562585935677,-0.0039901745609102444,-0.0037002713446398776,0.003254677321730792,0.5,34.99650145472404,27.998880465511693,206.1668183400916,99.9900041563544,1.1168981419140732e-08,1.341657671018199e-05,0.0966000000000013
16.116666666666667,0.9900375681875176,-0.016804425181478604,10.003665243747466,0.019876167885003168,38.76999831391873,395.30271165751384,7672.564986693815,0.0016325402787488728,0.007932339585210817,-0.001968355442212741,0.5,34.99649783304296,27.998879306573745,206.16681697622843,99.98999380869418,1.1180555493085501e-08,1.343046541268131e-05,0.09670000000000131
16.133333333333333,0.9995414287360818,-0.01973726239137593,9.99964851693501,0.019745718760878345,38.7289070288218,395.2950770418327,7672.567398051587,0.009502579690889924,-0.0030021314961684417,-0.003965202822346142,0.5,34.996494211361885,27.998878147635804,206.16681565904307,99.98998346103394,1.1192129567030138e-08,1.3444354114987733e-05,0.09680000000000132
16.15,0.9999215648585167,-0.017206797537900647,9.998131687603465,0.017308109830017574,38.82594709948077,395.2874420436416,7672.5698200221,0.0003796471000924009,0.0025036144453359005,-0.0015607492012630058,0.5,34.9964905896808,27.99887698869786,206.16681438798,99.98997311337374,1.1203703640974639e-08,1.3458242817101257e-05,0.09690000000000132
16.166666666666668,0.9908558971598455,-0.020242863625758053,9.996074017394674,0.022556909367287298,38.863160247951996,395.27980667984207,7672.572252618434,-0.009066340184666488,-0.0030713536601964897,-0.002004617248301271,0.5,34.99648696799973,27.99887582975991,206.1668131624904,99.98996276571351,1.1215277714919007e-08,1.3472131519021882e-05,0.09700000000000134
16.183333333333334,0.9944180472802381,-0.014118530381738697,10.000185400469082,0.015183056853998952,38.92113884394761,395.2721709673228,7672.5746958536165,0.003563382959745944,0.006194639427471027,0.004004668463043877,0.5,34.996483346318655,27.99887467082197,206.16681198203196,99.98995241805329,1.1226851788863242e-08,1.3486020220749609e-05,0.09710000000000134
16.2,0.9953407853478772,-0.004120681801452548,9.995400792924094,0.007735796089335044,38.98372099458785,395.264534922963,7672.577149740643,0.0009219765152991464,0.009913266065080587,-0.0049574793648484595,0.5,34.99647972463758,27.998873511884028,206.16681084606878,99.98994207039308,1.1238425862807342e-08,1.3499908922284436e-05,0.09720000000000134
16.216666666666665,1.003317591186658,-0.00926210686454437,9.992426332004802,0.01241569226460376,38.92502829623247,395.25689856362993,7672.579614292467,0.007976458473704234,-0.005192519746672579,-0.0028843384384902274,0.5,34.99647610295651,27.99887235294608,206.16680975407135,99.98993172273288,1.1249999936751308e-08,1.3513797623626365e-05,0.09730000000000136
16.233333333333334,1.003069354291694,-0.005441883849497981,9.995224373464879,0.00786385707357704,39.04040497402926,395.24926190618055,7672.582089522004,-0.0002478778600061835,0.003868625941943758,0.002730727579262027,0.5,34.99647248127544,27.998871194008142,206.16680870551653,99.98992137507268,1.1261574010695141e-08,1.3527686324775396e-05,0.09740000000000136
16.25,1.0178591118192595,-0.003926463181328049,10.00022257968401,0.018287011769436534,39.02800523718264,395.2416249674587,7672.584575442127,0.014790166234297448,0.001603328454810259,0.004970704517492043,0.5,34.99646885959437,27.9988700350702,206.1668076998873,99.98991102741249,1.127314808463884e-08,1.3541575025731527e-05,0.09750000000000136
16.266666666666666,1.0046907984954547,-0.00928998665447996,10.004156351020207,0.01120650943008979,39.10985965181772,395.23398776429985,7672.5870720656685,-0.013167859679135764,-0.005293260333090072,0.004027820314400443,0.5,34.996465237913306,27.998868876132256,206.16680673667287,99.9899006797523,1.1284722158582404e-08,1.3555463726494761e-05,0.09760000000000138
16.283333333333335,1.007146165186893,-0.015992308109106634,10.002555288621432,0.017701869625543303,39.095478743780795,395.22635031352655,7672.589579405425,0.002455013449990478,-0.006729396299897393,-0.0014831517567050416,0.5,34.996461616232246,27.99886771719432,206.16680581536852,99.98989033209213,1.1296296232525834e-08,1.3569352427065096e-05,0.09770000000000138
16.3,1.0094849413939708,-0.018203591508983742,10.001120855067548,0.020557104367982547,39.160420155427275,395.2187126319483,7672.592097474148,0.0023383481501751155,-0.0022361834561942214,-0.0013952982717588673,0.5,34.99645799455118,27.998866558256378,206.1668049354755,99.98987998443194,1.1307870306469131e-08,1.3583241127442532e-05,0.09780000000000139
16.316666666666666,0.9988496790356962,-0.023970171919361256,10.005231830603707,0.024561390573814422,39.22238509409656,395.2110747363651,7672.594626284553,-0.010633749403831614,-0.005693649456276388,0.004211403995520647,0.5,34.99645437287012,27.99886539931844,206.16680409650104,99.98986963677177,1.1319444380412293e-08,1.359712982762707e-05,0.0979000000000014
16.333333333333332,0.9966241773180486,-0.030115735039949916,10.004415720743001,0.03062424568766677,39.23388119602972,395.20343664356506,7672.59716584931,-0.0022258869124464173,-0.0061588422097480075,-0.0007089738710218561,0.5,34.99645075118906,27.9988642403805,206.16680329795818,99.98985928911159,1.1331018454355322e-08,1.3611018527618708e-05,0.0980000000000014
16.35,0.998174978937531,-0.029793704406181887,10.00664831819125,0.0305808656215141,39.30036126181697,395.1957983703259,7672.599716181054,0.0015519688404158985,0.00036084472139056754,0.0022266532783314715,0.5,34.996447129508,27.99886308144256,206.16680253936582,99.98984894145143,1.1342592528298216e-08,1.3624907227417448e-05,0.09810000000000141
16.366666666666667,0.9937182147237489,-0.02440037458625633,10.00714442592007,0.0261889825991066,39.3836620826009,395.18815993341246,7672.602277292374,-0.004456529590541093,0.005401138224082736,0.0004022876362320077,0.5,34.996443507826946,27.99886192250462,206.1668018202485,99.98983859379126,1.1354166602240977e-08,1.363879592702329e-05,0.09820000000000143
16.383333333333333,1.0046687807506824,-0.018352461407912354,10.003406845712007,0.01924115495974846,39.381665133648774,395.1805213495763,7672.604849195824,0.010949171610684379,0.005981816408098443,-0.003842477159074377,0.5,34.99643988614589,27.998860763566686,206.1668011401365,99.98982824613111,1.1365740676183603e-08,1.3652684626436232e-05,0.09830000000000143
16.4,1.0042380290068138,-0.011069595111355683,9.998343365279252,0.01196828753489999,39.45985218295302,395.1728826355608,7672.607431903911,-0.0004320518222313431,0.007192983766671727,-0.005190371731337055,0.5,34.99643626446484,27.99885960462875,206.16680049856566,99.98981789847096,1.1377314750126096e-08,1.3666573325656277e-05,0.09840000000000143
16.416666666666668,1.0035519867449763,-0.015833876162740092,10.000472053598656,0.016234270507053547,39.44179399847364,395.16524380809534,7672.610025429107,-0.0006855424946291133,-0.004726254347296041,0.0022118335219079195,0.5,34.99643264278379,27.99885844569081,206.16679989507736,99.98980755081081,1.1388888824068454e-08,1.3680462024683423e-05,0.09850000000000145
16.433333333333334,1.0090640365951924,-0.015157853632818956,10.009306647435084,0.019963799254761327,39.49858112419148,395.15760488389617,7672.612629783838,0.005514439204479355,0.0008310756839287287,0.008821358325566835,0.5,34.996429021102735,27.998857286752877,206.16679932921838,99.98979720315067,1.1400462898010678e-08,1.369435072351767e-05,0.09860000000000145
16.45,1.0093054799708348,-0.027810879667783082,10.012551344129761,0.03190031206500124,39.47907576339168,395.1499658796713,7672.615244980491,0.0002426600490669517,-0.012593915586771033,0.0034670469611727257,0.5,34.99642539942169,27.99885612781494,206.16679880054093,99.98978685549055,1.1412036971952769e-08,1.3708239422159019e-05,0.09870000000000145
16.466666666666665,1.000088540262809,-0.024986516734529503,10.007755060055315,0.026162475201838623,39.623284563607946,395.14232681211365,7672.617871031413,-0.009219149587917846,0.0027398289069686865,-0.004845069640694914,0.5,34.99642177774064,27.998854968877005,206.1667983086026,99.98977650783041,1.1423611045894725e-08,1.3722128120607468e-05,0.09880000000000147
16.483333333333334,1.0018864779234786,-0.027407435831832458,10.00879703124116,0.02884652540021783,39.608881641986144,395.13468769790603,7672.620507948908,0.0017984140745029701,-0.002402346793023566,0.0010841046494178106,0.5,34.996418156059605,27.998853809939074,206.16679785296614,99.98976616017029,1.143518511983655e-08,1.373601681886302e-05,0.09890000000000147
16.5,0.9969176740221145,-0.026020686327108498,10.010810146151933,0.028344681513704496,39.68940843226543,395.1270485537173,7672.623155745237,-0.004967865293060428,0.0014216512406182095,0.0019886208071767447,0.5,34.99641453437856,27.99885265100114,206.16679743319958,99.98975581251017,1.1446759193778238e-08,1.3749905516925674e-05,0.09900000000000148
16.516666666666666,0.9928372414360582,-0.022115576322476696,10.009098514606723,0.024963205664020733,39.738410850803895,395.11940939620604,7672.625814432626,-0.00408115158963428,0.003874802237939113,-0.001779177853231744,0.5,34.99641091269751,27.998851492063203,206.16679704887608,99.98974546485005,1.1458333267719794e-08,1.3763794214795428e-05,0.09910000000000149
16.533333333333335,0.9978375983282138,-0.022696991039267606,10.012598096490937,0.026048620347315386,39.7331234259113,395.11177024201675,7672.628484023248,0.005001725453769401,-0.0005205356116712347,0.0035091533556075114,0.5,34.99640729101648,27.998850333125272,206.16679669957387,99.98973511718994,1.1469907341661214e-08,1.3777682912472284e-05,0.0992000000000015
16.55,0.9994707599130355,-0.01782852834240921,10.016110581857934,0.024035072470402017,39.81220992317184,395.1041311077848,7672.631164529249,0.0016344037819339989,0.0049289420305088025,0.003427099570588264,0.5,34.99640366933544,27.99884917418734,206.16679638487616,99.98972476952983,1.1481481415602502e-08,1.3791571609956241e-05,0.0993000000000015
16.566666666666666,0.9999951965010663,-0.021450023176645235,10.012407434072577,0.024779990072335834,39.80578239536448,395.09649201012684,7672.633855962718,0.0005231672600002449,-0.0036855551397411497,-0.0036393969401321644,0.5,34.996400047654404,27.99884801524941,206.1667961043712,99.98971442186972,1.1493055489543655e-08,1.38054603072473e-05,0.09940000000000151
16.583333333333332,1.0049235277249067,-0.023527235624247397,10.008711829266453,0.025567274387911253,39.84226405407154,395.08885296565666,7672.636558335714,0.004926880699708512,-0.0021415503202414986,-0.0036586973919014317,0.5,34.99639642597337,27.99884685631148,206.1667958576521,99.98970407420963,1.1504629563484675e-08,1.381934900434546e-05,0.09950000000000152
16.6,1.0035301292211283,-0.025533649958014874,10.006509676351763,0.026585996502670264,39.90193922947166,395.08121399096774,7672.639271660247,-0.0013943413269470015,-0.002044701455501751,-0.0021666497206935696,0.5,34.996392804292334,27.998845697373547,206.16679564431675,99.98969372654953,1.151620363742556e-08,1.383323770125072e-05,0.09960000000000152
16.616666666666667,1.003735814108859,-0.022817567895630737,10.008691344064422,0.024701216641401194,39.96616439513134,395.07357510264495,7672.641995948289,0.00020660542924937807,0.0027538790401371097,0.0021337584609262077,0.5,34.99638918261131,27.99884453843562,206.16679546396796,99.98968337888945,1.1527777711366311e-08,1.3847126397963083e-05,0.09970000000000154
16.633333333333333,1.0197212178100086,-0.030755969609715952,10.003523240632003,0.03670567542000354,39.900854331675326,395.0659363172576,7672.644731211767,0.01598298762705646,-0.008028417807354398,-0.005027128270356906,0.5,34.99638556093028,27.99884337949769,206.16679531621315,99.98967303122936,1.1539351785306928e-08,1.3861015094482547e-05,0.09980000000000154
16.65,1.0092739673609834,-0.025445138277388375,10.000869623780332,0.02709651921471705,40.087800959746346,395.0582976513654,7672.647477462567,-0.010448551936853753,0.005263015533009759,-0.0027472309681690877,0.5,34.996381939249254,27.99884222055976,206.1667952006645,99.98966268356929,1.1550925859247412e-08,1.3874903790809112e-05,0.09990000000000154
16.666666666666668,0.9952736890203291,-0.023873517953017103,10.003729521104281,0.024620821528989385,40.12212259905692,395.0506591215143,7672.6502347125315,-0.013999047549228351,0.0016214054472231641,0.0028319686037043316,0.5,34.99637831756823,27.99884106162183,206.1667951169387,99.98965233590921,1.156249993318776e-08,1.388879248694278e-05,0.10000000000000156
16.683333333333334,0.9959755949643316,-0.027796093485241306,9.999503776135358,0.028090315956634845,40.08743866126925,395.04302074423805,7672.653002973463,0.000700000545434769,-0.003995410086676502,-0.004156947679187994,0.5,34.9963746958872,27.998839902683905,206.16679506465707,99.98964198824915,1.1574074007127976e-08,1.3902681182883547e-05,0.10010000000000156
16.7,1.0081713695279975,-0.03210725754639375,9.998940267133898,0.033147631033729696,40.09623752921465,395.03538253605643,7672.655782257118,0.012195480032375352,-0.004320359727340301,-0.0004880265654665627,0.5,34.99637107420618,27.998838743745978,206.16679504344546,99.98963164058908,1.1585648081068057e-08,1.3916569878631418e-05,0.10020000000000157
16.716666666666665,1.0000434393897784,-0.023707927574262513,10.0005844676602,0.023715170827307046,40.262967582454316,395.02774451347625,7672.658572575213,-0.008127129295708219,0.00842685332303987,0.001496757300995036,0.5,34.996367452525156,27.99883758480805,206.1667950529341,99.98962129292902,1.1597222155008005e-08,1.393045857418639e-05,0.10030000000000158
16.733333333333334,1.0087103422126906,-0.030901500624912346,10.000824522235888,0.032116296580372614,40.172432154225504,395.02010669299403,7672.66137393942,0.008667017239162073,-0.007188259988319778,0.0003661122698127221,0.5,34.99636383084414,27.998836425870124,206.1667950927577,99.98961094526896,1.1608796228947817e-08,1.3944347269548462e-05,0.10040000000000159
16.75,1.01220748262298,-0.0321232586727233,10.002033741382492,0.03442493857714912,40.25998984110212,395.0124690910913,7672.6641863613695,0.003497805475561001,-0.0012002435754540053,0.0012305765284271518,0.5,34.99636020916312,27.998835266932197,206.16679516255522,99.98960059760891,1.1620370302887497e-08,1.3958235964717637e-05,0.10050000000000159
16.766666666666666,1.0120926508597075,-0.03889243511051181,10.00223436494271,0.040790494380775505,40.2804158269335,395.00483172423577,7672.667009852649,-0.00011470743107428935,-0.006764576362206236,0.0003201658789300841,0.5,34.996356587482104,27.998834107994274,206.16679526197,99.98959024994888,1.1631944376827041e-08,1.3972124659693912e-05,0.1006000000000016
16.783333333333335,1.0027438066596905,-0.03363722417960675,10.002366491008724,0.03383186982231351,40.41095209720489,394.997194608883,7672.669844424802,-0.009348760592801597,0.005256721660663877,3.970923859560219e-05,0.5,34.996352965801094,27.99883294905635,206.1667953906496,99.98957990228884,1.1643518450766453e-08,1.398601335447729e-05,0.10070000000000161
16.8,1.0045247187004336,-0.03304306169254894,10.00075644932469,0.033360023817239626,40.39436949093735,394.98955776147824,7672.672690089329,0.0017799751653030053,0.0005658701282019873,-0.001620201656197713,0.5,34.996349344120084,27.998831790118427,206.16679554824577,99.98956955462882,1.1655092524705731e-08,1.3999902049067768e-05,0.10080000000000161
16.816666666666666,1.0020990867894786,-0.033381453377687546,9.997818467197725,0.033518412946077276,40.440870269013764,394.9819211984491,7672.675546857688,-0.002427334951479802,-0.00038978445416374747,-0.002931605890582083,0.5,34.99634572243907,27.9988306311805,206.1667957344144,99.98955920696876,1.1666666598644875e-08,1.4013790743465348e-05,0.10090000000000163
16.833333333333332,0.9958852482483245,-0.03399390287425407,9.99453910452411,0.03467493794254496,40.490377035015484,394.97428493621203,7672.678414741291,-0.006215766684171088,-0.0006695314916245773,-0.003268185709823663,0.5,34.99634210075806,27.99882947224258,206.16679594881546,99.98954885930875,1.1678240672583885e-08,1.402767943767003e-05,0.10100000000000163
16.85,1.014684495213834,-0.0317513457702854,9.990703580394658,0.036195719534591456,40.47603711267463,394.96664899117036,7672.68129375151,0.018797046557761002,0.002174919118182334,-0.003874278029265686,0.5,34.99633847907706,27.998828313304656,206.166796191113,99.98953851164873,1.1689814746522761e-08,1.4041568131681812e-05,0.10110000000000163
16.866666666666667,1.011724224994415,-0.025561778722916945,9.990233034897228,0.029769186974660748,40.60060099506638,394.95901337971446,7672.684183899674,-0.0029605055640407082,0.00618027871995588,-0.0005799209326956331,0.5,34.99633485739605,27.998827154366737,206.16679646097506,99.98952816398872,1.1701388820461503e-08,1.4055456825500698e-05,0.10120000000000165
16.883333333333333,1.011686674357778,-0.03271182895511376,9.995985607163547,0.03496756592534999,40.566009642958605,394.9513781182198,7672.687085197064,-3.462526299890948e-05,-0.007047364333498928,0.005877920866465517,0.5,34.99633123571505,27.998825995428817,206.16679675807364,99.9895178163287,1.1712962894400111e-08,1.4069345519126684e-05,0.10130000000000165
16.9,1.0065620695013378,-0.030073625900417095,9.991572419127431,0.031913614934137656,40.66628410746863,394.9437432230506,7672.689997654921,-0.0051270228739535096,0.002560070447486595,-0.004458965972287538,0.5,34.996327614034044,27.998824836490893,206.16679708208463,99.9895074686687,1.1724536968338585e-08,1.4083234212559771e-05,0.10140000000000166
16.916666666666668,0.9979390309544309,-0.025058986617049386,9.984931751450851,0.029313240947477705,40.727892220513,394.93610871055347,7672.692921284442,-0.008626233539756176,0.004897715684611124,-0.006727365443142226,0.5,34.99632399235304,27.998823677552974,206.16679743268773,99.9894971210087,1.1736111042276925e-08,1.409712290579996e-05,0.10150000000000167
16.933333333333334,1.0058388748788105,-0.024576873119825194,9.988932490085519,0.027578564141957338,40.70517071082336,394.9284745970676,7672.695856096777,0.007901576875151329,0.0005519941808429634,0.0039916967017628625,0.5,34.996320370672045,27.998822518615054,206.16679780956653,99.9894867733487,1.1747685116215131e-08,1.411101159884725e-05,0.10160000000000168
16.95,1.0017889489133842,-0.024217240717838845,10.000572521320482,0.024289983500513066,40.78363624265212,394.9208408989152,7672.698802103035,-0.0040449695375160705,0.0005634984522057718,0.011631943459539764,0.5,34.99631674899105,27.998821359677134,206.16679821240834,99.98947642568871,1.1759259190153203e-08,1.4124900291701643e-05,0.10170000000000169
16.966666666666665,0.9989274077685489,-0.018540511870247533,10.007193984327845,0.019916122642874994,40.845865939799445,394.9132076324029,7672.70175931428,-0.002859070467190787,0.005791465484172284,0.006521345299374129,0.5,34.99631312731005,27.998820200739218,206.16679864090418,99.98946607802873,1.1770833264091141e-08,1.4138788984363136e-05,0.1018000000000017
16.983333333333334,1.005683269894702,-0.027187808226675936,10.008190874206136,0.028958400734301202,40.779377454459556,394.90557481382695,7672.704727741531,0.00675625994773697,-0.00862853505301285,0.0011480012800435205,0.5,34.99630950562906,27.998819041801298,206.1667990947488,99.98945573036873,1.1782407338028945e-08,1.415267767683173e-05,0.1019000000000017
17.0,1.005700914119757,-0.021607108729812294,10.006634706526317,0.023310966509974277,40.91305241078993,394.8979424594697,7672.707707395765,1.698158400869952e-05,0.005552526386883458,-0.0016538787927684545,0.5,34.99630588394807,27.99881788286338,206.16679957364056,99.98944538270877,1.1793981411966615e-08,1.4166566369107427e-05,0.10200000000000171
17.016666666666666,1.0097942968456455,-0.021907009774506443,10.007677078223429,0.02519546796728871,40.912593210992306,394.8903105855966,7672.710698287913,0.004093778549843113,-0.0002815218356652707,0.0010474849366393678,0.5,34.99630226226708,27.998816723925465,206.16680007728138,99.98943503504879,1.1805555485904151e-08,1.4180455061190225e-05,0.10210000000000172
17.033333333333335,1.0056681026378658,-0.02450815241909929,10.003646172378902,0.025418110228040566,40.96049576874049,394.8826792084612,7672.713700428862,-0.00412782692270029,-0.0026716331586398748,-0.003984534933821429,0.5,34.99629864058609,27.99881556498755,206.16680060537672,99.98942468738883,1.1817129559841553e-08,1.4194343753080125e-05,0.10220000000000172
17.05,1.0057119898458338,-0.01709336799032834,9.998173732219128,0.018114695564936726,41.04199870578859,394.8750483443048,7672.716713829453,4.190048374044282e-05,0.007317591614847112,-0.005601738905294052,0.5,34.9962950189051,27.998814406049632,206.1668011576356,99.98941433972887,1.1828703633778821e-08,1.4208232444777126e-05,0.10230000000000174
17.066666666666666,1.0029675983199435,-0.01832545394348835,9.993290548057393,0.01973928254579738,41.04457262668224,394.8674180093529,7672.719738500484,-0.0027459008577238467,-0.0013174897931907796,-0.00486083755811899,0.5,34.99629139722412,27.99881324711172,206.16680173377048,99.9894039920689,1.1840277707715955e-08,1.422212113628123e-05,0.10240000000000174
17.083333333333332,1.0020428133168358,-0.01498282408442121,9.989596089258763,0.018354669630243386,41.105293305508724,394.85978821981604,7672.722774452707,-0.0009258588698269581,0.0032774795014567874,-0.0037523762048751966,0.5,34.99628777554313,27.998812088173803,206.16680233349726,99.98939364440895,1.1851851781652955e-08,1.4236009827592433e-05,0.10250000000000174
17.1,0.9980692492516803,-0.016626245977734475,9.993236328566228,0.018053002321525156,41.1325983928753,394.8521589918919,7672.725821696832,-0.003972559938878367,-0.001579637072319128,0.0036683679583314737,0.5,34.99628415386215,27.998810929235887,206.16680295653515,99.989383296749,1.1863425855589823e-08,1.4249898518710739e-05,0.10260000000000176
17.116666666666667,1.0077800954216978,-0.01386289542122886,10.000035900851827,0.01589689004462063,41.16073057666058,394.84453034176494,7672.728880243521,0.009712655341528617,0.0028819431576979663,0.006750162253856025,0.5,34.996280532181174,27.998809770297974,206.16680360260676,99.98937294908906,1.1874999929526555e-08,1.4263787209636147e-05,0.10270000000000176
17.133333333333333,1.011138891293236,-0.014133522284156656,9.99898667623569,0.018023745046316153,41.197563569313765,394.83690228560476,7672.7319501033935,0.003358539531364774,-0.0002890695553184974,-0.0010442939823633458,0.5,34.99627691050019,27.99880861136006,206.166804271438,99.98936260142912,1.1886574003463154e-08,1.4277675900368654e-05,0.10280000000000176
17.15,1.000889330900525,-0.016022502096744766,9.986074009431528,0.021247146298958613,41.2598298966845,394.82927483956513,7672.735031287021,-0.0102529585298057,-0.002115400935828085,-0.012877510585593452,0.5,34.99627328881922,27.99880745242215,206.16680496275802,99.9893522537692,1.1898148077399618e-08,1.4291564590908265e-05,0.10290000000000178
17.166666666666668,1.0008575032777995,-0.028375628215781674,9.982140288682828,0.03353913060603377,41.2217747029919,394.82164801978695,7672.738123804931,-3.33517301255828e-05,-0.012419954283123457,-0.003717340245129949,0.5,34.99626966713824,27.99880629348424,206.16680567629922,99.98934190610926,1.190972215133595e-08,1.4305453281254976e-05,0.10300000000000178
17.183333333333334,0.9993043707699931,-0.028515735649175002,9.984051963527477,0.032679909080043104,41.33566571021707,394.8140218423968,7672.741227667607,-0.001552183417186095,-0.00010672006859822452,0.0019138288147348694,0.5,34.99626604545727,27.998805134546323,206.16680641179718,99.98933155844934,1.1921296225272146e-08,1.431934197140879e-05,0.10310000000000179
17.2,1.0066264533617688,-0.0329293575571765,9.986614246022382,0.03615770867735205,41.3291492401918,394.8063963235067,7672.744342885486,0.007323456522135283,-0.004368095127645996,0.0026391462892834563,0.5,34.996262423776294,27.998803975608414,206.1668071689906,99.98932121078941,1.193287029920821e-08,1.4333230661369704e-05,0.1032000000000018
17.216666666666665,1.0067912225317872,-0.03812622201662619,9.984879956055558,0.041572549817293636,41.382659914881636,394.7987714792136,7672.74746946896,0.00016369377692620536,-0.005226532866551815,-0.001642715733488177,0.5,34.996258802095326,27.998802816670505,206.16680794762132,99.9893108631295,1.1944444373144137e-08,1.4347119351137719e-05,0.10330000000000181
17.233333333333334,0.9961686693534911,-0.028933132513307144,9.992611833181916,0.0301065533381641,41.5364331389457,394.7911473256033,7672.750607428376,-0.010618028489179082,0.009326824786769205,0.007570015825919731,0.5,34.99625518041436,27.998801657732592,206.16680874743423,99.98930051546961,1.1956018447079933e-08,1.4361008040712837e-05,0.10340000000000181
17.25,1.0020271942422803,-0.025672881081715046,9.995902969845073,0.026076584613903976,41.49650715903171,394.78352387874105,7672.753756774032,0.005860093210518928,0.003317142220386077,0.00323378803255248,0.5,34.99625155873339,27.998800498794687,206.16680956817723,99.9892901678097,1.1967592521015593e-08,1.4374896730095056e-05,0.10350000000000183
17.266666666666666,1.0044347431369751,-0.030562294000953748,9.997057425260401,0.03102212986280224,41.501734062510415,394.7759011546811,7672.756917516185,0.0024081154376495053,-0.0048684503085727185,0.0012398860090579043,0.5,34.99624793705242,27.998799339856777,206.16681040960128,99.98927982014979,1.197916659495112e-08,1.4388785419284378e-05,0.10360000000000183
17.283333333333335,0.9999701001179776,-0.01446596325633732,10.000777277458589,0.01448686102669597,41.6752860829858,394.7682791694645,7672.760089665045,-0.004463181321452364,0.01615893183883665,0.003437744553135284,0.5,34.99624431537146,27.998798180918868,206.1668112714603,99.9892694724899,1.1990740668886513e-08,1.44026741082808e-05,0.10370000000000183
17.3,1.0077800488142727,-0.002393731424111419,10.006636865617443,0.010502820945049179,41.66171230787312,394.7606579391137,7672.763273230772,0.007810810821346902,0.012173039122110405,0.005647182921296283,0.5,34.9962406936905,27.99879702198096,206.16681215351107,99.98925912483001,1.2002314742821772e-08,1.4416562797084324e-05,0.10380000000000185
17.316666666666666,0.9928330015443557,-0.011944424264542425,10.005704850225769,0.015052306299104213,41.64564751092869,394.7530374796381,7672.766468223487,-0.014947163972194354,-0.009565508332026039,-0.0007651396958444273,0.5,34.99623707200954,27.998795863043053,206.16681305551336,99.98924877717013,1.2013888816756896e-08,1.443045148569495e-05,0.10390000000000185
17.333333333333332,1.0096736436412097,-0.01548055678240513,10.004171317870812,0.01872532542577367,41.62951034045761,394.74541780703515,7672.769674653259,0.016840275200693127,-0.00356239000601807,-0.0014715068158867872,0.5,34.99623345032858,27.998794704105148,206.16681397722968,99.98923842951024,1.2025462890691888e-08,1.4444340174112675e-05,0.10400000000000185
17.35,0.9975916812030352,-0.0177302252110878,10.003721660267987,0.018275909322518217,41.75811207972821,394.7377989372816,7672.772892530114,-0.012082092802147068,-0.0022571994240150033,-0.00041018386355994333,0.5,34.99622982864763,27.998793545167242,206.16681491842547,99.98922808185037,1.2037036964626743e-08,1.4458228862337504e-05,0.10410000000000187
17.366666666666667,0.9936426061751207,-0.011297305956616467,10.008072700396,0.015271016457870908,41.82558428247147,394.730180886345,7672.776121864031,-0.003947972854473812,0.006507551404564798,0.0042386052032121506,0.5,34.996226206966675,27.998792386229336,206.16681587886896,99.98921773419049,1.2048611038561467e-08,1.4472117550369434e-05,0.10420000000000187
17.383333333333333,0.9958086236479474,-0.020543647246762952,10.005321130088188,0.021631354641212547,41.76072445940591,394.7225636701742,7672.779362664941,0.0021652529087365256,-0.009292716128376883,-0.002590635683007792,0.5,34.99622258528572,27.99879122729143,206.16681685833106,99.98920738653064,1.2060185112496055e-08,1.4486006238208467e-05,0.10430000000000188
17.4,0.9973705700598354,-0.02984280343904569,10.003967696809319,0.03021992714847329,41.803624556687716,394.71494730470516,7672.78261494273,0.001561351300985014,-0.009321289668274871,-0.0011914891955235344,0.5,34.99621896360477,27.998790068353525,206.16681785658548,99.98919703887077,1.207175918643051e-08,1.44998949258546e-05,0.1044000000000019
17.416666666666668,1.0049795464407696,-0.03706783382428317,10.004972347373116,0.0377300999191671,41.840041377506765,394.707331805856,7672.78587870724,0.0076095630130398285,-0.007206373248157773,0.0011307393440182214,0.5,34.99621534192382,27.998788909415623,206.16681887340857,99.98918669121092,1.2083333260364832e-08,1.4513783613307834e-05,0.1045000000000019
17.433333333333334,1.0005654862973574,-0.03783296756022179,10.000052405677003,0.03783722996239259,41.94475397800916,394.69971718953366,7672.789153968261,-0.004417275980631423,-0.0008511193970878051,-0.004905796716640829,0.5,34.996211720242876,27.99878775047772,206.16681990857936,99.98917634355107,1.209490733429902e-08,1.452767230056817e-05,0.1046000000000019
17.45,0.9940173812134355,-0.032726377542707755,10.001118986544848,0.03328747234583587,42.02653783203309,394.6921034716256,7672.792440735543,-0.006547448347710202,0.005124380464332003,0.0009775381863540123,0.5,34.99620809856192,27.998786591539815,206.16682096187952,99.98916599589121,1.2106481408233073e-08,1.4541560987635607e-05,0.10470000000000192
17.466666666666665,1.00025034972579,-0.029110834992135497,10.00103867515815,0.02913043709700949,42.022931105475436,394.6844906680081,7672.795739018782,0.006232925179950757,0.003613597434515272,-0.0001432182969932962,0.5,34.99620447688098,27.998785432601913,206.1668220330933,99.98915564823137,1.2118055482166993e-08,1.4555449674510148e-05,0.10480000000000192
17.483333333333334,0.9937395818512689,-0.031300103910484836,10.002121800761811,0.03199037537783918,42.068640854245245,394.67687879453877,7672.799048827633,-0.006510196874094938,-0.002170091139993112,0.0011210546860692238,0.5,34.99620085520004,27.99878427366401,206.16682312200754,99.98914530057154,1.2129629556100778e-08,1.4569338361191788e-05,0.10490000000000192
17.5,0.9866400368959138,-0.013658397074389384,10.005067880169767,0.019766327191277744,42.218103998009035,394.6692678670613,7672.8023701717,-0.007098389108686598,0.017689984370348362,0.002640769199372897,0.5,34.9961972335191,27.99878311472611,206.16682422841163,99.98913495291171,1.214120363003443e-08,1.4583227047680532e-05,0.10500000000000194
17.516666666666666,0.9889336363445523,-0.014676653015499795,10.011012053674328,0.021426680807475926,42.13481113992046,394.66165790140536,7672.805703060544,0.0022950692644700768,-0.0009156313609242975,0.00596084397927835,0.5,34.99619361183816,27.99878195578821,206.16682535209742,99.98912460525187,1.2152777703967947e-08,1.4597115733976375e-05,0.10510000000000194
17.533333333333335,1.0028573083369012,-0.011261728339351539,10.011940231726424,0.016660329287431577,42.16362765151595,394.6540489133811,7672.809047503674,0.013923882158688965,0.0034305413115694487,0.000868683773440811,0.5,34.99618999015722,27.998780796850312,206.16682649285926,99.98911425759206,1.2164351777901331e-08,1.4611004420079321e-05,0.10520000000000194
17.55,1.0080777482717624,-0.008764677123555479,10.00779374477738,0.014241547175985851,42.220127461979686,394.6464409187883,7672.8124035105575,0.005219715284498295,0.0024239049376386787,-0.004189666239074767,0.5,34.99618636847629,27.998779637912413,206.1668276504939,99.98910390993224,1.217592585183458e-08,1.4624893105989369e-05,0.10530000000000196
17.566666666666666,1.0078569273615634,-0.010607730152137607,10.004056442144995,0.013809991714061241,42.252864560424314,394.63883393340836,7672.815771090611,-0.00022145272417417453,-0.0019085123714002753,-0.0037043023061554825,0.5,34.99618274679535,27.99877847897451,206.16682882480063,99.98909356227243,1.2187499925767696e-08,1.4638781791706518e-05,0.10540000000000196
17.583333333333332,1.017536723384097,-0.012607566373317466,9.997044304382221,0.021799360594543148,42.26308185730899,394.6312279730067,7672.819150253203,0.009678375444780458,-0.0021234561965687744,-0.006975697326908745,0.5,34.996179125114416,27.998777320036613,206.166830015581,99.98908321461262,1.2199073999700677e-08,1.4652670477230769e-05,0.10550000000000197
17.6,1.010782129260977,-0.01026969385312124,9.997502602917493,0.015098115211270939,42.37727034715111,394.62362305333374,7672.822541007656,-0.006754502635417791,0.002345617954021303,0.000416847567879099,0.5,34.996175503433484,27.998776161098718,206.16683122263902,99.98907286695281,1.2210648073633525e-08,1.466655916256212e-05,0.10560000000000198
17.616666666666667,1.0086226780397824,-0.019055990503110985,9.999602631684251,0.020919801864080115,42.346693018446054,394.61601919012514,7672.825943363247,-0.0021589137928576846,-0.0087479262641787,0.0022545322772026073,0.5,34.99617188175255,27.998775002160816,206.16683244578093,99.98906251929301,1.2222222147566238e-08,1.4680447847700575e-05,0.10570000000000199
17.633333333333333,0.9959220479292118,-0.01012327448132713,9.991423727802138,0.013880526019948597,42.50472786827096,394.6084163990989,7672.829357329201,-0.012702712815148367,0.00878828352962705,-0.008333903962941572,0.5,34.99616826007163,27.99877384322292,206.16683368481537,99.98905217163322,1.2233796221498818e-08,1.469433653264613e-05,0.10580000000000199
17.65,1.0063346766695402,-0.01510928740924358,9.995403893962257,0.017015733974515453,42.41458092898866,394.600814695959,7672.832782914699,0.01041350518423043,-0.0049157099948556006,0.004066674620387614,0.5,34.9961646383907,27.998772684285026,206.1668349395532,99.98904182397344,1.2245370295431263e-08,1.4708225217398786e-05,0.105900000000002
17.666666666666668,0.9998057746189453,-0.017383759420049657,9.99838760476359,0.017459459495884226,42.515997280309556,394.5932140963916,7672.836220128874,-0.006528056010580138,-0.002221890680396869,0.00302307032948991,0.5,34.99616101670978,27.99877152534713,206.1668362098076,99.98903147631366,1.2256944369363575e-08,1.4722113901958544e-05,0.10600000000000201
17.683333333333334,0.9973227898196269,-0.02119600792786196,9.99820644158043,0.02143960888728444,42.535083865332815,394.585614616069,7672.839668980807,-0.0024830457922739636,-0.0038148267466161165,-0.00011469826253766425,0.5,34.99615739502886,27.998770366409236,206.16683749539388,99.98902112865387,1.2268518443295752e-08,1.4736002586325405e-05,0.10610000000000201
17.7,0.9982198844490073,-0.02866604147954614,10.001392495490059,0.028754974295991886,42.54892229266203,394.5780162706468,7672.8431294795355,0.0008984809721120852,-0.007413420513692542,0.00331565006508008,0.5,34.996153773347935,27.99876920747134,206.16683879612958,99.98901078099411,1.2280092517227796e-08,1.4749891270499366e-05,0.10620000000000203
17.716666666666665,0.9921025075190346,-0.024463846739726344,9.999930751093585,0.025707104240244905,42.668408560974555,394.57041907576473,7672.84660163405,-0.00611805466732481,0.004176173387187154,-0.0015345073372851977,0.5,34.99615015166702,27.998768048533446,206.16684011183446,99.98900043333433,1.2291666591159705e-08,1.4763779954480429e-05,0.10630000000000203
17.733333333333334,0.9993127459313669,-0.03417637155203934,10.01017477361624,0.03566536880440769,42.60526729044483,394.56282304704376,7672.850085453287,0.007215480620330009,-0.009533042764290098,0.010411253834329975,0.5,34.9961465299861,27.99876688959555,206.16684144233037,99.98899008567457,1.2303240665091481e-08,1.4777668638268594e-05,0.10640000000000203
17.75,0.9947474786733003,-0.026759442217831567,10.011261116426356,0.029503251345272114,42.764138714167984,394.55522820009384,7672.85358094614,-0.00456468958110573,0.007434709408172142,0.000957119313285892,0.5,34.99614290830518,27.99876573065766,206.16684278744128,99.9889797380148,1.2314814739023124e-08,1.479155732186386e-05,0.10650000000000205
17.766666666666666,1.0060579544290622,-0.017658283656062992,10.006706905812264,0.019837058665628016,42.76625853319208,394.54763455050534,7672.857088121453,0.01130871049949779,0.009020257423251823,-0.004712417203057427,0.5,34.99613928662427,27.998764571719768,206.1668441469933,99.98896939035505,1.2326388812954632e-08,1.4805446005266229e-05,0.10660000000000205
17.783333333333335,0.9987153237641924,-0.021981498398430447,10.001101981393814,0.022046552519778353,42.78595824866741,394.5400421138508,7672.860606988019,-0.0073445695435501775,-0.0044206060094755745,-0.005528435810725225,0.5,34.99613566494335,27.998763412781873,206.16684552081458,99.9889590426953,1.2337962886886007e-08,1.4819334688475698e-05,0.10670000000000206
17.8,0.9933032547559695,-0.029642138481072375,10.005026172441871,0.03080174933800119,42.809458081349035,394.53245090569277,7672.864137554588,-0.005410301159452883,-0.0075912693556194795,0.004056760865939132,0.5,34.99613204326244,27.99876225384398,206.1668469087353,99.98894869503555,1.2349536960817246e-08,1.483322337149227e-05,0.10680000000000207
17.816666666666666,0.9907843269687704,-0.028639440494394798,10.002969091526287,0.030231572945363768,42.88453324873471,394.52486094157024,7672.867679829856,-0.002519974024515706,0.0009669322912173006,-0.002074132589579105,0.5,34.99612842158153,27.998761094906087,206.16684831058768,99.98893834737581,1.2361111034748353e-08,1.4847112054315942e-05,0.10690000000000208
17.833333333333332,0.9938344086280934,-0.031211987352513057,9.989678091343938,0.033448155872821565,42.883540232021836,394.51727223701124,7672.871233822473,0.003043139741167448,-0.002802337218751001,-0.013244453288506175,0.5,34.99612479990063,27.998759935968202,206.16684972620595,99.98892799971608,1.2372685108679325e-08,1.4861000736946717e-05,0.10700000000000208
17.85,0.9920976947631361,-0.03423829024034773,9.985110079149905,0.038163948838231036,42.94041306793037,394.5096848075241,7672.87479954104,-0.0017393229372830296,-0.0031050105123519357,-0.004514880677547996,0.5,34.996121178219724,27.99875877703031,206.1668511554263,99.98891765205636,1.2384259182610164e-08,1.4874889419384593e-05,0.1071000000000021
17.866666666666667,0.9911740744411937,-0.027097657870059123,9.978191383395707,0.03588713981618616,43.03171246154828,394.5020986686014,7672.87837699411,-0.0009273236029765232,0.007019824917639693,-0.007041237564437584,0.5,34.99611755653882,27.998757618092423,206.16685259808682,99.98890730439662,1.2395833256540867e-08,1.4888778101629571e-05,0.1072000000000021
17.883333333333333,0.998664827446189,-0.026354213908494517,9.978400998177037,0.03410069511956679,43.01932249202668,394.49451383572074,7672.881966190188,0.007490850791645791,0.0007469715783985601,0.00019667418389288454,0.5,34.99611393485792,27.99875645915453,206.1668540540276,99.98889695673691,1.2407407330471439e-08,1.4902666783681651e-05,0.1073000000000021
17.9,1.0039357736459342,-0.017092358749193924,9.981463635457114,0.025518896670094306,43.11351690199247,394.4869303243402,7672.885567137726,0.005272107380531759,0.009313960774579825,0.0029003175831628465,0.5,34.99611031317701,27.998755300216644,206.16685552309062,99.98888660907718,1.2418981404401874e-08,1.4916555465540832e-05,0.10740000000000212
17.916666666666668,1.0064489406433819,-0.020344030807789164,9.981926300453464,0.02796579420455515,43.093050679234146,394.4793481499059,7672.88917984513,0.002513318147785751,-0.0032430551195031555,0.0005196379081194424,0.5,34.99610669149612,27.998754141278756,206.1668570051197,99.98887626141747,1.2430555478332177e-08,1.4930444147207115e-05,0.10750000000000212
17.933333333333334,1.0020350611061928,-0.012242241694450663,9.990723668833473,0.015493877387097179,43.218994402259916,394.47176732784135,7672.892804320756,-0.00441137784165872,0.008254731173633626,0.008654021340672871,0.5,34.99610306981522,27.99875298234087,206.1668584999606,99.98886591375776,1.2442129552262345e-08,1.4944332828680499e-05,0.10760000000000212
17.95,1.0009819425702293,-0.020405826332219833,9.994455412448028,0.021168430895673825,43.15993109591622,394.46418787355907,7672.896440572913,-0.001052055331869164,-0.00809711140511165,0.0038738624934841256,0.5,34.99609944813432,27.998751823402984,206.16686000746077,99.98885556609807,1.245370362619238e-08,1.4958221509960986e-05,0.10770000000000214
17.966666666666665,1.0000710989374535,-0.016150442010768415,10.002788666979182,0.016389586603650936,43.26960929171445,394.456609802451,7672.900088609858,-0.0009081852111190672,0.004400247430168204,0.008257677800268603,0.5,34.99609582645343,27.998750664465096,206.16686152746962,99.98884521843837,1.2465277700122279e-08,1.4972110191048574e-05,0.10780000000000214
17.983333333333334,1.008651187415421,-0.011382105610695739,10.009839215357466,0.017355760931097367,43.285929320468185,394.4490331298932,7672.903748439801,0.008581782506722193,0.004891189439896294,0.0069658831526436624,0.5,34.99609220477254,27.99874950552721,206.1668630598383,99.98883487077867,1.2476851774052046e-08,1.4985998871943263e-05,0.10790000000000215
18.0,1.0047029997203916,-0.010788771635901936,10.01203286508914,0.016832002094470833,43.33561277806409,394.44145787124614,7672.9074200709,-0.0039477632749408175,0.000631782465482603,0.00218288687167308,0.5,34.99608858309165,27.998748346589327,206.16686460441971,99.98882452311899,1.2488425847981678e-08,1.4999887552645054e-05,0.10800000000000216
18.016666666666666,1.00274283207501,-0.017623209081265183,10.011491796580545,0.02121725017142323,43.32919630172796,394.43388404185043,7672.911103511266,-0.001960301798803178,-0.00684286687076998,-0.0004212640763981974,0.5,34.99608496141076,27.998747187651443,206.16686616106853,99.98881417545931,1.2499999921911177e-08,1.5013776233153946e-05,0.10810000000000217
18.033333333333335,1.0006048350970713,-0.023405636438912743,10.007867646853873,0.024700029313158334,43.37396261639089,394.42631165703295,7672.914798768959,-0.0021392945840287775,-0.005844899710705743,-0.0035225095019079298,0.5,34.99608133972987,27.99874602871356,206.16686772964113,99.98880382779963,1.251157399584054e-08,1.5027664913469941e-05,0.10820000000000217
18.05,1.001693466736064,-0.018423215086020222,10.004534817756367,0.01904861461802081,43.46348363855883,394.4187407321017,7672.918505851991,0.0010874150711405563,0.004923428045559394,-0.0034193752635365156,0.5,34.99607771804899,27.998744869775678,206.16686930999566,99.98879348013996,1.2523148069769771e-08,1.5041553593593037e-05,0.10830000000000219
18.066666666666666,1.0019813745839095,-0.019285776353630775,9.990967517834719,0.021388004137813985,43.468627405941646,394.41117128234913,7672.922224768321,0.0002834432154238048,-0.001099646456827374,-0.013550143858026732,0.5,34.9960740963681,27.99874371083779,206.1668709019919,99.98878313248028,1.2534722143698868e-08,1.5055442273523235e-05,0.10840000000000219
18.083333333333332,1.0040147192394484,-0.02198132132366028,9.987399069990156,0.025652689665895363,43.50080548998257,394.403603323048,7672.925955525861,0.0020320595743382732,-0.002757596652562399,-0.003520716089007335,0.5,34.996070474687215,27.99874255189991,206.1668725054913,99.98877278482063,1.2546296217627831e-08,1.5069330953260534e-05,0.10850000000000219
18.1,0.9989147721687904,-0.03040242951767803,9.98820605464779,0.03262804571608826,43.533242824034964,394.39603686945793,7672.929698132474,-0.005099578173538141,-0.008405717432061772,0.0009540451613207303,0.5,34.99606685300633,27.998741392962025,206.166874120357,99.98876243716096,1.255787029155666e-08,1.5083219632804935e-05,0.10860000000000221
18.116666666666667,0.9981767031825597,-0.027112909843313607,9.989971084794005,0.028965877799994277,43.62510844046947,394.38847193681727,7672.93345259597,-0.0007371830893694079,0.003319779348694427,0.001707435329911663,0.5,34.99606323132546,27.998740234024147,206.1668757464537,99.9887520895013,1.2569444365485356e-08,1.5097108312156437e-05,0.10870000000000221
18.133333333333333,1.0004906874711161,-0.02881967071079993,9.997551499561,0.02892764670153984,43.63427219453024,394.3809085403485,7672.937218924113,0.0023176843183248886,-0.001574292943157716,0.007609028120784285,0.5,34.99605960964458,27.998739075086267,206.1668773836478,99.98874174184166,1.2581018439413917e-08,1.5110996991315042e-05,0.10880000000000221
18.15,1.0030805185129317,-0.028689476787810652,10.0000026907589,0.02885438755683725,43.680647125353715,394.3733466952583,7672.940997124612,0.002591061201890732,0.00017302958150754234,0.002448539973493956,0.5,34.99605598796371,27.998737916148386,206.1668790318072,99.98873139418201,1.2592592513342344e-08,1.5124885670280748e-05,0.10890000000000223
18.166666666666668,1.0076152197483805,-0.03484424651116479,9.997041003781447,0.03578903507647536,43.67877656489314,394.3657864167327,7672.944787205129,0.004533059171040214,-0.006205787232493923,-0.002853240684489204,0.5,34.99605236628283,27.998736757210505,206.16688069080146,99.98872104652237,1.2604166587270637e-08,1.5138774349053557e-05,0.10900000000000223
18.183333333333334,1.0136671142222478,-0.040025688781663585,10.001458878575573,0.04232006640084777,43.725115179708155,394.35822771994395,7672.948589173275,0.006054780957177619,-0.005102713331925933,0.00450857740809451,0.5,34.996048744601964,27.998735598272628,206.1668823605016,99.98871069886275,1.2615740661198796e-08,1.5152663027633466e-05,0.10910000000000224
18.2,1.0116544200964488,-0.033712051246923586,9.997073619535634,0.035789265593921225,43.84396006599764,394.3506706200447,7672.952403036612,-0.002015515966220899,0.006235149264362885,-0.004496156317556518,0.5,34.99604512292109,27.998734439334747,206.16688404078025,99.98870035120312,1.2627314735126821e-08,1.5166551706020477e-05,0.10920000000000225
18.216666666666665,1.0045870537103463,-0.026680580562552975,9.991774423978717,0.02829376192156437,43.901789388003245,394.34311513217165,7672.956228802648,-0.007070159204202331,0.006937147655082842,-0.005422087117738066,0.5,34.99604150124022,27.99873328039687,206.16688573151148,99.9886900035435,1.2638888809054712e-08,1.518044038421459e-05,0.10930000000000226
18.233333333333334,0.9991763080582755,-0.02498459958116502,9.991855449148982,0.026291544608564588,43.912619125494814,394.33556127144396,7672.960066478846,-0.00541070912478115,0.001697138448939834,5.135813557755127e-05,0.5,34.99603787955935,27.998732121458993,206.16688743257095,99.98867965588387,1.2650462882982469e-08,1.5194329062215804e-05,0.10940000000000226
18.25,0.9898328023017817,-0.028960233611211268,10.003172564861284,0.030856375312461007,43.94093521138879,394.3280090529602,7672.963916072615,-0.009338178160503597,-0.003778609591352394,0.011384412901608618,0.5,34.99603425787849,27.99873096252112,206.16688914383573,99.98866930822426,1.2662036956910092e-08,1.520821774002412e-05,0.10950000000000228
18.266666666666666,0.9990422080626967,-0.03136553140586003,10.005112465663446,0.031793844452390765,43.93273942565533,394.32045849180406,7672.967777591311,0.00921042702520685,-0.0023712679001516262,0.0019813531163585633,0.5,34.996030636197624,27.998729803583238,206.1668908651844,99.98865896056465,1.2673611030837581e-08,1.5222106417639538e-05,0.10960000000000228
18.283333333333335,1.0037726375273224,-0.027110371487648513,10.003215578537874,0.027559947728005352,44.0189524837063,394.3129096030407,7672.971651042245,0.004729461488660824,0.0042213581876839315,-0.0019709644517946104,0.5,34.99602701451676,27.998728644645364,206.16689259649695,99.98864861290504,1.2685185104764936e-08,1.5235995095062058e-05,0.10970000000000228
18.3,1.0014561219082245,-0.026266274862791858,10.003902991417235,0.026594612794099352,44.06231736144797,394.30536240171733,7672.975536432673,-0.002316195423116393,0.0008559957611675285,0.0006725375332973988,0.5,34.99602339283591,27.99872748570749,206.1668943376548,99.98863826524544,1.2696759178692157e-08,1.524988377229168e-05,0.1098000000000023
18.316666666666666,1.0106780862167544,-0.013233699711130167,9.999489411540411,0.017012106533158607,44.133323609386466,394.2978169028647,7672.979433769803,0.009220442957289772,0.012953071295220067,-0.0046417288891992415,0.5,34.99601977115505,27.998726326769617,206.1668960885408,99.98862791758584,1.2708333252619244e-08,1.5263772449328405e-05,0.1099000000000023
18.333333333333332,1.0041906536985534,-0.016653174221111743,9.997523590591861,0.01734990986528471,44.13051359504443,394.2902731214939,7672.983343060789,-0.006487945235168934,-0.003453509281211734,-0.0019053953313975325,0.5,34.99601614947419,27.99872516783174,206.16689784903917,99.98861756992625,1.2719907326546197e-08,1.527766112617223e-05,0.1100000000000023
18.35,0.9998701441355983,-0.013850972885058094,9.993127945819463,0.015462588804568743,44.1969532311125,394.2827310726,7672.987264312737,-0.004321679680799802,0.002724902493102436,-0.004443976867523515,0.5,34.99601252779333,27.998724008893866,206.16689961903558,99.98860722226667,1.2731481400473016e-08,1.5291549802823155e-05,0.11010000000000232
18.366666666666667,1.0071504888408125,-0.024294021442476277,9.993249524108116,0.026208346400525294,44.137440429145904,394.27519077115784,7672.9911975327,0.007280385185731616,-0.010439317613551533,0.0003044556763117133,0.5,34.99600890611248,27.998722849955993,206.16690139841694,99.98859687460708,1.2743055474399703e-08,1.5305438479281184e-05,0.11020000000000232
18.383333333333333,1.01673853558758,-0.021932748407603876,9.996320750090048,0.02783410358396008,44.24223186022539,394.26765223212635,7672.995142727681,0.009589285716015871,0.0024151452107462165,0.0030290446626815575,0.5,34.996005284431625,27.99872169101812,206.1669031870716,99.98858652694751,1.2754629548326254e-08,1.5319327155546313e-05,0.11030000000000233
18.4,1.0141977676887444,-0.03264664457115221,10.001369052398037,0.03562675086338433,44.24739943112684,394.26011547044664,7672.999099904632,-0.0025383634179009587,-0.01062274585455254,0.00523738416747471,0.5,34.99600166275078,27.99872053208025,206.16690498488916,99.98857617928793,1.2766203622252673e-08,1.5333215831618545e-05,0.11040000000000234
18.416666666666668,1.0080432133527333,-0.02900140797627796,9.9951115204685,0.030490199551672495,44.36778954854266,394.2525805010404,7673.0030690704525,-0.006157920773484381,0.003534245690897781,-0.006320882218738291,0.5,34.99599804106993,27.99871937314238,206.16690679176065,99.98856583162838,1.2777777696178956e-08,1.5347104507497878e-05,0.11050000000000235
18.433333333333334,1.0035824776334314,-0.02955647192696163,9.992546533937924,0.030691359603570598,44.38350996599181,394.2450473388098,7673.007050231991,-0.004462046465279757,-0.0006000037945919162,-0.0025548474773695617,0.5,34.995994419389085,27.99871821420451,206.16690860757828,99.98855548396881,1.2789351770105106e-08,1.5360993183184314e-05,0.11060000000000235
18.45,0.9970616803296452,-0.01861711414626279,9.991628446898414,0.020623325376816454,44.4924319801336,394.2375159986429,7673.011043396044,-0.006521183268956876,0.010921662654138745,-0.0011089266484049102,0.5,34.99599079770824,27.998717055266635,206.1669104322356,99.98854513630924,1.2800925844031121e-08,1.537488185867785e-05,0.11070000000000237
18.466666666666665,0.9946184659889371,-0.021328719015659036,9.998237115039553,0.02206776960831655,44.453400688224285,394.22998649540637,7673.015048569359,-0.002440910604639013,-0.0025963378988767168,0.0066547967604055295,0.5,34.99598717602739,27.998715896328765,206.16691226562742,99.9885347886497,1.2812499917957004e-08,1.538877053397849e-05,0.11080000000000237
18.483333333333334,0.9874983076885243,-0.03452286443770712,10.000542367815454,0.03672071007438735,44.44798455415413,394.22245884395016,7673.019065758629,-0.007119034736293896,-0.013152299249717498,0.0025331184862370923,0.5,34.99598355434655,27.998714737390898,206.1669141076498,99.98852444099016,1.2824073991882751e-08,1.540265920908623e-05,0.11090000000000237
18.5,0.9951139094363893,-0.028493465787731667,10.00556207301814,0.02943933779995227,44.55281060901472,394.21493305910474,7673.023094970499,0.007618362201377229,0.0061153406222228205,0.004914640403684376,0.5,34.99597993266571,27.998713578453028,206.16691595820006,99.98851409333061,1.2835648065808366e-08,1.5416547884001073e-05,0.11100000000000239
18.516666666666666,0.9991806575764218,-0.031017208938762298,10.007818695255141,0.03199792318218999,44.55553330154974,394.2074091556845,7673.027136211558,0.004067920070172058,-0.0024840898199525742,0.002300199953521667,0.5,34.99597631098488,27.99871241951516,206.1669178171767,99.98850374567108,1.2847222139733845e-08,1.5430436558723016e-05,0.11110000000000239
18.533333333333335,1.0042349733993838,-0.027625398218906014,10.00820089776433,0.029126776209693027,44.62397548396606,394.1998871484818,7673.031189488345,0.005054511419622674,0.003397974112244229,0.00032284770579650335,0.5,34.99597268930404,27.998711260577295,206.16691968447944,99.98849339801154,1.2858796213659191e-08,1.544432523325206e-05,0.1112000000000024
18.55,0.9983191958969838,-0.029246607343177237,10.007555259191264,0.030253340278961507,44.66722267563227,394.19236705227473,7673.035254807348,-0.005916097939277253,-0.001632243911553838,-0.0006172097785411199,0.5,34.9959690676232,27.99871010163942,206.1669215600092,99.988483050352,1.2870370287584402e-08,1.5458213907588206e-05,0.11130000000000241
18.566666666666666,1.0008090733867299,-0.02233972838662944,10.007866226494114,0.023698060217116953,44.73104388529696,394.18484888181837,7673.039332175002,0.0024900174800577468,0.006911252694179216,0.0001904308270968688,0.5,34.99596544594237,27.99870894270156,206.16692344366808,99.98847270269249,1.288194436150948e-08,1.5472102581731457e-05,0.11140000000000241
18.583333333333332,1.0077601645504837,-0.026273610730824,10.004552329255793,0.027771616268875962,44.698980658599396,394.1773326518536,7673.043421597691,0.00694968531300423,-0.003991361312619453,-0.003244438045078272,0.5,34.99596182426154,27.99870778376369,206.16692533535934,99.98846235503296,1.2893518435434424e-08,1.5485991255681807e-05,0.11150000000000242
18.6,1.003099809454964,-0.026337349601665217,9.998140508169323,0.026584203153778397,44.79035088374943,394.16981837710085,7673.047523081746,-0.004663298875595722,-0.00017623831601838814,-0.006409714801191304,0.5,34.99595820258071,27.99870662482583,206.1669272349874,99.98845200737345,1.2905092509359234e-08,1.5499879929439258e-05,0.11160000000000243
18.616666666666667,1.0010730493884474,-0.022021031275155287,9.99808614776677,0.0221300539900428,44.85114352725309,394.1623060722612,7673.051636633447,-0.0020267830071693965,0.004314707488034078,-0.0001298393806311211,0.5,34.995954580899884,27.998705465887962,206.1669291424578,99.98844165971394,1.291666658328391e-08,1.5513768603003812e-05,0.11170000000000244
18.633333333333333,1.0028289712484606,-0.03216688336594411,10.004436009773302,0.03259442722673404,44.807836626152394,394.1547957520178,7673.055762259021,0.001758924574942801,-0.010033264270324069,0.00652630540091572,0.5,34.99595095921905,27.9987043069501,206.16693105767726,99.98843131205444,1.2928240657208452e-08,1.552765727637547e-05,0.11180000000000244
18.65,1.0063981277585334,-0.025215587068390197,10.004783922154967,0.02645111053671385,44.931381974110394,394.14728743103615,7673.059899964644,0.0035693307306137075,0.006956327719917311,0.00022598236755436689,0.5,34.99594733753823,27.998703148012233,206.1669329805535,99.98842096439495,1.2939814731132859e-08,1.5541545949554227e-05,0.11190000000000246
18.666666666666668,1.0103657946432032,-0.023672530791948858,10.011621848947204,0.028336470292924167,44.94597804370902,394.13978112395944,7673.064049756435,0.003970584146169799,0.0016631557591364142,0.006809711453321571,0.5,34.99594371585741,27.99870198907437,206.16693491099542,99.98841061673545,1.2951388805057134e-08,1.5555434622540085e-05,0.11200000000000246
18.683333333333334,1.0062468437867071,-0.013349458211525217,10.00692640336018,0.016285460695058925,45.04865586385898,394.1322768454179,7673.06821164047,-0.004120467852491821,0.010238846706558698,-0.004876377090236873,0.5,34.99594009417659,27.99870083013651,206.16693684891302,99.98840026907597,1.2962962878981274e-08,1.5569323295333046e-05,0.11210000000000246
18.7,1.0014033279465386,-0.016660171596446772,10.005220188534986,0.017515225944598072,45.01997329146491,394.12477461001833,7673.0723856227605,-0.004843962672428701,-0.003340096730018135,-0.0016479520062868424,0.5,34.995936472495764,27.998699671198644,206.16693879421734,99.98838992141647,1.2974536952905281e-08,1.558321196793311e-05,0.11220000000000248
18.716666666666665,1.0123062867282016,-0.021102214051705107,9.996799884951125,0.024636849619209852,45.007139997269,394.11727443235,7673.076571709276,0.01090018399631489,-0.004589318421620799,-0.008340947400963304,0.5,34.995932850814945,27.998698512260784,206.16694074682047,99.98837957375699,1.2986111026829153e-08,1.5597100640340276e-05,0.11230000000000248
18.733333333333334,1.0174411872187126,-0.014825667278112348,9.991134502022001,0.024546944011445578,45.122781735042906,394.1097763269823,7673.080769905927,0.0051331242269626156,0.006175217147398628,-0.005775663904080427,0.5,34.995929229134134,27.99869735332292,206.16694270663552,99.98836922609752,1.2997685100752892e-08,1.561098931255454e-05,0.11240000000000248
18.75,1.0180861822724059,-0.01209787053037893,9.991881608475362,0.02322381819404454,45.16063444568934,394.1022803084664,7673.084980218574,0.0006451705879962173,0.0027406367990421504,0.0006985363683591521,0.5,34.995925607453316,27.99869619438506,206.16694467357672,99.98835887843805,1.3009259174676497e-08,1.562487798457591e-05,0.1125000000000025
18.766666666666666,1.0079275839672812,-0.011386551453603367,9.990727071447376,0.016687502396326603,45.218916344462734,394.0947863913374,7673.089202653025,-0.010158834942835976,0.0006907964022095217,-0.0011669322462288508,0.5,34.995921985772505,27.998695035447202,206.1669466475592,99.98834853077858,1.3020833248599967e-08,1.563876665640438e-05,0.1126000000000025
18.783333333333335,1.0027254695227914,-0.026880697154121242,9.994497412213423,0.027573021159632234,45.162073244489456,394.08729459010533,7673.093437215034,-0.005200855362598097,-0.015425608797562785,0.004041610550289145,0.5,34.99591836409169,27.99869387650934,206.16694862849923,99.98833818311911,1.3032407322523304e-08,1.5652655328039954e-05,0.1127000000000025
18.8,1.0060403809632887,-0.029164001618488828,9.999008412753286,0.029799419226298106,45.25059881830661,394.07980491926617,7673.0976839103005,0.003317117691680861,-0.0022038808239453703,0.004550330718294683,0.5,34.99591474241088,27.99869271757148,206.16695061631398,99.98832783545967,1.3043981396446506e-08,1.5666543999482626e-05,0.11280000000000252
18.816666666666666,1.002074767002431,-0.018621773759726082,9.999265026749866,0.01875139459742487,45.37733353425642,394.07231739329455,7673.101942744477,-0.0039655069519540145,0.010545105907915313,7.184086258078449e-05,0.5,34.99591112073008,27.998691558633627,206.1669526109217,99.98831748780022,1.3055555470369575e-08,1.56804326707324e-05,0.11290000000000253
18.833333333333332,1.0062314229073246,-0.01234532790988092,9.997640559173588,0.0140285972129684,45.371616558286455,394.06483202664646,7673.1062137231565,0.004156216912321555,0.0062470133714712245,-0.0017342120108881731,0.5,34.99590749904927,27.998690399695764,206.16695461224145,99.98830714014076,1.306712954429251e-08,1.569432134178928e-05,0.11300000000000253
18.85,1.0100762301719377,-0.012676713551559174,9.993759242787743,0.017354037363111117,45.37621070010761,394.05734883375743,7673.110496851881,0.0038439597476197795,-0.0003996249230002157,-0.0038748848449883687,0.5,34.99590387736846,27.99868924075791,206.16695662019345,99.98829679248132,1.307870361821531e-08,1.570821001265326e-05,0.11310000000000255
18.866666666666667,1.0028450921673644,-0.011395696126860512,9.996414373260407,0.012280518091190904,45.459913249549246,394.0498678290462,7673.114792136143,-0.007230580247187312,0.0013274575543875482,0.00263221952686267,0.5,34.99590025568766,27.99868808182005,206.16695863469872,99.98828644482188,1.3090277692137977e-08,1.572209868332434e-05,0.11320000000000255
18.883333333333333,1.000807687373806,-0.013391052670710982,9.998756862000779,0.013472854375262817,45.46848317434342,394.0423890269101,7673.119099581376,-0.002036898101307909,-0.0019540948072109916,0.002377017978589548,0.5,34.99589663400686,27.998686922882193,206.1669606556793,99.98827609716245,1.310185176606051e-08,1.5735987353802522e-05,0.11330000000000255
18.9,1.00606728031773,-0.0073447455161208385,9.998224613932049,0.009690603188915943,45.530470781214646,394.0349124417277,7673.123419192963,0.005259496635213507,0.006036059005897271,-0.0006380517444713438,0.5,34.99589301232606,27.99868576394434,206.16696268305813,99.98826574950303,1.3113425839982908e-08,1.574987602408781e-05,0.11340000000000257
18.916666666666668,1.0115156419781022,-0.007994610224415102,9.998337230243271,0.014116866949953939,45.5350061025988,394.0274380878583,7673.127750976236,0.005448376739424717,-0.0006477812807688464,0.00012404025834758135,0.5,34.99588939064526,27.998684605006485,206.16696471675908,99.9882554018436,1.3124999913905172e-08,1.5763764694180195e-05,0.11350000000000257
18.933333333333334,1.0046649947435755,-0.01651689613843687,9.993179543154376,0.018468337467587567,45.56384662894663,394.0199659796422,7673.132094936468,-0.006851750488694699,-0.008611709090132612,-0.005006951112473913,0.5,34.99588576896446,27.99868344606863,206.1669667567069,99.98824505418419,1.3136573987827303e-08,1.577765336407968e-05,0.11360000000000257
18.95,1.0122259195145198,-0.01638448972729126,9.990141048480888,0.02269557368221597,45.61268863921325,394.01249613139964,7673.1364510788835,0.007560052373114539,7.890905285376658e-05,-0.0030403542529459796,0.5,34.99588214728367,27.998682287130777,206.16696880282726,99.98823470652478,1.31481480617493e-08,1.5791542033786272e-05,0.11370000000000259
18.966666666666665,1.0050844560370806,-0.011904638551673615,9.994889535511813,0.013917023954257689,45.72174719366131,394.00502855743,7673.1408194086525,-0.007140291231422492,0.0045627467486759965,0.004668890298345616,0.5,34.99587852560288,27.998681128192924,206.16697085504669,99.98822435886538,1.3159722135671162e-08,1.5805430703299965e-05,0.1138000000000026
18.983333333333334,1.0120038577806902,-0.023064486563420993,9.995318235259548,0.026418921958684696,45.63717068702434,393.9975632720161,7673.14519993089,0.006919532575398425,-0.011150573438747763,0.0006250634631711543,0.5,34.995874903922086,27.99867996925507,206.16697291329262,99.98821401120597,1.3171296209592892e-08,1.581931937262076e-05,0.1139000000000026
19.0,1.0063506589513302,-0.016553319286526338,9.99776963325303,0.017869350594370916,45.80833688669706,393.9901002894193,7673.149592650659,-0.005652351310715755,0.006553332704615471,0.0023363393171256038,0.5,34.995871282241296,27.998678810317216,206.16697497749334,99.98820366354657,1.3182870283514487e-08,1.5833208041748653e-05,0.11400000000000261
19.016666666666666,1.0105467787309639,-0.019354191890579683,9.997099437826746,0.022231109093153574,45.77003710454443,393.98263962387944,7673.153997572966,0.004195909774335798,-0.002812234114419556,-0.0006207966733693815,0.5,34.99586766056051,27.998677651379364,206.16697704757797,99.98819331588717,1.3194444357435949e-08,1.584709671068365e-05,0.11410000000000262
19.033333333333335,1.0123423142945427,-0.018235668756976676,9.994703401969709,0.02264741664754198,45.837196256178295,393.9751812896216,7673.158414702766,0.0017947495839104016,0.0010760537439194386,-0.0024154067059330513,0.5,34.99586403887972,27.99867649244151,206.16697912347655,99.98818296822779,1.3206018431357276e-08,1.586098537942575e-05,0.11420000000000262
19.05,1.0057431319893857,-0.030886549261544754,9.991874809702024,0.03244928422738676,45.826646483318854,393.9677253008476,7673.162844044961,-0.006600394851354295,-0.012698730875560817,-0.002605368763961229,0.5,34.99586041719894,27.998675333503662,206.1669812051198,99.9881726205684,1.321759250527847e-08,1.587487404797495e-05,0.11430000000000264
19.066666666666666,1.001750324281578,-0.02738676391635907,9.98792873029083,0.02998005873910233,45.94609932117165,393.9602716717385,7673.167285604398,-0.003994814411434433,0.003430121734105288,-0.004006781889801087,0.5,34.99585679551816,27.99867417456581,206.16698329243945,99.98816227290902,1.3229166579199528e-08,1.5888762716331253e-05,0.11440000000000264
19.083333333333332,1.002156538374703,-0.027243301929504755,9.989098339766734,0.029422494282997605,45.959780343539016,393.95282041645794,7673.17173938587,0.00040677168952257277,0.00016389241943292354,0.001166921861926245,0.5,34.995853173837375,27.99867301562796,206.1669853853679,99.98815192524965,1.3240740653120455e-08,1.5902651384494657e-05,0.11450000000000264
19.1,0.9943426503020175,-0.019857729621260974,9.98918964118632,0.023307082226060958,46.06111181416406,393.94537154914906,7673.176205394113,-0.007813850556805873,0.0073860420520623065,-3.738285744922673e-05,0.5,34.9958495521566,27.998671856690112,206.1669874838384,99.98814157759028,1.3252314727041245e-08,1.5916540052465165e-05,0.11460000000000266
19.116666666666667,1.0020301386840063,-0.02042345247440871,9.989606053102285,0.023005770642558064,46.016808104352044,393.9379250839353,7673.1806836338155,0.00768763477047984,-0.000558382793605007,0.00042620402032636463,0.5,34.995845930475824,27.99867069775226,206.166989587785,99.98813122993091,1.3263888800961903e-08,1.5930428720242773e-05,0.11470000000000266
19.133333333333333,0.9949389839104525,-0.019549810322138463,9.988160161775946,0.023409638563624935,46.10443453622336,393.93048103491964,7673.185174109605,-0.007091659156518036,0.0008483134525273142,-0.0014608957461048043,0.5,34.99584230879505,27.998669538814415,206.16699169714255,99.98812088227156,1.3275462874882426e-08,1.594431738782748e-05,0.11480000000000266
19.15,0.9961332691928938,-0.017834946358694915,9.985921479555053,0.02304904758632232,46.12638893199644,393.9230394161837,7673.189676826061,0.0011935549268686126,0.0016757091058316326,-0.0022681390967410073,0.5,34.99583868711427,27.998668379876566,206.16699381184665,99.9881105346122,1.3287036948802816e-08,1.5958206055219293e-05,0.11490000000000268
19.166666666666668,0.9963358445343092,-0.009967398399122581,9.991851445347542,0.013385783544584067,46.20780227060167,393.9156002417924,7673.194191787705,0.00020401407698826345,0.007969461228993318,0.005792278590442577,0.5,34.995835065433496,27.998667220938717,206.16699593183367,99.98810018695285,1.329861102272307e-08,1.5972094722418208e-05,0.11500000000000268
19.183333333333334,1.0079343022863312,-0.011352963649116258,9.990983636277285,0.016526450768143314,46.16336347075451,393.9081635257863,7673.198718999003,0.011598296331187806,-0.0014005310163724592,-0.000843443251344644,0.5,34.99583144375273,27.998666062000872,206.16699805704076,99.98808983929351,1.3310185096643193e-08,1.5985983389424223e-05,0.11510000000000269
19.2,1.0053702954859638,-0.01601770285207119,9.98891765436052,0.02020417330288995,46.22432563106962,393.90072928219104,7673.203258464369,-0.0025645002690929206,-0.004700315448881698,-0.001983710562186794,0.5,34.99582782207196,27.998664903063027,206.1670001874058,99.98807949163417,1.332175917056318e-08,1.599987205623734e-05,0.1152000000000027
19.216666666666665,1.0027087149276361,-0.0190209547766651,9.992680446042547,0.02055974566321219,46.27771117224754,393.89329752500726,7673.207810188164,-0.002660430010120945,-0.002936855800455632,0.0038148394573006353,0.5,34.99582420039119,27.99866374412518,206.16700232286738,99.98806914397484,1.3333333244483033e-08,1.6013760722857558e-05,0.1153000000000027
19.233333333333334,1.0045621719675224,-0.013895380711797297,9.996563269447437,0.01502339264871214,46.34970621042616,393.8858682682188,7673.212374174692,0.0018545723780130448,0.005192798671759246,0.003792448798091855,0.5,34.99582057871043,27.99866258518734,206.16700446336486,99.9880587963155,1.3344907318402752e-08,1.602764938928488e-05,0.11540000000000271
19.25,1.0133106551733635,-0.015412945203172625,9.993724041240707,0.021309565910020225,46.33165550782131,393.8784415257862,7673.216950428201,0.008747757052203067,-0.0015673233431982517,-0.0028120661214246284,0.5,34.99581695702966,27.99866142624949,206.16700660883834,99.98804844865617,1.3356481392322338e-08,1.6041538055519302e-05,0.11550000000000273
19.266666666666666,1.0041236163940683,-0.01809347680773663,9.987691785521184,0.022267784427416067,46.413119921357946,393.87101731165126,7673.221538952889,-0.009188802622650824,-0.0027863112044797882,-0.005984131171642679,0.5,34.9958133353489,27.998660267311646,206.16700875922857,99.98803810099686,1.3368055466241789e-08,1.6055426721560825e-05,0.11560000000000273
19.283333333333335,0.9991173214873613,-0.0232310228560156,9.98511536322732,0.027604660299123538,46.431174537102756,393.86359563973826,7673.226139752895,-0.005007224030336469,-0.005181798668329127,-0.0024862206350539763,0.5,34.99580971366814,27.998659108373804,206.1670109144771,99.98802775333753,1.3379629540161107e-08,1.606931538740945e-05,0.11570000000000273
19.3,1.0031935260338012,-0.021304571637862903,9.990564372036058,0.02351814715318381,46.48983651043119,393.8561765239462,7673.230752832305,0.0040783222856535135,0.0020213653103506083,0.005414516523852926,0.5,34.99580609198738,27.998657949435962,206.16701307452604,99.98801740567824,1.3391203614080291e-08,1.608320405306518e-05,0.11580000000000275
19.316666666666666,1.003251385887999,-0.02755321837530756,9.99432894633019,0.02831789775344167,46.496450801674634,393.8487599781556,7673.235378195151,5.94649355554537e-05,-0.006181776329763269,0.003873402203189953,0.5,34.99580247030662,27.99865679049812,206.16701523931832,99.98800705801892,1.3402777687999341e-08,1.609709271852801e-05,0.11590000000000275
19.333333333333332,1.01365240814036,-0.02339901987764287,10.003156074990322,0.027274177890447972,46.56789313964765,393.84134601622725,7673.2400158454075,0.0104049471943855,0.004308911614804022,0.0087526471448235,0.5,34.99579884862587,27.99865563156028,206.16701740879745,99.98799671035961,1.3414351761918257e-08,1.6110981383797943e-05,0.11600000000000275
19.35,1.0143386142508253,-0.026579158938826827,10.00437648757745,0.030516066194532905,46.590851814319414,393.83393465200254,7673.244665786998,0.0006867383835055702,-0.003158043863648177,0.0012764991226430263,0.5,34.99579522694511,27.998654472622434,206.1670195829077,99.98798636270033,1.342592583583704e-08,1.6124870048874977e-05,0.11610000000000277
19.366666666666667,1.0055009592602449,-0.024487742856392353,10.000452970386375,0.02510211837725846,46.682673408154756,393.82652589929756,7673.249328023788,-0.008839403495194102,0.0020219372097166543,-0.003959769611610263,0.5,34.99579160526436,27.998653313684596,206.1670217615939,99.98797601504103,1.3437499909755687e-08,1.6138758713759113e-05,0.11620000000000277
19.383333333333333,1.0060089711689695,-0.01681279561237482,9.99735087792203,0.018049681477025632,46.7282430336446,393.81911977191453,7673.254002559589,0.0005068938675057733,0.007619314320116815,-0.0032363314296318143,0.5,34.99578798358361,27.998652154746754,206.16702394480166,99.98796566738174,1.3449073983674202e-08,1.615264737845035e-05,0.11630000000000278
19.4,1.0027189949352682,-0.022576743077777257,9.999656662548473,0.022742466273045953,46.710313757823855,393.8117162836287,7673.258689398158,-0.0032891836475076935,-0.00572264483353941,0.0024064639434454387,0.5,34.995784361902864,27.998650995808916,206.16702613247713,99.98795531972246,1.3460648057592582e-08,1.616653604294869e-05,0.11640000000000279
19.416666666666668,0.9933439695002397,-0.023116882719674815,10.002607305851342,0.024196777670021836,46.79600819883201,393.80431544819754,7673.263388543195,-0.009373848880729016,-0.0004886632392970751,0.002959603630895518,0.5,34.995780740222116,27.998649836871078,206.16702832456716,99.98794497206318,1.3472222131510828e-08,1.618042470725413e-05,0.1165000000000028
19.433333333333334,1.0063275413492896,-0.017146132837087893,10.006132147914872,0.019278031393557705,46.81097579171953,393.7969172793599,7673.268099998346,0.012984810396965646,0.00603134772109332,0.003420118359063954,0.5,34.99577711854137,27.99864867793324,206.1670305210192,99.9879346244039,1.348379620542894e-08,1.6194313371366675e-05,0.1166000000000028
19.45,1.0143436699945518,-0.010093898919594124,10.006255031582672,0.018621731529675594,46.86882690306238,393.7895217908304,7673.272823767202,0.008016157869521246,0.007053304316654579,-1.4858520361757472e-06,0.5,34.99577349686063,27.9986475189954,206.16703272178137,99.98792427674465,1.3495370279346918e-08,1.620820203528632e-05,0.11670000000000282
19.466666666666665,1.0069344900491184,-0.014835606262407037,10.011486187374128,0.0200033868678692,46.89127809707652,393.7821289963052,7673.277559853298,-0.007408041912727742,-0.0046487022591805835,0.005313976455402955,0.5,34.99576987517988,27.998646360057563,206.16703492680236,99.98791392908538,1.3506944353264762e-08,1.6222090699013067e-05,0.11680000000000282
19.483333333333334,1.0052617174122,-0.017248497080789633,10.015750486654904,0.023943665047530694,46.928115129388246,393.77473890945686,7673.282308260115,-0.001671578690307405,-0.0023376427587955516,0.004306009219203825,0.5,34.99576625349914,27.998645201119725,206.1670371360315,99.98790358142612,1.3518518427182472e-08,1.6235979362546918e-05,0.11690000000000282
19.5,1.0046650844316165,-0.010068979294224569,10.015538846652284,0.01909491680639903,47.01459203185013,393.7673515439415,7673.287068991076,-0.0005966834334390252,0.007174701481025413,-0.0003375291548965422,0.5,34.9957626318184,27.998644042181887,206.16703934941867,99.98789323376687,1.3530092501100048e-08,1.624986802588787e-05,0.11700000000000284
19.516666666666666,1.0040847320397515,-0.015145437502199375,10.014656659975367,0.02146864731403269,46.9888690293788,393.75996691339,7673.291842049552,-0.0005805465058394049,-0.005091141892983816,-0.0007930671434518562,0.5,34.99575901013767,27.998642883244052,206.16704156691443,99.98788288610761,1.354166657501749e-08,1.626375668903592e-05,0.11710000000000284
19.533333333333335,1.0060499114447223,-0.028577217305229715,10.001755832545737,0.029263407543651334,46.97043494820791,393.7525850314144,7673.296627438855,0.0019602570668868424,-0.013656004619646892,-0.012663237188487192,0.5,34.99575538845693,27.998641724306218,206.1670437884699,99.98787253844837,1.3553240648934799e-08,1.6277645351991075e-05,0.11720000000000284
19.55,1.0067126684010055,-0.0257944957724369,9.996665966697336,0.02686115466341388,47.10638986232377,393.74520591160564,7673.301425162243,0.000660341903054973,0.0026928950932432107,-0.005137955208216098,0.5,34.995751766776195,27.99864056536838,206.16704601403674,99.98786219078913,1.3564814722851973e-08,1.6291534014753333e-05,0.11730000000000286
19.566666666666666,1.008402857299396,-0.022096292597341735,9.987843847901733,0.0265817003351729,47.14689410750527,393.73782956753297,7673.306235222919,0.0016865019060622178,0.0035425006588662425,-0.008885784302685606,0.5,34.99574814509547,27.99863940643055,206.16704824356722,99.9878518431299,1.3576388796769013e-08,1.630542267732269e-05,0.11740000000000286
19.583333333333332,1.0125674924529646,-0.02247259786590997,9.989182444664793,0.02792714980686291,47.164966370587386,393.7304560127454,7673.311057624029,0.0041651557851204,-0.0003526400879524203,0.001345024776453104,0.5,34.995744523414736,27.998638247492718,206.16705047701416,99.98784149547068,1.3587962870685919e-08,1.631931133969915e-05,0.11750000000000287
19.6,1.0087229967380729,-0.021318197000166968,9.989682962821819,0.02523814499352443,47.23511970721596,393.7230852607712,7673.315892368665,-0.003844304444938567,0.0011630495073563561,0.000480078736349235,0.5,34.995740901734,27.99863708855488,206.167052714331,99.98783114781145,1.3599536944602693e-08,1.6333200001882712e-05,0.11760000000000288
19.616666666666667,1.009032804223381,-0.025495162507448883,9.99380194718119,0.027748618064236126,47.2379507172192,393.7157173251156,7673.32073945986,0.00031149018770086493,-0.004103793675535139,0.004191890706085469,0.5,34.99573728005328,27.99863592961705,206.16705495547163,99.98782080015222,1.361111101851933e-08,1.6347088663873377e-05,0.11770000000000289
19.633333333333333,1.008626430174077,-0.023699956723574146,9.999470713951995,0.025226602934298303,47.31356374481511,393.70835221926586,7673.325598900596,-0.0004039404001672109,0.0018947345846509942,0.00563628028939317,0.5,34.99573365837255,27.998634770679214,206.1670572003906,99.98781045249301,1.3622685092435836e-08,1.6360977325671143e-05,0.11780000000000289
19.65,1.007809655905407,-0.02307151583190269,10.000144309037564,0.024357890807745176,47.34595337479947,393.70098995668536,7673.330470693794,-0.0008164993354037805,0.0006401960519190322,0.0006624328141193861,0.5,34.99573003669183,27.998633611741383,206.16705944904288,99.9878001048338,1.3634259166352207e-08,1.6374865987276012e-05,0.1179000000000029
19.666666666666668,1.0121841944189442,-0.030314919039647767,9.995066660592913,0.0330417151619763,47.32661893557514,393.6936305508157,7673.335354842322,0.004372172917867829,-0.007331780833310167,-0.004949180575014335,0.5,34.995726415011106,27.998632452803555,206.16706170138409,99.9877897571746,1.3645833240268444e-08,1.638875464868798e-05,0.11800000000000291
19.683333333333334,1.0106729397041216,-0.038650291316601464,9.98891485148966,0.0415999681984426,47.376758469398716,393.6862740150793,7673.340251348992,-0.0015149570887018787,-0.008442664334233008,-0.006003714850572755,0.5,34.99572279333039,27.998631293865724,206.1670639573703,99.9877794095154,1.3657407314184546e-08,1.6402643309907053e-05,0.11810000000000291
19.7,1.008771640284262,-0.03377275342363304,9.987004197288469,0.037233912343167634,47.49200601590612,393.67892036287674,7673.345160216558,-0.001902506973076098,0.004843110840902985,-0.001996309430423633,0.5,34.99571917164967,27.998630134927893,206.16706621695818,99.9877690618562,1.3668981388100516e-08,1.6416531970933226e-05,0.11820000000000293
19.716666666666665,1.0081615630574179,-0.030367324252267652,9.99067550159168,0.03279773494634034,47.52456539145615,393.6715696075857,7673.35008144772,-0.0006080222959884382,0.003469517199844891,0.003610798988294873,0.5,34.995715549968956,27.998628975990066,206.16706848010483,99.98775871419701,1.368055546201635e-08,1.6430420631766502e-05,0.11830000000000293
19.733333333333334,1.0077887230038398,-0.027900616041935708,9.99521698574883,0.029359285836413184,47.5600084190457,393.6642217625659,7673.35501504512,-0.00037053078299470346,0.0025462183635653305,0.004497387518346629,0.5,34.99571192828824,27.998627817052235,206.16707074676793,99.98774836653782,1.3692129535932052e-08,1.6444309292406882e-05,0.11840000000000293
19.75,1.0120421355835207,-0.026619496217392496,9.997906630264017,0.02929131421511417,47.58051734597205,393.65687684115113,7673.359961011347,0.004254692254559634,0.001328326970071934,0.002666646107353456,0.5,34.995708306607526,27.998626658114407,206.1670730169056,99.98773801887864,1.3703703609847618e-08,1.6458197952854362e-05,0.11850000000000295
19.766666666666666,1.0056885712589567,-0.02641500243458483,9.997438557577825,0.027141600172209086,47.64229653645031,393.6495348566584,7673.364919348928,-0.0063537809613367895,0.00019622067559960698,-0.00047160062246820634,0.5,34.995704684926814,27.99862549917658,206.1670752904765,99.98772767121947,1.3715277683763052e-08,1.6472086613108942e-05,0.11860000000000295
19.783333333333335,1.0032231329255688,-0.013524788482694318,10.004200691203922,0.01452437569952058,47.74493354713724,393.64219582237956,7673.36989006034,-0.002463081456855401,0.013006774536865356,0.006535126600098011,0.5,34.9957010632461,27.998624340238752,206.16707756743978,99.9877173235603,1.372685175767835e-08,1.6485975273170625e-05,0.11870000000000296
19.8,0.9956797046808851,-0.006296620047153654,10.005935265058804,0.009671448983714647,47.76583507366593,393.63485975158585,7673.374873147999,-0.007543128218671754,0.007257324665561622,0.0016082302041809575,0.5,34.99569744156539,27.998623181300925,206.16707984775508,99.98770697590112,1.3738425831593515e-08,1.6499863933039412e-05,0.11880000000000297
19.816666666666666,0.9995975571912505,-0.012682282037293015,10.006206538230145,0.014125254067735984,47.701133866409045,393.6275266575282,7673.379868614267,0.003917897440742109,-0.00637997082974636,0.00038241407893185533,0.5,34.99569381988469,27.998622022363104,206.16708213138247,99.98769662824198,1.3749999905508545e-08,1.65137525927153e-05,0.11890000000000298
19.833333333333332,1.0116824113563105,-0.017089809848776324,10.00584128764821,0.02151002844479506,47.72979876996046,393.6201965534333,7673.384876461449,0.012084759313920201,-0.004413259406902964,-0.0002878385517530133,0.5,34.99569019820398,27.998620863425273,206.1670844182826,99.9876862805828,1.3761573979423443e-08,1.652764125219829e-05,0.11900000000000298
19.85,1.0115793574362337,-0.01575458398477614,9.999833201156074,0.01955289547133547,47.83104582052997,393.61286945251095,7673.389896691792,-0.00010477596625650044,0.001228942744666937,-0.006030723691317446,0.5,34.99568657652328,27.998619704487453,206.16708670841646,99.98767593292366,1.3773148053338205e-08,1.654152991148838e-05,0.119100000000003
19.866666666666667,1.0070042325856627,-0.013761863900856996,9.99970414602062,0.015444584794244246,47.890873973403586,393.60554536794314,7673.39492930749,-0.0045751580949716306,0.0019901376700242877,-0.00016413598401527507,0.5,34.99568295484258,27.998618545549625,206.1670890017456,99.98766558526451,1.3784722127252835e-08,1.6555418570585574e-05,0.119200000000003
19.883333333333333,1.0060437826192294,-0.007601249558091831,9.99364497454013,0.011605496517690345,47.94051816271335,393.59822431289496,7673.399974310677,-0.0009615795676978395,0.006053226828996912,-0.006166455387327884,0.5,34.99567933316188,27.9986173866118,206.167091298232,99.98765523760537,1.3796296201167329e-08,1.656930722948987e-05,0.119300000000003
19.9,1.0045127341804538,-0.010425912816073071,9.992205627089774,0.013777165000342324,47.93709244926608,393.59090630050656,7673.405031703431,-0.0015312748722121092,-0.0028494811486153688,-0.0013895685455363282,0.5,34.995675711481184,27.998616227673978,206.16709359783806,99.98764488994624,1.380787027508169e-08,1.6583195888201266e-05,0.11940000000000302
19.916666666666668,1.0058395885783142,-0.007425894712815215,9.990862002066487,0.013143089129400308,48.001314017882144,393.58359134389923,7673.410101487772,0.001326645079402026,0.002975985588926213,-0.0013960467616605694,0.5,34.995672089800486,27.998615068736157,206.16709590052668,99.9876345422871,1.3819444348995918e-08,1.6597084546719767e-05,0.11950000000000302
19.933333333333334,1.0051570861761743,-0.01764827603109664,9.994322562934132,0.019242698817111097,47.97915851746374,393.57627945617025,7673.415183665669,-0.0006817451849977239,-0.010160080107546012,0.0036394139131186807,0.5,34.99566846811979,27.998613909798333,206.16709820626116,99.98762419462797,1.3831018422910012e-08,1.661097320504537e-05,0.11960000000000302
19.95,1.0028687652304993,-0.015419888942401221,10.000918167822269,0.01571135022361251,48.0930055217878,393.5689706503954,7673.420278239028,-0.002286417624741986,0.0023436160159068615,0.006555545235746861,0.5,34.9956648464391,27.998612750860513,206.16710051500527,99.98761384696884,1.3842592496823972e-08,1.662486186317807e-05,0.11970000000000304
19.966666666666665,0.9979368001424195,-0.0219736765617718,10.004492095319257,0.02252275776815709,48.09171936620096,393.56166493962985,7673.4253852097,-0.004930798845624975,-0.006490389902167217,0.003687807982820501,0.5,34.99566122475841,27.99861159192269,206.16710282672318,99.98760349930973,1.3854166570737797e-08,1.6638750521117875e-05,0.11980000000000304
19.983333333333334,0.9951458450694779,-0.024401180117863897,10.00394272761566,0.025189627978272875,48.14619700208158,393.5543623369047,7673.43050457948,-0.0027911774009321934,-0.002436691019578684,-0.0005070653013632103,0.5,34.99565760307772,27.99861043298487,206.16710514137952,99.98759315165061,1.3865740644651489e-08,1.6652639178864783e-05,0.11990000000000305
20.0,1.0086475423416172,-0.026216102242109476,10.005336859248786,0.028117026615631913,48.147030554217345,393.54706285522974,7673.435636350105,0.01350231314920303,-0.001790267572675304,0.0014256531978350802,0.5,34.99565398139703,27.99860927404705,206.1671074589393,99.9875828039915,1.3877314718565047e-08,1.6666527836418792e-05,0.12000000000000306
20.016666666666666,1.0029602682244259,-0.02220585862932712,9.99975455549051,0.02240364482660287,48.266914721502566,393.53976650759483,7673.440780523255,-0.005689632987465732,0.003911635718643316,-0.0056518377313025695,0.5,34.99565035971634,27.998608115109228,206.167109779368,99.9875724563324,1.388888879247847e-08,1.6680416493779904e-05,0.12010000000000307
20.033333333333335,1.0018746637575915,-0.017506278854924024,9.995725074780731,0.0181178557132763,48.299638286779114,393.53247330696604,7673.445937100554,-0.001087000898595819,0.004628366423882201,-0.004111081027126939,0.5,34.99564673803565,27.998606956171407,206.16711210263142,99.9875621086733,1.390046286639176e-08,1.6694305150948116e-05,0.12020000000000307
20.05,0.995412725265411,-0.01359905739481003,10.001475369199122,0.014427493105494477,48.35645953883323,393.5251832662849,7673.451106083567,-0.006460377608843237,0.004006848363879663,0.005681322860780329,0.5,34.99564311635497,27.99860579723359,206.16711442869587,99.9875517610142,1.3912036940304916e-08,1.670819380792343e-05,0.12030000000000309
20.066666666666666,0.9943030175545702,-0.02463010656705147,10.001656303079221,0.02533450295040084,48.29877753890095,393.51789639847635,7673.456287473804,-0.0011096473490918909,-0.011026244862521462,0.0003724350962446262,0.5,34.99563949467429,27.998604638295774,206.16711675752802,99.98754141335512,1.3923611014217937e-08,1.6722082464705847e-05,0.12040000000000309
20.083333333333332,0.9973355000423921,-0.020563434690145245,9.99770702998959,0.020861790643108315,48.406914698818184,393.5106127164373,7673.461481272717,0.0030309249424635126,0.003997421485954399,-0.004019352833099234,0.5,34.99563587299361,27.998603479357957,206.1671190890949,99.98753106569603,1.3935185088130825e-08,1.6735971121295366e-05,0.12050000000000309
20.1,0.9943746938088989,-0.029080530543373465,9.992578123654356,0.030535663752152085,48.395378590575476,393.50333223304807,7673.466687481699,-0.0029630282061981145,-0.008604950177533535,-0.00498010341131625,0.5,34.995632251312934,27.99860232042014,206.16712142336402,99.98752071803696,1.3946759162043579e-08,1.674985977769199e-05,0.12060000000000311
20.116666666666667,0.9883581622780312,-0.02884315926619188,9.998528585494432,0.03113894507224214,48.49801082141843,393.49605496116357,7673.4719061020905,-0.006013523699734177,0.00034028910632987196,0.005945463453081754,0.5,34.99562862963226,27.99860116148232,206.16712376030318,99.98751037037788,1.3958333235956198e-08,1.6763748433895712e-05,0.12070000000000311
20.133333333333333,0.9959698950140801,-0.020637014697101084,9.998655878350043,0.02106980614614059,48.5410306325759,393.4887809136147,7673.47713713517,0.007611787711785084,0.008207118435845527,-1.4821079729609775e-05,0.5,34.99562500795158,27.998600002544507,206.1671260998806,99.9875000227188,1.3969907309868684e-08,1.6777637089906535e-05,0.12080000000000311
20.15,0.9971340802475309,-0.022515042396632632,9.9959511363444,0.02305511843493156,48.54313221585797,393.48151010321453,7673.482380582159,0.0011631667014131684,-0.001924785145172486,-0.0026716696036764623,0.5,34.99562138627091,27.99859884360669,206.1671284420649,99.98748967505975,1.3981481383781035e-08,1.679152574572446e-05,0.12090000000000313
20.166666666666668,1.0036226359350957,-0.013884274708277298,10.000258031598424,0.01435142425328149,48.63007744756008,393.47424254275205,7673.4876364442225,0.006489923753767854,0.008704646335605457,0.0041555539489605,0.5,34.99561776459024,27.99859768466888,206.16713078682506,99.98747932740069,1.3993055457693253e-08,1.680541440134949e-05,0.12100000000000313
20.183333333333334,1.0070215374755866,-0.024058290313687076,9.998855800905323,0.02508802769942384,48.57438528903336,393.466978244991,7673.492904722471,0.003398437247005726,-0.010197052076698502,-0.0012235088220980766,0.5,34.99561414290957,27.99859652573106,206.16713313413044,99.98746897974162,1.4004629531605337e-08,1.681930305678162e-05,0.12110000000000314
20.2,1.0116209119430042,-0.026087334056245505,9.99732036519878,0.028683808156880288,48.655495920981025,393.4597172226757,7673.498185417954,0.004598702558443531,-0.0020557757244120275,-0.0014994555845091488,0.5,34.995610521228905,27.99859536679325,206.16713548395072,99.98745863208258,1.4016203605517286e-08,1.6833191712020854e-05,0.12120000000000315
20.216666666666665,1.011084438767498,-0.027150417430799774,9.997481877328118,0.029433614424484514,48.716241070234254,393.4524594885288,7673.503478531662,-0.0005363981390727627,-0.0010600669924372022,0.0001802509228411989,0.5,34.995606899548235,27.998594207855437,206.16713783625596,99.98744828442354,1.4027777679429102e-08,1.684708036706719e-05,0.12130000000000316
20.233333333333334,1.0113303439132877,-0.024220860820917522,9.998516825414653,0.026780953888521242,48.77673536773261,393.445205055248,7673.508784064531,0.00024636911193908606,0.002947365111498619,0.0009830860395333555,0.5,34.99560327786757,27.998593048917623,206.1671401910166,99.9874379367645,1.4039351753340784e-08,1.686096902192063e-05,0.12140000000000316
20.25,1.0091388473187208,-0.021189541844322268,10.002284493422032,0.023189261346858493,48.82613569346159,393.43795393550863,7673.514102017439,-0.0021900035414321333,0.003097275568250103,0.003713636871019925,0.5,34.995599656186904,27.99859188997981,206.16714254820346,99.98742758910545,1.4050925827252333e-08,1.6874857676581166e-05,0.12150000000000317
20.266666666666666,1.0050883558236854,-0.027104960611960424,9.9979921002936,0.027651348555099528,48.81882354201718,393.43070614196733,7673.519432391206,-0.004052300521634067,-0.005989950393017987,-0.004187757058076681,0.5,34.99559603450625,27.998590731042,206.16714490778762,99.98741724144642,1.4062499901163747e-08,1.6888746331048806e-05,0.12160000000000318
20.283333333333335,1.0061670091778065,-0.019074205155399416,10.002894464588202,0.020254411162583953,48.92606984782348,393.4234616872519,7673.524775186594,0.0010806289541875414,0.008115558033745017,0.00476066414950749,0.5,34.99559241282559,27.998589572104187,206.16714726974058,99.9874068937874,1.4074073975075028e-08,1.690263498532355e-05,0.12170000000000318
20.3,1.0078738729063108,-0.017208986658129668,10.008169115727142,0.020613123657568223,48.931994207285726,393.4162205839734,7673.530130404307,0.0017085338444544965,0.0019576319669857233,0.005241055144426288,0.5,34.99558879114493,27.99858841316638,206.16714963403413,99.98739654612837,1.4085648048986173e-08,1.6916523639405395e-05,0.1218000000000032
20.316666666666666,1.0015439574916571,-0.02357517053495091,10.01523789498374,0.02811361931471574,48.95117381279878,393.4089828447159,7673.535498044991,-0.006327399579589683,-0.006241257072026718,0.007179320427708537,0.5,34.99558516946427,27.998587254228564,206.1671520006404,99.98738619846935,1.4097222122897187e-08,1.6930412293294342e-05,0.1219000000000032
20.333333333333332,1.0028906135226794,-0.013563983807289353,10.012091327190092,0.01839961325626222,49.05301887828173,393.40174848204384,7673.5408781092365,0.001345636227650412,0.009954618305061358,-0.0033211929396448404,0.5,34.99558154778362,27.998586095290758,206.16715436953194,99.98737585081034,1.4108796196808064e-08,1.6944300946990394e-05,0.1220000000000032
20.35,1.0007975562014764,-0.0195571724458148,10.012285008936564,0.023109389385652216,49.01873908249678,393.3945175084984,7673.546270597572,-0.002093001340320735,-0.005988886038594753,0.00029844055866007146,0.5,34.99557792610297,27.99858493635295,206.16715674068146,99.98736550315134,1.412037027071881e-08,1.6958189600493545e-05,0.12210000000000322
20.366666666666667,0.9836196038841816,-0.017625368293319003,10.01235584507798,0.027047654711741028,49.14288766274414,393.3872899365956,7673.551675510474,-0.017177929461136113,0.0019327411479251582,3.7373544147162716e-05,0.5,34.99557430442231,27.99858377741514,206.16715911406217,99.98735515549232,1.4131944344629419e-08,1.6972078253803796e-05,0.12220000000000322
20.383333333333333,0.9838197411811869,-0.02012280668359263,10.007869890575327,0.026992935638924468,49.109778486004906,393.3800657788329,7673.557092848352,0.00019865955646338891,-0.002574086527896122,-0.004442416314174755,0.5,34.995570682741665,27.998582618477332,206.16716148964744,99.98734480783334,1.4143518418539896e-08,1.698596690692115e-05,0.12230000000000324
20.4,0.9923511437965675,-0.0244670734313325,10.001888270176716,0.025704125640079283,49.1169940869179,393.37284504767973,7673.562522611568,0.00852907506239503,-0.004446770763926979,-0.0059058158590792375,0.5,34.99556706106102,27.998581459539526,206.1671638674111,99.98733446017434,1.4155092492450238e-08,1.699985555984561e-05,0.12240000000000324
20.416666666666668,0.9865494718245122,-0.024712000249939896,9.992979163441973,0.02899883671506584,49.21681036915812,393.365627755587,7673.567964800417,-0.00580549548381248,-0.0003987354776926506,-0.008903548050147274,0.5,34.995563439380376,27.99858030060172,206.1671662473272,99.98732411251535,1.4166666566360447e-08,1.701374421257717e-05,0.12250000000000325
20.433333333333334,0.9949383684025971,-0.02663123836894946,9.991449377441025,0.028424922606183328,49.21425682282562,393.35841391498127,7673.573419415143,0.008388211165923252,-0.0019454025474253398,-0.001496371831701715,0.5,34.99555981769973,27.998579141663914,206.1671686293701,99.98731376485637,1.417824064027052e-08,1.702763286511583e-05,0.12260000000000326
20.45,0.9969976204509775,-0.02621528935844407,9.995192008029829,0.026821242724576307,49.28769413613108,393.351203538266,7673.578886455926,0.0020609780485443363,0.0004809407370455463,0.003734834714771945,0.5,34.99555619601909,27.998577982726108,206.16717101351455,99.9873034171974,1.4189814714180462e-08,1.7041521517461596e-05,0.12270000000000326
20.466666666666665,0.9985030617951437,-0.022561692092593826,9.996326642887862,0.02290778229139887,49.34567764028295,393.34399663782307,7673.584365922892,0.001505924312303203,0.003672800871098247,0.0010708420906314251,0.5,34.99555257433845,27.998576823788305,206.1671733997355,99.98729306953842,1.4201388788090268e-08,1.705541016961446e-05,0.12280000000000327
20.483333333333334,0.9879684247440965,-0.023355900454325975,9.991589914206711,0.02758672995812614,49.39150108081264,393.3367932260074,7673.589857816107,-0.010536535119076249,-0.0008761972153788536,-0.0047222495253408355,0.5,34.995548952657806,27.9985756648505,206.16717578800822,99.98728272187944,1.421296286199994e-08,1.7069298821574427e-05,0.12290000000000328
20.5,0.9934780324322532,-0.02583810167198803,9.986604039638856,0.029826744824393434,49.37938712818635,393.32959331515616,7673.595362135578,0.005507467263216586,-0.0025680385106033677,-0.00494221021756253,0.5,34.995545330977166,27.998574505912693,206.16717817830835,99.98727237422048,1.4224536935909478e-08,1.7083187473341497e-05,0.12300000000000329
20.516666666666666,0.992781353888113,-0.03518763895595711,9.98121052584655,0.040538949206024216,49.399563712254945,393.3223969175797,7673.600878881257,-0.0006995508600713862,-0.00944161597010005,-0.005230651843129262,0.5,34.99554170929653,27.99857334697489,206.16718057061172,99.98726202656152,1.4236111009818884e-08,1.709707612491567e-05,0.12310000000000329
20.533333333333335,0.991150920712014,-0.02985937025693324,9.979213469037598,0.03744414384117632,49.523732272085766,393.31520404556767,7673.606408053033,-0.0016315667899491674,0.005292896707004337,-0.0020890013039697175,0.5,34.9955380876159,27.998572188037087,206.16718296489452,99.98725167890257,1.4247685083728153e-08,1.7110964776296942e-05,0.1232000000000033
20.55,0.9987272600408161,-0.03301485332564686,9.987839014299048,0.035206517759638456,49.500051230874746,393.30801471138466,7673.611949650741,0.007581072013367605,-0.0030052326083176394,0.008679035645605253,0.5,34.99553446593527,27.99857102909929,206.16718536113314,99.98724133124362,1.425925915763729e-08,1.712485342748532e-05,0.12330000000000331
20.566666666666666,1.0007511428757345,-0.021074340482388897,9.990975555672513,0.022937526927648253,49.63370702894602,393.30082892727387,7673.617503674155,0.0020253633367500663,0.011993421153184327,0.0029277272395675036,0.5,34.99553084425464,27.998569870161486,206.16718775930434,99.98723098358468,1.4270833231546294e-08,1.7138742078480798e-05,0.12340000000000331
20.583333333333332,1.0005632560440303,-0.021212692544741372,9.995778515064414,0.021635980048300144,49.61619940424318,393.2936467054533,7673.623070122991,-0.00018611442455976896,-5.445268624914639e-05,0.00480464275508971,0.5,34.995527222574005,27.99856871122368,206.16719015938514,99.98722063592574,1.4282407305455163e-08,1.7152630729283378e-05,0.12350000000000333
20.6,0.9941979585193347,-0.028900829552966557,9.997914625732124,0.029551252397664814,49.63127659393515,393.2864680581205,7673.628648996906,-0.006364363360983877,-0.00764978959086482,0.002269611900775909,0.5,34.99552360089338,27.99856755228588,206.1671925613528,99.98721028826681,1.4293981379363898e-08,1.7166519379893058e-05,0.12360000000000333
20.616666666666667,0.9953344620404787,-0.022091194044875723,10.000737974631175,0.022590515012429885,49.73006457070337,393.2792929974478,7673.634240295501,0.0011377598813396696,0.006857625566394467,0.0027047005226876327,0.5,34.99551997921276,27.998566393348085,206.16719496518485,99.98719994060788,1.4305555453272499e-08,1.718040803030984e-05,0.12370000000000334
20.633333333333333,0.9901468993417759,-0.019887336725100555,10.002667093218202,0.02235383666584518,49.76242187369622,393.2721215355834,7673.639844018315,-0.005186856004798606,0.0022369498986118883,0.0018906454668331752,0.5,34.99551635753213,27.998565234410282,206.1671973708591,99.98718959294894,1.4317129527180966e-08,1.719429668053373e-05,0.12380000000000335
20.65,0.9938143666242115,-0.017765933576922247,9.99501800440981,0.019460737100645584,49.7730344399234,393.26495368465595,7673.64546016483,0.003664953894338314,0.0019886606488943776,-0.007684668742467174,0.5,34.995512735851506,27.99856407547248,206.16719977835365,99.98717924529002,1.43287036010893e-08,1.7208185330564716e-05,0.12390000000000335
20.666666666666668,0.9946764023687662,-0.021529189562718706,9.995264052641721,0.02267786060762245,49.79410510161338,393.25778945676706,7673.651088734473,0.0008621201181098041,-0.003758419977754001,0.0003113111334537545,0.5,34.995509114170886,27.998562916534684,206.1672021876468,99.98716889763111,1.4340277674997499e-08,1.7222073980402806e-05,0.12400000000000336
20.683333333333334,0.9837610873594523,-0.005075617019978389,9.996936405084673,0.01728739973150192,49.9763185906803,393.25062886399775,7673.656729726605,-0.01091492677102524,0.01647999245149982,0.0013880443151766029,0.5,34.99550549249027,27.998561757596885,206.16720459871718,99.9871585499722,1.4351851748905564e-08,1.7235962630048e-05,0.12410000000000337
20.7,0.9942729643029403,-0.010670231213092018,9.992881590900913,0.014047494587219546,49.83683579993197,393.24347191840224,7673.662383140534,0.010511319807247725,-0.005663769866373078,-0.0039576428754149445,0.5,34.995501870809655,27.99856059865909,206.16720701154364,99.98714820231329,1.4363425822813495e-08,1.7249851279500295e-05,0.12420000000000338
20.716666666666665,0.9951868451667366,-0.021149043752660683,9.996898177924924,0.021910621122713227,49.881800742324444,393.2363186320141,7673.668048975508,0.0009149961718450349,-0.010407503657222502,0.00419789836824855,0.5,34.995498249129035,27.99855943972129,206.16720942610527,99.98713785465438,1.4374999896721292e-08,1.7263739928759692e-05,0.12430000000000338
20.733333333333334,1.0024638522242866,-0.02942445440410687,9.999649991767722,0.029529496128071136,49.91631581161139,393.2291690168437,7673.673727230715,0.007278221544645411,-0.00822618389524217,0.0028956516554143057,0.5,34.99549462744842,27.998558280783495,206.16721184238142,99.98712750699549,1.4386573970628955e-08,1.727762857782619e-05,0.1244000000000034
20.75,1.0021829711605894,-0.029313425900577606,10.000897692289332,0.02940831768683393,50.02163756121705,393.2220230848761,7673.679417905285,-0.0002802415115241249,0.00013283747644107725,0.0012455672266811285,0.5,34.99549100576781,27.9985571218457,206.16721426035167,99.9871171593366,1.4398148044536485e-08,1.729151722669979e-05,0.1245000000000034
20.766666666666666,0.9985823319705323,-0.025752292700214834,10.00680653778036,0.026674238073636378,50.09255937861931,393.2148808480725,7673.685120998289,-0.0035977997603619527,0.003663753428029504,0.005845770061717262,0.5,34.9954873840872,27.998555962907904,206.16721667999587,99.98710681167772,1.440972211844388e-08,1.7305405875380493e-05,0.1246000000000034
20.783333333333335,0.9897643796659812,-0.014848294749221638,10.006944290031287,0.01932471264443752,50.18341299241232,393.20774231837504,7673.690836508739,-0.008817903515374672,0.010904746682259546,-5.1460793781432246e-05,0.5,34.99548376240659,27.99855480397011,206.1672191012941,99.98709646401883,1.4421296192351141e-08,1.7319294523868298e-05,0.12470000000000342
20.8,0.9933455838677901,-0.020350521018661794,10.014219398684023,0.02570180240996122,50.10631557631871,393.20060750769636,7673.696564435589,0.003583438880713531,-0.005375506347990916,0.007369235152330157,0.5,34.99548014072599,27.998553645032317,206.1672215242267,99.98708611635996,1.4432870266258268e-08,1.7333183172163206e-05,0.12480000000000342
20.816666666666666,0.9858077999663974,-0.009817746737949206,10.013482933626074,0.02189893603767291,50.2586281327141,393.19347642792945,7673.702304777734,-0.007537977799800424,0.01051848427862742,-0.0009182616100784308,0.5,34.99547651904538,27.998552486094525,206.16722394877422,99.98707576870109,1.4444444340165261e-08,1.7347071820265215e-05,0.12490000000000342
20.833333333333332,0.9906585414879129,-0.018050950789318433,10.013636942671127,0.02447500227513598,50.16513269568035,393.1863490909431,7673.70805753401,0.004850778979452813,-0.008229323247582219,0.0002959847593249185,0.5,34.99547289736477,27.998551327156726,206.1672263749174,99.9870654210422,1.445601841407212e-08,1.7360960468174327e-05,0.12500000000000344
20.85,0.9994857503423779,-0.021640269819913606,10.007962504036142,0.023064380491355736,50.21664242619419,393.17922550857907,7673.713822703192,0.008825243409593135,-0.0036873223809652874,-0.005611248976964332,0.5,34.99546927568417,27.998550168218934,206.16722880263728,99.98705507338335,1.4467592487978846e-08,1.7374849115890542e-05,0.12510000000000343
20.866666666666667,0.9897440215662859,-0.01170870610746561,10.005767752797446,0.0165992100522581,50.38227606249387,393.1721056926614,7673.719600283997,-0.009742367526414551,0.00989196995463486,-0.002366816862764365,0.5,34.995465654003574,27.998549009281145,206.16723123191508,99.98704472572449,1.4479166561885438e-08,1.7388737763413858e-05,0.12520000000000345
20.883333333333333,0.9959799131177852,-0.016382395456138656,9.998669315314244,0.016920881301973695,50.29816003294675,393.1649896549862,7673.725390275086,0.006234151438844783,-0.004795988265942809,-0.007016386591864939,0.5,34.995462032322976,27.99854785034335,206.16723366273226,99.98703437806564,1.4490740635791896e-08,1.7402626410744273e-05,0.12530000000000346
20.9,0.9957568315797045,-0.015081542684965015,9.995240515283479,0.016374230143150603,50.39051463911272,393.15787740732543,7673.731192675057,-0.0002240229996655642,0.0012410626842964696,-0.0034508912065244006,0.5,34.99545841064238,27.99854669140556,206.1672360950705,99.98702403040679,1.450231470969822e-08,1.7416515057881793e-05,0.12540000000000345
20.916666666666668,1.0003241301159802,-0.0239976364281834,9.994136665643483,0.024705657299111283,50.36445208021036,393.1507689614305,7673.737007482451,0.004566922092666758,-0.008933968206122724,-0.0009483797089551875,0.5,34.99545478896178,27.99854553246777,206.16723852891172,99.98701368274794,1.451388878360441e-08,1.7430403704826415e-05,0.12550000000000347
20.933333333333334,1.00137260571609,-0.020162466499975277,9.996956553691026,0.020436980943450707,50.48558527594405,393.1436643290259,7673.742834695748,0.0010495622992340687,0.003883840399247569,0.0027524679064738723,0.5,34.99545116728119,27.99854437352998,206.16724096423803,99.98700333508911,1.4525462857510466e-08,1.7444292351578138e-05,0.1256000000000035
20.95,1.002321927380686,-0.024019833283318547,9.995973676934216,0.02446530373142305,50.48274648513045,393.13656352181545,7673.748674313371,0.0009489427034194639,-0.003873962364166779,-0.0009152817550911781,0.5,34.9954475456006,27.99854321459219,206.16724340103173,99.98699298743028,1.4537036931416387e-08,1.7458180998136964e-05,0.12570000000000348
20.966666666666665,0.9971911972581822,-0.03233795886216861,9.993198281655532,0.03316484745977604,50.51468168239468,393.1294665514762,7673.754526333683,-0.005132095105569564,-0.008365284858193711,-0.002629836481124786,0.5,34.99544392392001,27.998542055654404,206.16724583927538,99.98698263977145,1.4548611005322176e-08,1.7472069644502894e-05,0.1258000000000035
20.983333333333334,1.0053777859137536,-0.026577068171983846,9.988508343755031,0.029449798443714426,50.59415131908628,393.1223734296616,7673.760390754987,0.008184177429000334,0.005678055224952487,-0.004789891702393532,0.5,34.995440302239416,27.998540896716612,206.1672482789517,99.98697229211263,1.456018507922783e-08,1.7485958290675924e-05,0.1259000000000035
21.0,1.0053765008678075,-0.029034083301588298,9.986545227732195,0.03244809677698226,50.614074738654736,393.11528416800314,7673.766267575527,-2.23774385167001e-06,-0.002491082182192751,-0.0019197021968380564,0.5,34.99543668055883,27.998539737778827,206.16725072004365,99.9869619444538,1.457175915313335e-08,1.7499846936656057e-05,0.1260000000000035
21.016666666666666,1.0049820425161595,-0.03482074381509155,9.986448459235364,0.03769493550912407,50.63886664459256,393.10819877810684,7673.772156793489,-0.0003945122747770558,-0.005787467618220419,4.760567808490311e-06,0.5,34.99543305887824,27.998538578841035,206.16725316253442,99.98695159679498,1.4583333227038735e-08,1.7513735582443294e-05,0.12610000000000351
21.033333333333335,1.0076392124106919,-0.020175516661657747,9.987544647745322,0.024910064915988624,50.78211426204944,393.1011172715556,7673.778058406999,0.0026576959919351476,0.014662220300157328,0.0008388120702375896,0.5,34.995429437197664,27.99853741990325,206.1672556064073,99.98694124913618,1.4594907300943988e-08,1.752762422803763e-05,0.12620000000000353
21.05,1.0087279740639896,-0.021056652992862645,9.993505692309423,0.023700535144325748,50.7460636227817,393.09403965990805,7673.783972414122,0.0010909065477520345,-0.0007761140695557215,0.005975625151341801,0.5,34.99542581551708,27.998536260965466,206.1672580516459,99.98693090147736,1.4606481374849105e-08,1.7541512873439068e-05,0.12630000000000352
21.066666666666666,1.0068160312720684,-0.021887955353090027,9.99879939961121,0.022956027182294867,50.79462043727517,393.0869659546986,7673.789898812866,-0.0019099589096588598,-0.0007380678829159502,0.005307509069692524,0.5,34.9954221938365,27.998535102027677,206.1672604982339,99.98692055381856,1.461805544875409e-08,1.755540151864761e-05,0.12640000000000354
21.083333333333332,1.0072117596652712,-0.03033437715858677,10.00599061481966,0.031750499998480765,50.789057974199736,393.07989616743663,7673.795837601178,0.0003990056155709678,-0.008318733101619461,0.007338548017905241,0.5,34.99541857215592,27.998533943089893,206.1672629461553,99.98691020615978,1.4629629522658939e-08,1.7569290163663253e-05,0.12650000000000355
21.1,1.0112804501140944,-0.02828745676707758,10.003586670798972,0.030664522459706616,50.870703838359134,393.07283030960986,7673.801788776947,0.004067460660115165,0.0020042603661981416,-0.0024396247319785507,0.5,34.99541495047534,27.99853278415211,206.1672653953942,99.98689985850099,1.4641203596563656e-08,1.7583178808485997e-05,0.12660000000000354
21.116666666666667,1.0018596268214734,-0.02281761585210589,10.000735739436768,0.022905101158200478,50.96587073421301,393.06576839268024,7673.807752338002,-0.009422094760467686,0.005418914401007894,-0.0029465801685351033,0.5,34.99541132879477,27.99853162521433,206.16726784593493,99.9868895108422,1.4652777670468237e-08,1.7597067453115844e-05,0.12670000000000356
21.133333333333333,1.0124404842195143,-0.014163596616390033,9.997682383788762,0.01899308632090478,50.96965220878638,393.0587104280861,7673.81372828211,0.010579872043199259,0.00859901294754729,-0.003204997045627651,0.5,34.9954077071142,27.99853046627654,206.167270297762,99.98687916318342,1.4664351744372686e-08,1.7610956097552796e-05,0.12680000000000358
21.15,0.9948380213496819,-0.019429991329880464,9.996708245142091,0.020371843246308384,51.012391478071805,393.05165642724,7673.819716606983,-0.01760274858614647,-0.005282649761281792,-0.0008817434531886998,0.5,34.99540408543363,27.99852930733876,206.16727275086012,99.98686881552464,1.4675925818276999e-08,1.7624844741796847e-05,0.12690000000000357
21.166666666666668,0.9929062367608972,-0.01788966156205906,9.994327336291223,0.020063727070579566,51.046527936245226,393.0446064015338,7673.825717310269,-0.001932559992418885,0.0014988000512641453,-0.0024072682775491214,0.5,34.99540046375306,27.99852814840098,206.16727520521414,99.98685846786587,1.468749989218118e-08,1.7638733385848e-05,0.12700000000000358
21.183333333333334,1.0026587467582377,-0.01778948120545507,9.992634733531654,0.0194364514639407,51.04829137677238,393.0375603623306,7673.831730389563,0.009751983013352217,7.06906751734487e-05,-0.0016940905458383622,0.5,34.99539684207249,27.998526989463194,206.16727766080908,99.9868481202071,1.4699073966085226e-08,1.765262202970626e-05,0.1271000000000036
21.2,0.9947038622100391,-0.01216203321489907,9.990426745207929,0.01635915932268131,51.166087535662506,393.03051832097395,7673.837755842392,-0.007955461676729577,0.005588109281915273,-0.002305735866151077,0.5,34.99539322039192,27.998525830525416,206.1672801176302,99.98683777254834,1.4710648039989139e-08,1.7666510673371618e-05,0.1272000000000036
21.216666666666665,0.9886188058719272,-0.022354410232646633,9.98834613364386,0.027660722782325255,51.11641157307167,393.0234802887803,7673.843793666228,-0.006085683050644698,-0.010226859407672447,-0.001903901495270951,0.5,34.995389598711355,27.998524671587635,206.16728257566294,99.9868274248896,1.4722222113892918e-08,1.7680399316844077e-05,0.1273000000000036
21.233333333333334,0.9855445159094739,-0.020570297582407634,9.991942886285061,0.026401838041370095,51.216747967589605,393.0164462770419,7673.849843858484,-0.0030729426601775194,0.0018458090526454248,0.003565483790514686,0.5,34.99538597703079,27.998523512649854,206.16728503489284,99.98681707723084,1.4733796187796562e-08,1.769428796012364e-05,0.12740000000000362
21.25,1.0010820404042422,-0.02320791634961885,9.99064701712142,0.025045006977238535,51.18057590412687,393.0094162970269,7673.855906416511,0.015537029520038317,-0.0026596872460880687,-0.0012499493272066012,0.5,34.99538235535023,27.998522353712072,206.1672874953057,99.98680672957208,1.4745370261700073e-08,1.7708176603210304e-05,0.1275000000000036
21.266666666666666,0.9974265484876891,-0.03515629297639307,9.995802384434384,0.03549949567290176,51.22636211431262,393.002390359981,7673.861981337601,-0.0036528661665714054,-0.011856653125857266,0.005362955103019149,0.5,34.99537873366967,27.998521194774295,206.16728995688737,99.98679638191335,1.475694433560345e-08,1.772206524610407e-05,0.12760000000000363
21.283333333333335,0.9993011533539572,-0.020579925236790485,10.000918415080793,0.020612252734079215,51.3951087583994,392.99536847712284,7673.868068618988,0.0018770932538369255,0.014663295991612224,0.0048612769248096875,0.5,34.99537511198911,27.998520035836517,206.167292419624,99.9867860342546,1.4768518409506693e-08,1.773595388880494e-05,0.12770000000000364
21.3,0.9909096557728531,-0.024542348009336638,9.999108726467766,0.02618700128431559,51.35931702299301,392.98835065964795,7673.874168257845,-0.008392210190148535,-0.003993254028083601,-0.0017406001788661427,0.5,34.99537149030856,27.99851887689874,206.16729488350182,99.98677568659588,1.4780092483409801e-08,1.774984253131291e-05,0.12780000000000363
21.316666666666666,0.9920608145631482,-0.023722359512517152,9.994805607101284,0.02554955574075162,51.39855605736577,392.9813369187275,7673.880280251285,0.0011493463637174308,0.0007454053376977286,-0.004316663646276494,0.5,34.995367868628,27.99851771796096,206.16729734850725,99.98676533893715,1.4791666557312776e-08,1.7763731173627984e-05,0.12790000000000365
21.333333333333332,0.9897026095378321,-0.01939715985421496,9.992864889278323,0.023091572954053726,51.46885592854048,392.97432726550755,7673.886404596361,-0.0023589352959988924,0.00429099148405501,-0.0020152243885914974,0.5,34.995364246947446,27.998516559023184,206.16729981462686,99.98675499127843,1.4803240631215617e-08,1.777761981575016e-05,0.12800000000000367
21.35,0.9937381443172312,-0.014894381963198084,9.984092388284962,0.02267446704061624,51.48931839409372,392.96732171111086,7673.892541290066,0.004032909608812806,0.00435026965721735,-0.008849120294873133,0.5,34.9953606252669,27.998515400085406,206.1673022818474,99.9867446436197,1.4814814705118323e-08,1.779150845767944e-05,0.12810000000000366
21.366666666666667,0.994800975161169,-0.015818452228222066,9.981733114081651,0.0247175772145719,51.51226582601473,392.96032026663516,7673.898690329335,0.001062198511210255,-0.0009648702166898273,-0.0023428840536273213,0.5,34.99535700358635,27.99851424114763,206.16730475015578,99.98673429596099,1.4826388779020896e-08,1.780539709941582e-05,0.12820000000000367
21.383333333333333,0.9984774922733562,-0.011758859645312323,9.978398586864074,0.02464176547530149,51.572160413221994,392.953322943151,7673.904851711041,0.003675714634652603,0.004000978479004372,-0.0034046342436397105,0.5,34.9953533819058,27.998513082209858,206.16730721953903,99.98672394830228,1.4837962852923335e-08,1.7819285740959302e-05,0.1283000000000037
21.4,0.9917770360068076,-0.009143356183315694,9.980472104850664,0.02307774699392112,51.63599430818291,392.94632975170947,7673.911025431999,-0.006700078051559453,0.0026511205475987366,0.002027780792664615,0.5,34.99534976022525,27.998511923272083,206.16730968998436,99.98671360064358,1.484953692682564e-08,1.783317438230989e-05,0.12840000000000368
21.416666666666668,0.99839685182112,-0.007481985927684892,9.985922312443583,0.01602293460359485,51.637575342932664,392.93934070333376,7673.917211488963,0.006620606556759166,0.0017557716622348066,0.005420533122939511,0.5,34.995346138544704,27.998510764334306,206.16731216147915,99.98670325298488,1.486111100072781e-08,1.7847063023467576e-05,0.1285000000000037
21.433333333333334,1.001407532637274,-0.012728729354404342,9.984447298546545,0.020146546958243354,51.64655864445299,392.9323558090236,7673.923409878626,0.0030104206660459634,-0.005271684508167859,-0.0013832299247512549,0.5,34.99534251686417,27.998509605396535,206.1673146340109,99.9866929053262,1.4872685074629847e-08,1.7860951664432363e-05,0.1286000000000037
21.45,1.0026758345161002,-0.01355955876670314,9.980092365696969,0.024234748113828024,51.71401159012643,392.925375079752,7673.929620597623,0.0012673028198765476,-0.0009068615723688028,-0.004339737175081249,0.5,34.99533889518362,27.998508446458757,206.16731710756724,99.98668255766749,1.488425914853175e-08,1.7874840305204253e-05,0.1287000000000037
21.466666666666665,0.9970937933919426,-0.01790730292458218,9.980550080029788,0.026597642348038738,51.75682439309234,392.9183985264702,7673.935843642529,-0.005581915440140343,-0.0043390948389190375,0.0005335144793754485,0.5,34.99533527350308,27.998507287520987,206.167319582136,99.9866722100088,1.4895833222433518e-08,1.7888728945783247e-05,0.12880000000000372
21.483333333333334,0.9872220625548546,-0.017565659111861052,9.986672480784142,0.0254853494420612,51.83754669582103,392.91142616010364,7673.9420790098575,-0.009869835611197275,0.0004476053684007184,0.006115566832640556,0.5,34.995331651822546,27.998506128583216,206.16732205770518,99.98666186235013,1.4907407296335155e-08,1.790261758616934e-05,0.12890000000000373
21.5,0.9915541363591655,-0.024335950465840604,9.998590778376272,0.02579848938499859,51.804957250291295,392.90445799155253,7673.948326696062,0.004336431857255699,-0.006563486111942074,0.012033424095991379,0.5,34.99532803014201,27.998504969645445,206.1673245342628,99.98665151469146,1.491898137023666e-08,1.791650622636254e-05,0.12900000000000372
21.516666666666666,0.9926539996761521,-0.020070662033365366,10.004569944689095,0.021855613042879505,51.91028284238607,392.8974940316929,7673.9545866975395,0.001102180368272695,0.004368175997153777,0.005904417704909118,0.5,34.99532440846148,27.99850381070767,206.16732701179714,99.98664116703279,1.4930555444138024e-08,1.793039486636284e-05,0.12910000000000374
21.533333333333335,1.0029032265114903,-0.023874991637840706,10.010607457222909,0.02628640203092413,51.8827823493971,392.89053429137635,7673.960859010622,0.01025154223766751,-0.003698617701013041,0.0061028438946161764,0.5,34.995320786780944,27.9985026517699,206.16732949029657,99.98663081937413,1.4942129518039256e-08,1.794428350617024e-05,0.12920000000000376
21.55,0.9922447274798775,-0.02554589967309423,10.011639944695531,0.02912362099909286,51.9881859179536,392.88357878142875,7673.967143631584,-0.01065805377257015,-0.0016526791100789648,0.001061421517718982,0.5,34.99531716510041,27.998501492832133,206.16733196974957,99.98662047171545,1.4953703591940357e-08,1.7958172145784745e-05,0.12930000000000375
21.566666666666666,0.9924804276920073,-0.01976839305472173,10.009557745211799,0.023209029007928077,52.037871168338704,392.8766275126515,7673.97344055664,0.0002348768234317339,0.005740578192877589,-0.0021819483993866366,0.5,34.99531354341988,27.998500333894363,206.1673344501448,99.98661012405681,1.4965277665841325e-08,1.7972060785206353e-05,0.12940000000000376
21.583333333333332,1.0012217188086918,-0.016966479491998355,10.003629314999293,0.0173933107573747,52.037379588164924,392.86968049582094,7673.979749781943,0.008739390643517113,0.00269834991292961,-0.005976278848080048,0.5,34.995309921739356,27.998499174956592,206.16733693147108,99.98659977639815,1.4976851739742154e-08,1.798594942443506e-05,0.12950000000000378
21.6,1.001844288224304,-0.022943834388287166,9.998599207917088,0.023060401505494914,52.052878650362935,392.8627377416901,7673.986071303589,0.0006208175139026841,-0.00606436376126909,-0.004924859194373978,0.5,34.99530630005883,27.99849801601883,206.16733941371731,99.98658942873952,1.498842581364285e-08,1.7999838063470873e-05,0.12960000000000377
21.616666666666667,1.0036345641831694,-0.020946827738203097,9.995106707259458,0.02181553248917223,52.1342452647809,392.85579926098694,7673.99240511761,0.0017889382674395556,0.0019355813336151397,-0.0035269135985430224,0.5,34.99530267837831,27.998496857081058,206.16734189687256,99.98657908108088,1.4999999887543415e-08,1.8013726702313788e-05,0.12970000000000378
21.633333333333333,1.0026810912976374,-0.02684389253711471,10.005643976880718,0.02756164690966,52.147732887140506,392.84886506441234,7673.99875121998,-0.0009490782888074788,-0.0057116796071406154,0.010638896656043662,0.5,34.99529905669778,27.99849569814329,206.16734438092595,99.98656873342223,1.5011573961443847e-08,1.8027615340963803e-05,0.1298000000000038
21.65,1.0002792371531584,-0.025131088316114082,10.007985142749098,0.026370685498268532,52.228488729867514,392.8419351626439,7674.005109606611,-0.00240079226864991,0.0017534620262425853,0.0023108712046672948,0.5,34.99529543501726,27.998494539205524,206.16734686586685,99.9865583857636,1.502314803534414e-08,1.8041503979420922e-05,0.1299000000000038
21.666666666666668,1.0044539507772445,-0.02508989570877027,10.005853782583266,0.026146103483804153,52.23982564616259,392.8350095663322,7674.011480273358,0.0041737795344301935,3.900921394946123e-06,-0.0021317544194295207,0.5,34.99529181333674,27.998493380267757,206.16734935168466,99.98654803810497,1.50347221092443e-08,1.8055392617685144e-05,0.1300000000000038
21.683333333333334,1.0039898928608924,-0.021116520054933984,10.000802086003482,0.021505143222035426,52.312435550023004,392.8280882861083,7674.017863216015,-0.00046609489698769247,0.0038842289311275435,-0.0051205579734138395,0.5,34.99528819165622,27.99849222132999,206.16735183836897,99.98653769044635,1.504629618314433e-08,1.8069281255756467e-05,0.13010000000000382
21.7,1.0101221942073146,-0.022786194527707748,9.999764866566967,0.02493439014757475,52.307134299244936,392.8211713325707,7674.024258430311,0.0061319039691853155,-0.0016876462635864143,-0.0010077137229161765,0.5,34.99528456997571,27.99849106239223,206.16735432590946,99.98652734278774,1.5057870257044225e-08,1.8083169893634893e-05,0.1302000000000038
21.716666666666665,1.0072078335627457,-0.02148616228702498,9.997512765610855,0.022798851831295364,52.387343055815364,392.8142587162992,7674.030665911922,-0.0029152307425720763,0.0012601856758138825,-0.002274637082085365,0.5,34.995280948295196,27.998489903454463,206.16735681429594,99.98651699512912,1.506944433094398e-08,1.809705853132042e-05,0.13030000000000383
21.733333333333334,1.0101930951182072,-0.028074456378605436,9.98966748867065,0.03160353555169265,52.366335717666544,392.8073504478447,7674.03708565646,0.00298186848974094,-0.006725383221211334,-0.00772807860228773,0.5,34.99527732661468,27.9984887445167,206.16735930351834,99.98650664747052,1.5081018404843606e-08,1.8110947168813048e-05,0.13040000000000385
21.75,1.0100611890318665,-0.02658016078943642,9.989555638251872,0.03027818370777915,52.463312747588105,392.80044653773587,7674.043517659474,-0.0001319594335650401,0.001492091542451051,-0.00013817615694779615,0.5,34.99527370493417,27.998487585578932,206.1673617935667,99.9864962998119,1.50925924787431e-08,1.8124835806112778e-05,0.13050000000000384
21.766666666666666,1.010898763319416,-0.02139329533024936,9.986210872192158,0.027686459687311052,52.51939248212175,392.7935469964743,7674.049961916458,0.0008361740100510609,0.005127072924836394,-0.0034357174820721812,0.5,34.99527008325366,27.998486426641172,206.16736428443122,99.98648595215332,1.510416655264246e-08,1.813872444321961e-05,0.13060000000000385
21.783333333333335,1.0120178156033717,-0.025122473570539434,9.987286962761052,0.030612430199795423,52.513605415332066,392.7866518345373,7674.056418422843,0.0011194890978308213,-0.00370960164256632,0.0011417516085059647,0.5,34.99526646157315,27.99848526770341,206.16736677610214,99.98647560449471,1.511574062654168e-08,1.8152613080133547e-05,0.13070000000000387
21.8,1.009089471502987,-0.025924315647098344,9.994571865951318,0.028002338218604657,52.58445153612875,392.7797610623762,7674.062887174002,-0.0029250989151703003,-0.0006732366401065569,0.007297911158891991,0.5,34.995262839892646,27.998484108765645,206.1673692685699,99.98646525683613,1.5127314700440768e-08,1.8166501716854584e-05,0.13080000000000386
21.816666666666666,1.0010944465109073,-0.02888473944113159,10.003564185939974,0.029124411898609138,52.6279884651406,392.77287469042,7674.069368165241,-0.007990723985408602,-0.002802231667484534,0.009042865023170641,0.5,34.99525921821214,27.998482949827885,206.16737176182502,99.98645490917755,1.5138888774339724e-08,1.8180390353382724e-05,0.13090000000000387
21.833333333333332,1.001954461518848,-0.019929994673217998,10.002984723979365,0.020246856810346464,52.70360422392191,392.7659927290678,7674.075861391814,0.0008597681635905836,0.008943248354062423,-0.0007358934514832833,0.5,34.99525559653164,27.998481790890125,206.1673742558581,99.98644456151897,1.5150462848238548e-08,1.8194278989717968e-05,0.1310000000000039
21.85,1.0039949787894282,-0.019909500989001017,10.00639362895601,0.021289327017399697,52.69505852423154,392.75911518869736,7674.08236684891,0.0020417024283551667,8.016109466104764e-05,0.003408023758096923,0.5,34.995251974851136,27.99848063195236,206.1673767506599,99.98643421386039,1.5162036922137236e-08,1.820816762586031e-05,0.13110000000000388
21.866666666666667,1.004227988652817,-0.029806358310673065,10.000717082471478,0.03011329707801693,52.68176649674646,392.7522420796603,7674.08888453166,0.0002305470783357157,-0.009994814255118277,-0.005502240230821954,0.5,34.995248353170645,27.998479473014605,206.1673792462213,99.98642386620183,1.517361099603579e-08,1.822205626180976e-05,0.1312000000000039
21.883333333333333,1.0054165484077426,-0.01205837656719456,10.004100722681333,0.013840666233129332,52.87424412296494,392.74537341228313,7674.095414435132,0.0011897959297801142,0.01780459005000131,0.0030718811848245205,0.5,34.995244731490146,27.99847831407685,206.1673817425332,99.98641351854327,1.518518506993421e-08,1.823594489756631e-05,0.1313000000000039
21.9,1.0002857130508673,-0.015460484431779076,10.004877535032062,0.016214158268847673,52.816051894493896,392.7385091968654,7674.101956554334,-0.0051306488108661,-0.003387990858647146,0.0008362375793976611,0.5,34.99524110980965,27.99847715513909,206.1673842395867,99.98640317088471,1.5196759143832497e-08,1.824983353312996e-05,0.1314000000000039
21.916666666666668,1.011548375704059,-0.013706217310970515,10.002582305257615,0.018108031534433022,52.83879647958209,392.73164944368324,7674.108510884214,0.011262078490387305,0.0017137024966629522,-0.0023256733098280984,0.5,34.995237488129156,27.99847599620133,206.16738673737296,99.98639282322615,1.520833321773065e-08,1.8263722168500714e-05,0.13150000000000392
21.933333333333334,1.0221057829529334,-0.020760740551969956,10.002536966464133,0.030432392210305182,52.83495577391795,392.72479416298773,7674.115077419663,0.010557393641699712,-0.007054216963620581,7.985826295498502e-05,0.5,34.995233866448665,27.998474837263572,206.1673892358833,99.98638247556761,1.5219907291628666e-08,1.8277610803678572e-05,0.13160000000000394
21.95,1.018204916156787,-0.022787605153624033,10.006940885897006,0.029981995660508173,52.94400236670087,392.717943365003,7674.121656155506,-0.003899193171747979,-0.0019481353886489996,0.004439307631193251,0.5,34.99523024476817,27.998473678325816,206.16739173510905,99.98637212790906,1.523148136552655e-08,1.829149943866353e-05,0.13170000000000393
21.966666666666665,1.0070904350396541,-0.025982564127888554,10.008195925988085,0.028152574685238418,52.995835851266136,392.7110970599288,7674.128247086511,-0.011113947006914877,-0.0031722795287753057,0.0013113088503226092,0.5,34.99522662308768,27.99847251938806,206.1673942350417,99.98636178025052,1.5243055439424302e-08,1.830538807345559e-05,0.13180000000000394
21.983333333333334,1.0041841311943203,-0.017572341990600857,10.008792991180957,0.020090349264487866,53.07667159278289,392.7042552579409,7674.134850207382,-0.002906076908492524,0.008419405714828573,0.0004493672243459524,0.5,34.99522300140719,27.9984713604503,206.16739673567287,99.98635143259197,1.525462951332192e-08,1.8319276708054756e-05,0.13190000000000396
22.0,1.00230254043806,-0.025054011389605422,10.002728278899415,0.025307141865979352,53.02491504659271,392.69741796918584,7674.14146551277,-0.0018838467390336101,-0.007586709581525307,-0.005932785610455185,0.5,34.995219379726706,27.998470201512546,206.1673992369942,99.98634108493346,1.52662035872194e-08,1.833316534246102e-05,0.13200000000000395
22.016666666666666,1.005551306858899,-0.02266386218092624,9.998281016337938,0.023396982276269143,53.105973010859046,392.69058520378917,7674.148092997257,0.0032469145060126233,0.002311862128258226,-0.004488457157131131,0.5,34.99521575804623,27.998469042574794,206.1674017389975,99.98633073727493,1.5277777661116747e-08,1.834705397667439e-05,0.13210000000000396
22.033333333333335,1.0000881037840537,-0.01769385533554392,10.002833708149032,0.01791954957075575,53.188946195955545,392.6837569718482,7674.154732655369,-0.0054615996777520924,0.005048925064515204,0.004465011095949307,0.5,34.995212136365744,27.998467883637037,206.16740424167466,99.98632038961641,1.5289351735013963e-08,1.8360942610694862e-05,0.13220000000000398
22.05,1.00962924979292,-0.023176635255122546,10.008103325268603,0.02637374276473699,53.133293036519206,392.6769332834361,7674.16138448157,0.00954302550472656,-0.005389522465808859,0.005364958978523086,0.5,34.99520851468526,27.99846672469928,206.16740674501767,99.98631004195789,1.5300925808911043e-08,1.8374831244522434e-05,0.13230000000000397
22.066666666666666,1.0172192695364457,-0.020128904992090794,10.00490099877731,0.02693929264894505,53.220354471524445,392.6701141485991,7674.1680484702665,0.007588809556619643,0.002990615059411907,-0.0032557295522766534,0.5,34.99520489300478,27.998465565761528,206.1674092490186,99.98629969429939,1.5312499882807988e-08,1.838871987815711e-05,0.132400000000004
22.083333333333332,1.0068966545713196,-0.02082147782144608,10.004467812323714,0.022384600127323507,53.29029186705323,392.66329957736,7674.174724615799,-0.01032276979634199,-0.0007001160870299025,-0.0004208860578534075,0.5,34.995201271324305,27.998464406823775,206.16741175366957,99.98628934664087,1.53240739567048e-08,1.840260851159889e-05,0.132500000000004
22.1,1.0005992262202261,-0.027589253953195184,9.995474425659848,0.027964361633457623,53.282464782511674,392.65648957971484,7674.181412912452,-0.006301227733436621,-0.006924282072631859,-0.008873449267472024,0.5,34.99519764964383,27.998463247886026,206.16741425896288,99.98627899898237,1.533564803060148e-08,1.8416497144847768e-05,0.13260000000000402
22.116666666666667,0.9943613567826664,-0.025278767562576004,9.993732045071953,0.026647949953757626,53.37596148444391,392.6496841656361,7674.188113354449,-0.006238673309313309,0.0022798041495521214,-0.0017823383224763508,0.5,34.99519402796336,27.998462088948276,206.1674167648909,99.98626865132387,1.5347222104498028e-08,1.843038577790375e-05,0.132700000000004
22.133333333333333,0.9999833546007415,-0.026624970092969498,9.994879384749304,0.027112912809363454,53.36665957571414,392.6428833450656,7674.194825935951,0.005622517504979871,-0.0013260314349820255,0.0011705938490318335,0.5,34.99519040628289,27.998460930010523,206.16741927144605,99.98625830366538,1.5358796178394436e-08,1.8444274410766837e-05,0.13280000000000403
22.15,0.9963450887333842,-0.023012878410179034,9.992457440706053,0.024491880693362812,53.45679845002393,392.6360871279258,7674.201550651058,-0.003639314986760312,0.003569352405010683,-0.0024845002751042603,0.5,34.99518678460242,27.998459771072774,206.16742177862088,99.9862479560069,1.5370370252290712e-08,1.8458163043437023e-05,0.13290000000000404
22.166666666666668,1.0056827485566777,-0.01719494119876427,9.988965327128355,0.021206244759061854,53.47399083245206,392.6292955241092,7674.208287493812,0.009336434533194111,0.005756041768159958,-0.003593220380121995,0.5,34.99518316292195,27.998458612135025,206.16742428640802,99.98623760834842,1.5381944326186856e-08,1.8472051675914313e-05,0.13300000000000403
22.183333333333334,1.011421221470866,-0.02894967279863935,9.990493605721987,0.0325398911617102,53.432064704935286,392.62250854348486,7674.215036458195,0.005739088338000534,-0.01172601038842064,0.0017349443170753944,0.5,34.99517954124148,27.998457453197272,206.16742679480015,99.98622726068994,1.5393518400082868e-08,1.8485940308198706e-05,0.13310000000000405
22.2,1.0103359579138886,-0.028807896453086942,9.990819684666958,0.03195242391513236,53.5544990423477,392.61572619589697,7674.221797538124,-0.0010850992034864015,0.00014750704369815158,0.00032352690084358184,0.5,34.995175919561014,27.998456294259526,206.16742930379013,99.98621691303147,1.540509247397874e-08,1.84998289402902e-05,0.13320000000000407
22.216666666666665,1.0165556101423854,-0.029081896914910175,9.996297681319106,0.03366780357496731,53.57623224183872,392.60894849116073,7674.228570727459,0.006222419629381327,-0.000177068048422534,0.005481985311581303,0.5,34.99517229788055,27.998455135321777,206.1674318133708,99.98620656537301,1.541666654787448e-08,1.8513717572188796e-05,0.13330000000000405
22.233333333333334,1.005490699148566,-0.028599773828688575,10.000599958888888,0.02912827543436355,53.66649463702626,392.60217543907,7674.235356019997,-0.011062745401417664,0.0005579607077778131,0.004293100314313271,0.5,34.99516867620009,27.998453976384027,206.1674343235351,99.98619621771454,1.5428240621770088e-08,1.8527606203894496e-05,0.13340000000000407
22.25,0.9992435320678665,-0.02404544943971657,10.001059211408975,0.024080645159471305,53.71396743633515,392.59540704938956,7674.242153409477,-0.00624695609882891,0.004561661496243004,0.00037951014586560107,0.5,34.995165054519624,27.998452817446278,206.16743683427615,99.98618587005608,1.5439814695665564e-08,1.8541494835407297e-05,0.1335000000000041
22.266666666666666,1.0071426245979287,-0.03398939866282491,10.006471311741745,0.03532989667355485,53.64117449739816,392.58864333186017,7674.248962889578,0.007901833498476927,-0.009847669340974648,0.00558537004787557,0.5,34.99516143283917,27.998451658508536,206.16743934558704,99.98617552239763,1.54513887695609e-08,1.85553834667272e-05,0.13360000000000408
22.283333333333335,1.0046212138996695,-0.029617054994846594,10.01128348315295,0.03202919767680559,53.78663713580071,392.5818842961965,7674.255784453914,-0.0025187396019004443,0.004456147780083201,0.004734672403549212,0.5,34.99515781115871,27.998450499570787,206.16744185746103,99.98616517473917,1.5462962843456104e-08,1.8569272097854208e-05,0.1337000000000041
22.3,1.011755724474297,-0.02457025803113415,10.008968403792515,0.02867703104212671,53.801016950540635,392.5751299520871,7674.262618096042,0.007133415844172614,0.005005281173761282,-0.0024035206209711128,0.5,34.99515418947826,27.99844934063304,206.16744436989137,99.98615482708072,1.5474536917351176e-08,1.8583160728788316e-05,0.1338000000000041
22.316666666666666,1.0146933490012038,-0.024348485117094275,10.008449040327656,0.029667865859300403,53.8277357736071,392.5683803091962,7674.269463809457,0.002937402813076564,0.00021255423965547756,-0.0005232038611230185,0.5,34.9951505677978,27.9984481816953,206.16744688287147,99.9861444794223,1.5486110991246116e-08,1.8597049359529527e-05,0.1339000000000041
22.333333333333332,1.0158701015254326,-0.026777575975683414,9.999606210280847,0.031129581402482908,53.854047412321634,392.56163537715935,7674.276321587595,0.001172807215740623,-0.002585396315396108,-0.008798399645336498,0.5,34.99514694611735,27.998447022757553,206.16744939639477,99.98613413176386,1.5497685065140916e-08,1.8610937990077838e-05,0.13400000000000412
22.35,1.0166932092667982,-0.028598441059555103,10.000717318824941,0.033121814329848454,53.90442573535444,392.55489516558964,7674.283191423827,0.0008236446811315813,-0.0018008714447744958,0.0011432294619624942,0.5,34.9951433244369,27.99844586381981,206.1674519104548,99.98612378410543,1.5509259139035584e-08,1.8624826620433253e-05,0.13410000000000413
22.366666666666667,1.0163274341864663,-0.022445788031111823,9.995553396703373,0.02810947063502554,53.987751044189544,392.5481596840732,7674.290073311469,-0.00036807532319426436,0.006060074096490842,-0.005272260218003882,0.5,34.995139702756454,27.998444704882065,206.16745442504515,99.98611343644701,1.552083321293012e-08,1.8638715250595767e-05,0.13420000000000412
22.383333333333333,1.0051756333258988,-0.017247110295949747,9.992079513147361,0.01967159790050025,54.05297424087772,392.5414289421691,7674.296967243773,-0.01115300419998405,0.0051365894655272075,-0.0035650476587492422,0.5,34.995136081076005,27.99844354594432,206.16745694015958,99.9861030887886,1.5532407286824524e-08,1.8652603880565386e-05,0.13430000000000414
22.4,1.0089569226810968,-0.013772040468203541,9.996468599006572,0.016803533751930232,54.048733515054245,392.5347029494112,7674.303873213932,0.0037824774520610646,0.0035516743842862806,0.004327330900425243,0.5,34.99513245939556,27.99844238700658,206.1674594557918,99.98609274113018,1.5543981360718788e-08,1.8666492510342107e-05,0.13440000000000416
22.416666666666668,1.0021527703102509,-0.009535461737829005,9.997307119969546,0.010139530850617924,54.119700755866084,392.5279817153094,7674.3107912150745,-0.006803981826758528,0.004250641790882446,0.0007640426451575496,0.5,34.995128837715114,27.998441228068835,206.16746197193564,99.98608239347176,1.555555543461292e-08,1.868038113992593e-05,0.13450000000000414
22.433333333333334,1.0105773845976926,-0.020543315744974873,10.000206760506872,0.023107410446488827,54.038338723673974,392.52126524934636,7674.317721240274,0.008425375420132913,-0.010955228331137039,0.0030925294257020887,0.5,34.99512521603467,27.998440069131096,206.167464488585,99.98607204581336,1.556712950850692e-08,1.8694269769316855e-05,0.13460000000000416
22.45,1.0208373492602894,-0.02213065474567673,10.001772622131744,0.030448603393581065,54.12419066458587,392.5145535609778,7674.324663282541,0.010260547817883376,-0.0015593323346553031,0.001593753463496651,0.5,34.99512159435424,27.998438910193357,206.16746700573393,99.98606169815496,1.5578703582400788e-08,1.8708158398514883e-05,0.13470000000000418
22.466666666666665,1.0161311899046288,-0.01726957341074056,9.998509979878422,0.023678394450727325,54.2368768839698,392.50784665963425,7674.331617334822,-0.004707281158621353,0.004802319995700959,-0.0033485321753816536,0.5,34.995117972673796,27.998437751255615,206.16746952337644,99.98605135049657,1.559027765629452e-08,1.8722047027520012e-05,0.13480000000000417
22.483333333333334,1.0149226910293667,-0.024198221789876205,10.002852942084056,0.028572677455037623,54.20867378747866,392.50114455472027,7674.338583390009,-0.0012069272668451861,-0.006850588216533155,0.004465078712658902,0.5,34.99511435099336,27.998436592317873,206.16747204150664,99.98604100283818,1.5601851730188116e-08,1.8735935656332248e-05,0.13490000000000418
22.5,1.008605043600979,-0.018574884418149307,9.997002513875431,0.020689361207461274,54.32501820504891,392.494447255617,7674.345561440928,-0.006319831199323538,0.0055191555961892035,-0.005948810851736149,0.5,34.99511072931293,27.998435433380138,206.16747456011876,99.98603065517979,1.561342580408158e-08,1.8749824284951584e-05,0.1350000000000042
22.516666666666666,1.0064735444105763,-0.020730158320060824,9.990405230349294,0.02374201686524529,54.311942179897976,392.487754771675,7674.352551480347,-0.002133762066801888,-0.0022709471161615384,-0.006558364866404117,0.5,34.99510710763249,27.998434274442396,206.16747707920703,99.9860203075214,1.562499987797491e-08,1.8763712913378023e-05,0.1351000000000042
22.533333333333335,1.0072274906950625,-0.023782847899558472,9.99461824553669,0.02543241246515662,54.34600950421494,392.4810671122242,7674.359553500972,0.0007555828270857242,-0.002978187353151322,0.0042660061044794305,0.5,34.99510348595206,27.99843311550466,206.16747959876582,99.98600995986303,1.5636573951868107e-08,1.8777601541611566e-05,0.1352000000000042
22.55,1.0023119660753113,-0.027299573878649203,9.997611051312418,0.02750120651324004,54.39853315904636,392.4743842865629,7674.366567495451,-0.004914190495160494,-0.0034637044844804585,0.0030540133508261047,0.5,34.99509986427163,27.99843195656692,206.1674821187895,99.98599961220465,1.5648148025761167e-08,1.879149016965221e-05,0.13530000000000422
22.566666666666666,1.0012612341332174,-0.023528420164513116,9.997798607977145,0.023664789298663655,54.4665888464558,392.4677063039672,7674.373593456367,-0.0010506487498807943,0.003773856458909074,0.00012159469668471021,0.5,34.9950962425912,27.998430797629183,206.16748463927254,99.98598926454629,1.5659722099654095e-08,1.8805378797499956e-05,0.1354000000000042
22.583333333333332,0.9951311418049588,-0.030993769650984056,9.997183947413362,0.03150011270375907,54.45955224793193,392.4610331736868,7674.380631376248,-0.0061303847870506365,-0.007474924553645728,-0.0004845138960728414,0.5,34.995092620910775,27.998429638691448,206.16748716020948,99.98597891688793,1.567129617354689e-08,1.8819267425154806e-05,0.13550000000000423
22.6,0.9991144934713463,-0.02731074798404852,10.002186378191888,0.027412413281539417,54.536535484650294,392.4543649049439,7674.387681247555,0.003985896919179257,0.003769517230096207,0.0049375799518019525,0.5,34.995088999230354,27.998428479753713,206.1674896815949,99.98596856922958,1.568287024743955e-08,1.8833156052616756e-05,0.13560000000000424
22.616666666666667,0.996449995721642,-0.022835507948265252,10.001663463268507,0.023169542510466892,54.596019814962794,392.44770150693597,7674.394743062692,-0.0026647265822642,0.0044654555729023784,-0.0006007660949190183,0.5,34.99508537754993,27.998427320815978,206.16749220342348,99.98595822157122,1.5694444321332074e-08,1.884704467988581e-05,0.13570000000000423
22.633333333333333,0.9957656149771213,-0.022400403817452272,9.993956311827255,0.023584831468269202,54.60548464554562,392.441042988834,7674.401816814003,-0.0006874232026035709,0.00030105352779575986,-0.007713550197028818,0.5,34.995081755869506,27.998426161878243,206.16749472568995,99.98594787391288,1.5706018395224466e-08,1.8860933306961966e-05,0.13580000000000425
22.65,0.9955071789532186,-0.022997125462633484,9.98886004106541,0.02594555814718195,54.64077448267969,392.4343893597834,7674.408902493769,-0.0002604550041597437,-0.0006851856655085666,-0.005085132147984671,0.5,34.995078134189086,27.998425002940508,206.16749724838908,99.98593752625453,1.5717592469116725e-08,1.8874821933845224e-05,0.13590000000000427
22.666666666666668,0.9989742241368942,-0.018698401078260173,9.98546917695669,0.023702997512069723,54.698822238886024,392.42774062890186,7674.416000094211,0.003465811377786287,0.004239057820362628,-0.0034651663852716163,0.5,34.99507451250867,27.998423844002776,206.1674997715157,99.9859271785962,1.572916654300885e-08,1.8888710560535584e-05,0.13600000000000426
22.683333333333334,0.9940302207703233,-0.014001315207190031,9.988074586750827,0.019336699909303704,54.767336460797665,392.42109680528284,7674.42310960749,-0.004943259892885935,0.004741687123485929,0.0025233268987539526,0.5,34.99507089082825,27.998422685065037,206.1675022950648,99.98591683093785,1.5740740616900837e-08,1.890259918703305e-05,0.13610000000000427
22.7,1.0047628078799555,-0.012321808072159558,9.996808646855587,0.013590171313509345,54.75326977813205,392.4144578979937,7674.430231025707,0.010734593464545502,0.0018315900376318856,0.008703437541873523,0.5,34.99506726914784,27.99842152612731,206.16750481903125,99.98590648327954,1.5752314690792693e-08,1.8916487813337613e-05,0.1362000000000043
22.716666666666665,1.0139145512593395,-0.014477165222077848,10.003168553320778,0.02032864773098235,54.77594981221585,392.4078239160739,7674.4373643409,0.009153230759382682,-0.0020429906097527437,0.006396886917248281,0.5,34.995063647467425,27.998420367189578,206.16750734341014,99.9858961356212,1.5763888764684416e-08,1.893037643944928e-05,0.13630000000000428
22.733333333333334,1.0212140346094216,-0.022812012338446062,10.006175463830933,0.03175864722297146,54.78612929524627,392.40119486853854,7674.444509545048,0.007300461837075483,-0.008280133264814415,0.003154454001004435,0.5,34.99506002578701,27.998419208251843,206.16750986819656,99.98588578796289,1.5775462838576007e-08,1.8944265065368052e-05,0.1364000000000043
22.75,1.016198088259305,-0.017172736848838466,10.011211216475182,0.02613478045066829,54.93626216873587,392.3945707643758,7674.45166663007,-0.005014189214270748,0.00572791400401034,0.004934696654476979,0.5,34.995056404106606,27.998418049314115,206.16751239338566,99.98587544030458,1.578703691246746e-08,1.8958153691093923e-05,0.1365000000000043
22.766666666666666,1.0102243589359734,-0.0279659502677677,10.007743514594738,0.030767394203316478,54.885785067810666,392.3879516125461,7674.458835587821,-0.005975095288929241,-0.010852845081574185,-0.0032763035817975844,0.5,34.9950527824262,27.998416890376383,206.1675149189726,99.98586509264628,1.579861098635878e-08,1.8972042316626898e-05,0.1366000000000043
22.783333333333335,1.0149666221680214,-0.027513986618593327,10.008600632705816,0.0324815628185473,54.96096465518321,392.3813374219872,7674.466016410101,0.004742678211716579,0.00046704023385765964,0.0008489969646088828,0.5,34.995049160745786,27.99841573143865,206.16751744495272,99.98585474498796,1.5810185060249966e-08,1.8985930941966976e-05,0.13670000000000432
22.8,1.0101094391658227,-0.02801998968643843,10.003880977526988,0.03004000247404438,55.01885702822127,392.37472820160815,7674.473209088643,-0.004859470269644798,-0.0005893260302139975,-0.004709975984698008,0.5,34.99504553906539,27.998414572500923,206.1675199713213,99.98584439732967,1.582175913414102e-08,1.8999819567114155e-05,0.13680000000000433
22.816666666666666,1.0105073120019805,-0.026814673975101296,9.998669607900716,0.02883043083005246,55.05438863192467,392.3681239602929,7674.480413615125,0.00039537907752297823,0.0011132399416893812,-0.005231811349802923,0.5,34.99504191738498,27.998413413563192,206.16752249807368,99.98583404967137,1.5833333208031938e-08,1.9013708192068437e-05,0.13690000000000432
22.833333333333332,1.0155836637337023,-0.02320591067165918,9.993837124098993,0.02862353919515617,55.095701132647655,392.36152470689734,7674.487629981159,0.0050742422981860874,0.0035227606564035593,-0.004895531157384006,0.5,34.99503829570458,27.998412254625464,206.16752502520538,99.98582370201309,1.584490728192272e-08,1.9027596816829822e-05,0.13700000000000434
22.85,1.012582645866274,-0.02785675095132051,9.986825681383163,0.03328368394947,55.111932259348016,392.35493045025413,7674.494858178303,-0.0030041422074563737,-0.004774201511172434,-0.006928032528041092,0.5,34.99503467402418,27.998411095687736,206.16752755271182,99.9858133543548,1.5856481355813373e-08,1.9041485441398308e-05,0.13710000000000436
22.866666666666667,1.0088268200357486,-0.020802262034871354,9.98849944320886,0.025354936439157094,55.222624953573984,392.34834119916616,7674.502098198047,-0.003755115102415802,0.007082915205363522,0.0015490656548918893,0.5,34.99503105234378,27.99840993675001,206.16753008058853,99.98580300669653,1.5868055429703892e-08,1.9055374065773897e-05,0.13720000000000435
22.883333333333333,1.007583536399151,-0.027069833607725954,9.998402361326455,0.028157283858313543,55.18910223328467,392.3417569624139,7674.509350031826,-0.0012391465655091074,-0.006092353578531854,0.010011665810416506,0.5,34.99502743066339,27.998408777812283,206.16753260883115,99.98579265903825,1.5879629503594272e-08,1.906926268995659e-05,0.13730000000000436
22.9,1.0096763838237215,-0.03169501092136144,10.002418814470438,0.03322754477151422,55.2263110661749,392.33517774874906,7674.516613671011,0.0020949071422605163,-0.0045537590357027195,0.004097247309835501,0.5,34.99502380898299,27.998407618874555,206.1675351374353,99.98578231137998,1.589120357748452e-08,1.9083151313946382e-05,0.13740000000000438
22.916666666666668,0.9992570640845679,-0.032355512027405,10.000348505529635,0.03236591452267209,55.318303574564275,392.32860356689616,7674.523889106914,-0.01042047695924946,-0.0006966928527731213,-0.0020584116671353058,0.5,34.9950201873026,27.99840645993683,206.16753766639664,99.98577196372172,1.5902777651374635e-08,1.9097039937743278e-05,0.13750000000000437
22.933333333333334,1.007221434713037,-0.03033339897515547,9.991831304638842,0.032232911141168046,55.32084392375318,392.32203442555664,7674.531176330786,0.007959711187925293,0.0018726760001074128,-0.00855129906848523,0.5,34.99501656562221,27.998405300999107,206.16754019571096,99.98576161606346,1.5914351725264618e-08,1.9110928561347278e-05,0.13760000000000439
22.95,1.0087407100300523,-0.026787880649257526,9.985656991845799,0.03161730256581624,55.38808824129081,392.31547033340297,7674.538475333818,0.0015161975630661054,0.0034363531460141514,-0.0062357282153823156,0.5,34.995012943941816,27.998404142061382,206.16754272537406,99.9857512684052,1.5925925799154462e-08,1.9124817184758377e-05,0.1377000000000044
22.966666666666665,1.0101873549856222,-0.024526243123279005,9.993000002740265,0.027464308401277247,55.42942998579146,392.3089112990815,7674.545786107139,0.0014499331573362116,0.0023906524365796492,0.007302025992130218,0.5,34.99500932226143,27.998402983123658,206.16754525538178,99.98574092074695,1.5937499873044174e-08,1.913870580797658e-05,0.1378000000000044
22.983333333333334,1.0069293668733705,-0.029501700953602068,10.002312902190152,0.030392832213667467,55.44450476821752,392.30235733121356,7674.553108641818,-0.0032535972417746914,-0.004810763665682625,0.009399032456836433,0.5,34.995005700581046,27.998401824185933,206.16754778573,99.9857305730887,1.5949073946933753e-08,1.9152594431001887e-05,0.1379000000000044
23.0,1.0130890991302055,-0.02441116467441195,10.005048618692197,0.028155748516034015,55.51073228272425,392.2958084383933,7674.560442928865,0.006161019358541399,0.005137968049723339,0.00264555990310914,0.5,34.99500207890066,27.998400665248212,206.1675503164147,99.98572022543047,1.59606480208232e-08,1.9166483053834294e-05,0.13800000000000442
23.016666666666666,1.0057608826033135,-0.029084826193736847,10.013762128252111,0.03268870285219372,55.53777737264834,392.28926462918895,7674.567788959226,-0.00732414871706968,-0.004519431408247931,0.008794491735715714,0.5,34.99499845722028,27.998399506310488,206.16755284743184,99.98570987777222,1.5972222094712508e-08,1.9180371676473804e-05,0.1381000000000044
23.033333333333335,1.0184018021097023,-0.024053154968208607,10.015652720985713,0.03409265559060881,55.57385633862808,392.2827259121407,7674.5751467237915,0.012641796256433255,0.005064280259948432,0.0018014220155107056,0.5,34.9949948355399,27.998398347372767,206.16755537877748,99.98569953011399,1.5983796168601684e-08,1.9194260298920418e-05,0.13820000000000443
23.05,1.0117644513367288,-0.020102349593718694,10.006715898461788,0.024241241355454583,55.653903544399306,392.27619229576646,7674.582516213385,-0.006640794401406528,0.003791864062989389,-0.009005410360017552,0.5,34.99499121385952,27.99839718843505,206.16755791044773,99.98568918245577,1.5995370242490727e-08,1.9208148921174132e-05,0.13830000000000445
23.066666666666666,1.014891011312783,-0.017824634370375805,10.004173294981737,0.02359863401117858,55.66290718002881,392.2696637885524,7674.589897418776,0.003125718437709318,0.0022323931113574246,-0.0025824870567572873,0.5,34.99498759217914,27.998396029497325,206.16756044243868,99.98567883479754,1.6006944316379638e-08,1.922203754323495e-05,0.13840000000000444
23.083333333333332,1.0105284937214214,-0.017533752500939206,10.00099168285467,0.02047604161978101,55.71231067862199,392.26314039896147,7674.597290330668,-0.0043634993121211465,0.00023460398960407157,-0.0031862561123390037,0.5,34.994983970498765,27.998394870559604,206.16756297474655,99.98566848713932,1.6018518390268413e-08,1.923592616510287e-05,0.13850000000000445
23.1,1.0025459600329525,-0.02215325678241811,9.99977528629569,0.022300201124884445,55.7370489227001,392.2566221354287,7674.60469493971,-0.00798295498145797,-0.004640159304442423,-0.0011350603435920372,0.5,34.99498034881839,27.998393711621883,206.16756550736756,99.98565813948112,1.6030092464157053e-08,1.9249814786777895e-05,0.13860000000000447
23.116666666666667,1.0068949904390405,-0.03193114652541206,10.00093240042529,0.03268045224992707,55.718157351349454,392.2501090063667,7674.612111236482,0.004349576537627459,-0.009756096719867166,0.0013283892663638209,0.5,34.99497672713802,27.998392552684166,206.16756804029794,99.98564779182291,1.604166653804556e-08,1.9263703408260023e-05,0.13870000000000446
23.133333333333333,1.0061132436504974,-0.02882645846536141,10.005439506313895,0.029965670507134657,55.84395025353667,392.24360102015453,7674.619539211512,-0.0007793570754828149,0.0031833804240870033,0.004451873184185256,0.5,34.994973105457646,27.998391393746445,206.16757057353408,99.98563744416471,1.6053240611933935e-08,1.927759202954925e-05,0.13880000000000448
23.15,1.0169921476599246,-0.026086231597263417,10.008387952980058,0.032243560605370356,55.85067507502627,392.2370981851509,7674.626978855263,0.010880316948390461,0.002791851727828838,0.0028996108571879473,0.5,34.99496948377728,27.99839023480873,206.1675731070723,99.98562709650652,1.6064814685822175e-08,1.9291480650645582e-05,0.1389000000000045
23.166666666666668,1.0155609758035897,-0.03223613824393364,10.01111490166136,0.03748267486097439,55.87573742256796,392.2306005096864,7674.634430158137,-0.0014297839522361894,-0.006100572892822032,0.002835596838446334,0.5,34.99496586209691,27.99838907587101,206.16757564090898,99.98561674884832,1.6076388759710278e-08,1.9305369271549017e-05,0.13900000000000448
23.183333333333334,1.0080656029342332,-0.035891094698681195,10.009124308454837,0.037901500289633905,55.943338758066716,392.2241080020638,7674.641893110478,-0.007496556331959486,-0.00368953756115927,-0.0019257412267045092,0.5,34.99496224041655,27.998387916933297,206.1675781750406,99.98560640119013,1.608796283359825e-08,1.9319257892259552e-05,0.1391000000000045
23.2,1.017871335135992,-0.03424288644886243,10.007644844205709,0.039376200591170404,55.96684890969909,392.2176206705598,7674.649367702567,0.00980482674266369,0.0016217956523319626,-0.0015083709684213197,0.5,34.99495861873618,27.998386757995576,206.16758070946366,99.98559605353195,1.609953690748609e-08,1.933314651277719e-05,0.13920000000000451
23.216666666666665,1.0075369606260685,-0.030599635077338115,10.005892366767279,0.032060679027640426,56.071635414398635,392.2111385234259,7674.656853924628,-0.010335366190833447,0.0036117088556607453,-0.001816594625215655,0.5,34.99495499705582,27.998385599057862,206.16758324417466,99.98558570587377,1.6111110981373792e-08,1.9347035133101933e-05,0.1393000000000045
23.233333333333334,1.011340199962534,-0.0362996734774651,10.005033692971452,0.038361968834170396,56.024492635100344,392.2046615688847,7674.664351766823,0.0038027380384594704,-0.005714281152323166,-0.0007581221560548835,0.5,34.99495137537546,27.998384440120144,206.1675857791702,99.9855753582156,1.612268505526136e-08,1.9360923753233775e-05,0.13940000000000452
23.25,1.002036908140161,-0.02869948134382952,10.01122123822536,0.03088263027698986,56.175818304405,392.19818981513475,7674.67186121925,-0.0092997821148918,0.007707728832076123,0.006053060524652989,0.5,34.994947753695094,27.99838328118243,206.16758831444687,99.98556501055742,1.6134259129148795e-08,1.937481237317272e-05,0.13950000000000454
23.266666666666666,1.0010296304734674,-0.028645139585283554,10.008339961511297,0.029852360189927114,56.14844499423442,392.1917232703473,7674.679382271952,-0.0010087195330796622,3.9711577317076675e-06,-0.0028817860234211104,0.5,34.99494413201474,27.998382122244713,206.16759085000132,99.98555466289926,1.6145833203036098e-08,1.938870099291877e-05,0.13960000000000453
23.283333333333335,1.0030568369953627,-0.028071028069711533,10.009919323191214,0.029928827150170687,56.18620306901345,392.18526194266695,7674.686914914909,0.002027988214396886,0.0006016436898661007,0.0015690798606084494,0.5,34.99494051033439,27.998380963307007,206.16759338583023,99.9855443152411,1.6157407276923265e-08,1.940258961247192e-05,0.13970000000000454
23.3,0.9954991229501408,-0.02079202728953874,10.008131423799092,0.022774394879744447,56.2866899546587,392.178805840211,7674.694459138039,-0.007558476435413594,0.007246713161854438,-0.0019145716918052248,0.5,34.99493688865403,27.99837980436929,206.16759592193037,99.98553396758295,1.6168981350810297e-08,1.941647823183217e-05,0.13980000000000456
23.316666666666666,1.0039731873200002,-0.02225153935409392,10.003442536637536,0.02286424249232171,56.23574390050167,392.1723549710708,7674.702014931204,0.008472303117502609,-0.0015411006652766754,-0.004662707805338594,0.5,34.99493326697368,27.99837864543158,206.16759845829847,99.9855236199248,1.6180555424697196e-08,1.9430366850999528e-05,0.13990000000000455
23.333333333333332,1.012244298875146,-0.02543980330712119,10.00150906797141,0.02827351992990633,56.26898884288059,392.16590934331157,7674.709582284202,0.008270306887949332,-0.0032217877362394646,-0.001877075207184835,0.5,34.99492964529333,27.99837748649387,206.1676009949314,99.98551327226666,1.6192129498583963e-08,1.9444255469973984e-05,0.14000000000000457
23.35,1.007845829457488,-0.03447573141881663,10.004055049756372,0.03558926332787851,56.314062888756965,392.1594689649716,7674.717161186772,-0.004397138223567135,-0.008989644340581056,0.0027048684732366,0.5,34.99492602361298,27.998376327556155,206.16760353182596,99.98550292460851,1.6203703572470598e-08,1.9458144088755544e-05,0.14010000000000458
23.366666666666667,1.0156352919495661,-0.03334583973180273,10.001837943036092,0.036875495013089024,56.37461750417285,392.1530338440621,7674.724751628592,0.007788150298758382,0.0010905674558892879,-0.0022367115071385488,0.5,34.994922401932634,27.99837516861844,206.16760606897904,99.98549257695038,1.6215277646357093e-08,1.9472032707344207e-05,0.14020000000000457
23.383333333333333,1.0085449841810536,-0.034500704391006956,10.00150749913332,0.035575211320330716,56.4433967236425,392.1466039885683,7674.73235359928,-0.007090503424393978,-0.0011605212486698905,-0.00030999347201692365,0.5,34.994918780252284,27.99837400968073,206.16760860638757,99.98548222929224,1.6226851720243456e-08,1.9485921325739974e-05,0.1403000000000046
23.4,1.0067717988978921,-0.020637192411665804,10.005718968441107,0.02246044343523249,56.55361709076047,392.1401794064473,7674.739967088395,-0.0017711588552227191,0.013935431206645907,0.00396701314736304,0.5,34.99491515857194,27.99837285074302,206.16761114404852,99.98547188163413,1.6238425794129687e-08,1.9499809943942844e-05,0.1404000000000046
23.416666666666668,1.0071779481855223,-0.035478090746173745,9.999781263815963,0.03619757908089773,56.42743118287365,392.1337601056332,7674.747592085433,0.00040324160429996677,-0.01494295637210706,-0.0056759712048134,0.5,34.9949115368916,27.99837169180531,206.16761368195887,99.98546153397601,1.6249999868015786e-08,1.9513698561952815e-05,0.1405000000000046
23.433333333333334,1.000792899526043,-0.0411045693353006,10.002706419506856,0.04120122028249241,56.54078109686619,392.12734609403,7674.755228579832,-0.006383093756055243,-0.005574360384629683,0.0030232928754030143,0.5,34.99490791521126,27.998370532867604,206.16761622011566,99.98545118631789,1.6261573941901746e-08,1.952758717976989e-05,0.1406000000000046
23.45,1.0118890607371405,-0.04565504758328457,10.005343161451199,0.04747981803321896,56.54055386528771,392.12093737951665,7674.76287656097,0.011098157576951801,-0.004503467149674933,0.002716254831106885,0.5,34.99490429353092,27.998369373929897,206.1676187585159,99.98544083865978,1.6273148015787573e-08,1.9541475797394066e-05,0.14070000000000463
23.466666666666665,1.017323756992709,-0.02979926946408178,10.001988145278656,0.03452650635570147,56.703363624530766,392.1145339699434,7674.770536018163,0.005432487105313913,0.015793884011178996,-0.003635252434922938,0.5,34.99490067185059,27.99836821499219,206.16762129715678,99.98543049100167,1.6284722089673268e-08,1.9555364414825344e-05,0.14080000000000462
23.483333333333334,1.0164819893812502,-0.015019609990728223,10.004431180165273,0.022735416421391187,56.757918884053026,392.10813587313703,7674.778206940666,-0.0008408120953332428,0.014820689248502755,0.002180349840620656,0.5,34.99489705017025,27.99836705605448,206.1676238360354,99.98542014334357,1.629629616355883e-08,1.9569253032063725e-05,0.14090000000000463
23.5,1.006105694832518,-0.024674076572137802,10.003176332098237,0.02561614722135903,56.68953188082888,392.1017430968946,7674.785889317678,-0.010376729247375023,-0.009675110249951959,-0.0010842561205042615,0.5,34.99489342848992,27.998365897116773,206.1676263751489,99.98540979568547,1.6307870237444254e-08,1.958314164910921e-05,0.14100000000000465
23.516666666666666,1.0118715371107596,-0.027272390256958733,10.00497529042947,0.03015788926651984,56.72703525176984,392.09535564898977,7674.793583138334,0.005766657784066884,-0.0025662324791077707,0.0018444336014558005,0.5,34.99488980680958,27.998364738179067,206.16762891449451,99.98539944802738,1.6319444311329545e-08,1.9597030265961794e-05,0.14110000000000464
23.533333333333335,1.0002103797889692,-0.0240068071257283,10.004840378960669,0.02449082977158066,56.844578562657176,392.08897353716753,7674.801288391709,-0.011661217734305743,0.003262711006062926,-0.00019222719649955548,0.5,34.99488618512925,27.99836357924136,206.1676314540695,99.98538910036929,1.6331018385214704e-08,1.9610918882621482e-05,0.14120000000000466
23.55,1.0075960789255947,-0.02321566407463212,10.006898322266807,0.02538258366789384,56.822347090167334,392.0825967691457,7674.80900506682,0.007386547212512383,0.0008270778497180894,0.0020437660118548125,0.5,34.994882563448925,27.998362420303657,206.16763399387108,99.98537875271121,1.634259245909973e-08,1.9624807499088273e-05,0.14130000000000467
23.566666666666666,1.004833842995392,-0.02769645401368998,9.99940896965241,0.028121300311986314,56.8560952156539,392.076225352617,7674.816733152623,-0.002765563390425587,-0.0046116184579160615,-0.00740951047625428,0.5,34.9948789417686,27.99836126136595,206.16763653389657,99.98536840505314,1.6354166532984618e-08,1.9638696115362165e-05,0.14140000000000466
23.583333333333332,1.0064154361068123,-0.02564051982499789,10.000077885852798,0.026431049144501156,56.924935835872624,392.0698592952443,7674.824472638012,0.0015819044604976338,0.0020673573806469846,0.0006327303035878332,0.5,34.994875320088276,27.99836010242825,206.16763907414332,99.98535805739508,1.6365740606869373e-08,1.965258473144316e-05,0.14150000000000468
23.6,1.011141384350522,-0.021061348088961124,10.00387112793543,0.024139434808924165,56.97253759268644,392.0634986046683,7674.832223511823,0.0047274941847440625,0.0046452442929083345,0.0037120348154097683,0.5,34.99487169840795,27.998358943490544,206.16764161460867,99.985347709737,1.6377314680753996e-08,1.966647334733126e-05,0.1416000000000047
23.616666666666667,1.0057102774080113,-0.016313429951098614,10.010663793903063,0.020309335307913894,57.04262208510512,392.0571432885006,7674.839985762833,-0.005428891474673786,0.004866729905056513,0.006708052853236573,0.5,34.99486807672763,27.99835778455284,206.16764415529005,99.98533736207892,1.6388888754638487e-08,1.968036196302646e-05,0.14170000000000468
23.633333333333333,0.9999198236822753,-0.023006843341712675,10.01248944349274,0.026178370063633914,57.01944080077853,392.050793354325,7674.847759379756,-0.005789827288016089,-0.006660436559207425,0.0019425148460187579,0.5,34.994864455047306,27.998356625615138,206.16764669618485,99.98532701442088,1.640046282852284e-08,1.9694250578528767e-05,0.1418000000000047
23.65,1.0111650251796458,-0.03459370930046057,10.009685240573194,0.03761983093044763,56.98573173300768,392.0444488097001,7674.855544351246,0.011243791973855903,-0.011634293004994002,-0.002600431389973309,0.5,34.994860833366985,27.998355466677438,206.16764923729053,99.98531666676283,1.6412036902407058e-08,1.9708139193838173e-05,0.14190000000000472
23.666666666666668,1.0069930842816552,-0.03387964010594278,10.007394602583592,0.0353757537853923,57.13409233042944,392.03810966215747,7674.8633406659,-0.004173309653760064,0.0006736183997259281,-0.00230285770322441,0.5,34.99485721168667,27.99835430773973,206.1676517786046,99.98530631910477,1.6423610976291145e-08,1.9722027808954682e-05,0.1420000000000047
23.683333333333334,1.0099721930071799,-0.02763649662227781,10.00873018352226,0.03065091623860621,57.18759456588219,392.0317759192027,7674.871148312253,0.0029798257054962952,0.0062656832317173556,0.0012254918348282642,0.5,34.99485359000636,27.998353148802032,206.1676543201246,99.98529597144673,1.64351850501751e-08,1.9735916423878295e-05,0.14210000000000472
23.7,1.016350179793194,-0.03384638228745713,10.009182414639016,0.038695108057911515,57.15120076241037,392.02544758831243,7674.878967278782,0.006378229432372603,-0.006200918442136246,0.0005619640280902339,0.5,34.994849968326044,27.998351989864332,206.16765686184803,99.98528562378868,1.6446759124058918e-08,1.9749805038609007e-05,0.14220000000000474
23.716666666666665,1.0176503272377424,-0.03338386130685905,10.004460495642837,0.038025756098989213,57.23854346399829,392.0191246769382,7674.886797553899,0.0012973771206027554,0.0003786384604675934,-0.004729383673801317,0.5,34.99484634664573,27.998350830926633,206.16765940377252,99.98527527613066,1.64583331979426e-08,1.9763693653146824e-05,0.14230000000000473
23.733333333333334,1.023380954728236,-0.0335479995369049,10.003025079803926,0.0410040219701829,57.26573972690251,392.01280719250536,7674.894639125961,0.005729789082312727,-0.00018967754423443545,-0.001432264542911775,0.5,34.99484272496542,27.998349671988937,206.16766194589562,99.98526492847263,1.6469907271826152e-08,1.9777582267491744e-05,0.14240000000000475
23.75,1.0168042350251052,-0.025246086223567058,10.00126232466896,0.030353747491915346,57.384607654033616,392.00649514241053,7674.902491983262,-0.006577624136240734,0.00826921521439688,-0.001910274782147307,0.5,34.994839103285116,27.998348513051237,206.16766448821502,99.98525458081461,1.648148134570957e-08,1.9791470881643764e-05,0.14250000000000476
23.766666666666666,1.0027345047718932,-0.012851469655864518,9.99556112269693,0.013868622696708539,57.465089527436795,392.00018853402605,7674.91035611404,-0.014071625767725615,0.01229222024663294,-0.005918745309663127,0.5,34.99483548160481,27.99834735411354,206.16766703072835,99.98524423315659,1.6493055419592853e-08,1.980535949560289e-05,0.14260000000000475
23.783333333333335,1.002693929370216,-0.023994120306700145,9.99141331749409,0.025626090044938418,57.341768011832016,391.99388737469445,7674.91823150647,-4.190908043364174e-05,-0.011213530020300243,-0.003952176007309523,0.5,34.9948318599245,27.99834619517584,206.1676695734333,99.98523388549857,1.6504629493476e-08,1.9819248109369117e-05,0.14270000000000477
23.8,0.9998891115663394,-0.015475208696865759,9.996824616862524,0.015798022884603656,57.5013521635024,391.9875916717341,7674.926118148667,-0.0028029539642587093,0.00861217295279179,0.00526160526474172,0.5,34.994828238244196,27.998345036238142,206.1676721163276,99.98522353784057,1.6516203567359015e-08,1.9833136722942448e-05,0.14280000000000478
23.816666666666666,1.0082354421633826,-0.0178550393842218,9.998647010156095,0.01970918681006049,57.45134016849227,391.9813014324354,7674.934016028688,0.008346860675452577,-0.0023475309482294785,0.0018638158799524254,0.5,34.994824616563896,27.99834387730045,206.167674659409,99.98521319018256,1.6527777641241898e-08,1.984702533632288e-05,0.14290000000000477
23.833333333333332,1.0061243998143417,-0.019811722378504027,9.998483143651013,0.020792071900986277,57.52081145540768,391.9750166640617,7674.941925134528,-0.002111096212937409,-0.001959261084034706,-0.00012944719134641927,0.5,34.9948209948836,27.99834271836275,206.16767720267524,99.98520284252456,1.6539351715124645e-08,1.9860913949510416e-05,0.1430000000000048
23.85,0.9948488375017811,-0.021751203817942433,9.996407023975982,0.02263991703656018,57.58474700005232,391.96873737385033,7674.949845454125,-0.011276315367834229,-0.0019754366812274786,-0.0020419379499531758,0.5,34.9948173732033,27.998341559425054,206.16767974612415,99.98519249486655,1.6550925789007256e-08,1.9874802562505053e-05,0.1431000000000048
23.866666666666667,0.9998268337547417,-0.019503138635536252,9.993317382799285,0.020616987203062157,57.60430959498969,391.9624635690106,7674.957776975356,0.004976883948049813,0.002193946477819507,-0.0031283026256193674,0.5,34.994813751523,27.998340400487358,206.16768228975351,99.98518214720858,1.6562499862889735e-08,1.9888691175306794e-05,0.1432000000000048
23.883333333333333,1.0033838741126324,-0.024865116103208452,10.00120598746106,0.02512331135692627,57.61340691255874,391.9561952567268,7674.965719686037,0.003560094716759317,-0.005223262075251531,0.007981128385154464,0.5,34.994810129842705,27.998339241549665,206.16768483356122,99.98517179955059,1.657407393677208e-08,1.9902579787915635e-05,0.1433000000000048
23.9,0.9971207299088463,-0.02640808824787689,10.002277947800941,0.02666202055595401,57.696925974748616,391.94993244415616,7674.973673573924,-0.00626266456876173,-0.0015240240209871468,0.001098732257652473,0.5,34.99480650816241,27.99833808261197,206.16768737754515,99.98516145189261,1.6585648010654292e-08,1.991646840033158e-05,0.14340000000000483
23.916666666666668,1.002183509900567,-0.03354883978871686,10.007002084223874,0.03434138172604321,57.67911959288229,391.94367513842786,7674.981638626717,0.0050652517712810215,-0.0070572458835739945,0.004847996733371957,0.5,34.99480288648212,27.99833692367428,206.1676899217032,99.98515110423463,1.6597222084536367e-08,1.9930357012554628e-05,0.14350000000000482
23.933333333333334,1.0043961571242352,-0.027312614551223174,10.00381381315515,0.02792594260470334,57.79538510646408,391.93742334664336,7674.989614832051,0.002210953881021222,0.006179443145672578,-0.003296976993068994,0.5,34.994799264801834,27.998335764736588,206.16769246603326,99.98514075657667,1.660879615841831e-08,1.9944245624584776e-05,0.14360000000000483
23.95,1.0121062504497491,-0.024256007340344624,10.000321732563766,0.02711125863514964,57.80398932361028,391.93117707588056,7674.997602177509,0.007708521827170045,0.002994685945072805,-0.003545324842262082,0.5,34.99479564312154,27.99833460579889,206.16769501053332,99.98513040891869,1.662037023230012e-08,1.995813423642203e-05,0.14370000000000485
23.966666666666665,1.0094348706202159,-0.030680568948646226,9.993944787621382,0.032664186698151826,57.81911815935972,391.9249363331869,7675.0056006506065,-0.0026744370142722513,-0.00653605352119803,-0.006262620379811242,0.5,34.994792021441256,27.998333446861203,206.16769755520136,99.98512006126073,1.6631944306181795e-08,1.9972022848066386e-05,0.14380000000000484
23.983333333333334,0.9953565469446175,-0.03304943587476711,9.998451924030478,0.033409991750128466,57.91780427264995,391.91870112558547,7675.013610238801,-0.01407581710617409,-0.002289655630609413,0.004547887460816005,0.5,34.99478839976097,27.99833228792351,206.16770010003538,99.98510971360278,1.6643518380063335e-08,1.9985911459517845e-05,0.14390000000000486
24.0,1.003876731079177,-0.03427569636455561,10.00510280330831,0.034869798393183146,57.905810739651045,391.9124714600723,7675.021630929497,0.008524091692036925,-0.0011100445358964894,0.006671258964704736,0.5,34.99478477808069,27.99833112898582,206.16770264503336,99.98509936594483,1.665509245394474e-08,1.9999800070776407e-05,0.14400000000000487
24.016666666666666,0.9909152565607033,-0.03522921834031587,10.006836393479782,0.03701794792460546,58.002067786679866,391.90624734361654,7675.029662710031,-0.01296042307369001,-0.0009232009733582688,0.0017499251266267116,0.5,34.99478115640041,27.99832997004813,206.16770519019337,99.98508901828687,1.6666666527826016e-08,2.001368868184207e-05,0.14410000000000486
24.033333333333335,0.9920188244115395,-0.034761412403013836,10.004601068252843,0.03596112486835881,58.010867637722654,391.9000287831584,7675.037705567682,0.0011022025512430619,0.0004290569545345141,-0.0022430848251247773,0.5,34.99477753472013,27.99832881111044,206.1677077355135,99.98507867062894,1.6678240601707158e-08,2.0027577292714835e-05,0.14420000000000488
24.05,0.9968326818083693,-0.03760579616199363,10.00064366339244,0.03774441378102015,58.02271775860681,391.89381578561387,7675.045759489675,0.004811358207513083,-0.002912636635719964,-0.003907443390134,0.5,34.99477391303985,27.998327652172755,206.16771028099183,99.985068322971,1.668981467558816e-08,2.0041465903394705e-05,0.1443000000000049
24.066666666666666,1.0134397033339413,-0.03513786531125238,10.000763708992922,0.037628243989289295,58.06309103402082,391.8876083578691,7675.053824463171,0.016607097847765297,0.002469656972101077,7.673457301963982e-05,0.5,34.99477029135957,27.998326493235062,206.16771282662648,99.98505797531307,1.6701388749469032e-08,2.0055354513881674e-05,0.14440000000000489
24.083333333333332,1.0128942945095694,-0.028004623703091078,9.999361703643661,0.030837074614178086,58.17343480241862,391.881406506788,7675.061900475271,-0.0005461813603626107,0.007107335887560958,-0.001527917198280941,0.5,34.9947666696793,27.998325334297377,206.16771537241559,99.98504762765515,1.671296282334977e-08,2.006924312417575e-05,0.1445000000000049
24.1,1.001511805794949,-0.020975938431038062,10.00047207562946,0.021035652282675545,58.24348098280816,391.8752102392046,7675.069987513018,-0.011382014139060875,0.007047117568506366,0.0009866493698388397,0.5,34.99476304799902,27.998324175359688,206.16771791835728,99.98503727999721,1.6724536897230376e-08,2.0083131734276927e-05,0.14460000000000492
24.116666666666667,1.0142042389453572,-0.02031150102030073,10.001247950452598,0.02481695265936335,58.18564549116697,391.869019561925,7675.078085563396,0.0126927127506912,0.0006779818967430542,0.000764067599334471,0.5,34.99475942631875,27.998323016422,206.1677204644498,99.9850269323393,1.6736110971110844e-08,2.0097020344185206e-05,0.1447000000000049
24.133333333333333,1.0209536289049013,-0.026012752781976813,10.003446412901308,0.03358017879198289,58.20816695436335,391.8628344817292,7675.086194613328,0.006750278707592987,-0.005661309788475807,0.0022993650588410733,0.5,34.99475580463849,27.998321857484317,206.1677230106913,99.98501658468139,1.674768504499118e-08,2.011090895390059e-05,0.14480000000000492
24.15,1.0065463228514815,-0.013294456748339777,10.00976003790621,0.017744578929568128,58.40678391209136,391.85665500537215,7675.09431464968,-0.014405140428963471,0.012828008363819933,0.006087619938480109,0.5,34.994752182958216,27.998320698546628,206.16772555708005,99.98500623702348,1.675925911887138e-08,2.0124797563423073e-05,0.14490000000000494
24.166666666666668,1.0046186183400803,-0.02743175942810091,10.012850866637509,0.030643208824974323,58.267005350646365,391.85048113958163,7675.102445659258,-0.0019266060209217764,-0.014080881969913974,0.003338459717492925,0.5,34.99474856127795,27.998319539608943,206.16772810361425,99.98499588936556,1.677083319275145e-08,2.013868617275266e-05,0.14500000000000493
24.183333333333334,1.004603449166365,-0.02336138223817741,10.012060486908346,0.026691270150753774,58.39902730420445,391.84431289105675,7675.110587628808,-1.551951250630716e-05,0.004055893898180664,-0.0008616235623696756,0.5,34.99474493959769,27.998318380671257,206.1677306502922,99.98498554170767,1.6782407266631382e-08,2.015257478188935e-05,0.14510000000000495
24.2,0.9986094512934438,-0.027874819266327244,10.008142409809667,0.02907288255767756,58.407208666059894,391.8381502664695,7675.118740545017,-0.005995749729776813,-0.004581237113005072,-0.0038385811908019174,0.5,34.99474131791742,27.998317221733576,206.1677331971122,99.98497519404978,1.679398134051118e-08,2.016646339083314e-05,0.14520000000000496
24.216666666666665,0.997044120834323,-0.039598385764453195,10.004691966032558,0.03998467621686028,58.397200460776624,391.8319932724675,7675.126904394513,-0.0015673621314485405,-0.011781876418886542,-0.0032457601168521862,0.5,34.99473769623716,27.99831606279589,206.1677357440725,99.98496484639189,1.6805555414390847e-08,2.018035199958404e-05,0.14530000000000495
24.233333333333334,1.0023645237850696,-0.029545224595886082,10.003677605969655,0.02986704770244649,58.538863858443534,391.82584191566895,7675.135079163865,0.005319790898029603,0.010033933178241623,-0.001189605466089478,0.5,34.9947340745569,27.99831490385821,206.16773829117147,99.98495449873401,1.681712948827038e-08,2.0194240608142036e-05,0.14540000000000497
24.25,1.0038718178433554,-0.024378657639576418,10.001535865868517,0.024731990007868198,58.56238272058566,391.8196962026665,7675.143264839583,0.0015062862098206226,0.005128280096885748,-0.0022318617920823363,0.5,34.994730452876645,27.998313744920527,206.16774083840744,99.98494415107612,1.6828703562149776e-08,2.0208129216507137e-05,0.145500000000005
24.266666666666666,0.9980237465875536,-0.025380100978043864,9.995932683751619,0.025779870482156162,58.5871103090004,391.813556140027,7675.151461408117,-0.005850504314247023,-0.0010991722017661067,-0.005584832431089157,0.5,34.99472683119639,27.998312585982845,206.1677433857788,99.98493380341826,1.684027763602904e-08,2.022201782467934e-05,0.14560000000000498
24.283333333333335,0.9972579225150094,-0.028160143509222482,9.990378477500954,0.029884767506079574,58.604582316809086,391.8074217342865,7675.159668855858,-0.0007684191463343631,-0.002876326706887703,-0.0055049597239348776,0.5,34.99472320951614,27.998311427045167,206.16774593328392,99.9849234557604,1.685185170990817e-08,2.0235906432658646e-05,0.145700000000005
24.3,0.9971487513156735,-0.03272877098748127,9.99419318962646,0.03336211277998833,58.63872645702407,391.8012929919586,7675.167887169142,-0.00010714422918432696,-0.004501545817410747,0.003893644415805775,0.5,34.99471958783588,27.99831026810748,206.16774848092123,99.98491310810252,1.6863425783787168e-08,2.0249795040445054e-05,0.145800000000005
24.316666666666666,1.0034106909298994,-0.04009596104953279,9.99301091141247,0.0408429868500499,58.644547129595026,391.7951699195262,7675.176116334238,0.006261188264167952,-0.007386706763552795,-0.0010534866549007222,0.5,34.99471596615563,27.998309109169803,206.16775102868914,99.98490276044465,1.687499985766603e-08,2.0263683648038566e-05,0.145900000000005
24.333333333333332,1.0030443574758956,-0.03658218577755916,9.997172265859849,0.03681731942577383,58.7644795420511,391.78905252345,7675.184356337363,-0.00036354891274847006,0.0035860966581206938,0.0040991938894249695,0.5,34.99471234447538,27.998307950232125,206.16775357658608,99.9848924127868,1.6886573931544757e-08,2.0277572255439178e-05,0.14600000000000501
24.35,1.0204083085160887,-0.027491623249744603,9.994488585340571,0.03467866948883147,58.784791188817806,391.78294081015883,7675.192607164674,0.01736245059460132,0.009041759611641696,-0.0028437741704192402,0.5,34.99470872279513,27.998306791294443,206.16775612461055,99.98488206512896,1.689814800542335e-08,2.0291460862646896e-05,0.14610000000000503
24.366666666666667,1.01781410991348,-0.017775054900791683,9.991692274396168,0.02650032970790805,58.8813202341762,391.77683478605843,7675.200868802264,-0.0025953032193594826,0.009665296464662815,-0.0029686864051239833,0.5,34.99470510111489,27.998305632356765,206.16775867276098,99.98487171747111,1.6909722079301813e-08,2.0305349469661715e-05,0.14620000000000502
24.383333333333333,1.0176723597137167,-0.011160831057536244,9.990691547710874,0.022879940673344087,58.89952332471465,391.7707344575254,7675.209141236174,-0.00014200289649937006,0.006595405464607821,-0.001118050867148989,0.5,34.994701479434646,27.998304473419086,206.1677612210359,99.98486136981327,1.692129615318014e-08,2.0319238076483637e-05,0.14630000000000504
24.4,1.0132029390561623,-0.014445148439115105,9.99088494225068,0.02158781698627991,58.898495071522575,391.7646398309078,7675.217424452384,-0.004469377444974702,-0.003280374304590635,0.00025156818814418033,0.5,34.9946978577544,27.99830331448141,206.16776376943383,99.98485102215542,1.693287022705833e-08,2.0333126683112663e-05,0.14640000000000505
24.416666666666668,1.001554840031314,-0.009991058179539597,9.99671584595576,0.01063125307523607,59.003024911253654,391.75855091253294,7675.225718436811,-0.01164685564730555,0.0045559159800368865,0.005751694253110616,0.5,34.99469423607416,27.998302155543733,206.1677663179533,99.9848406744976,1.694444430093639e-08,2.034701528954879e-05,0.14650000000000504
24.433333333333334,0.9931974977274151,-0.01026983183789857,9.997214972440748,0.012629459820745046,59.00630735200551,391.7524677086938,7675.23402317532,-0.008357254068352273,-0.00027004331863741363,0.0005039033643728611,0.5,34.99469061439392,27.998300996606055,206.16776886659284,99.98483032683977,1.6956018374814315e-08,2.0360903895792018e-05,0.14660000000000506
24.45,1.0005141786317913,-0.019613051026781805,9.996352967620336,0.019955859991344645,58.95552769492848,391.7463902256619,7675.242338653711,0.007316456122989413,-0.009356801907063898,-0.0006993253135130582,0.5,34.99468699271368,27.99829983766838,206.16777141535107,99.98481997918195,1.6967592448692105e-08,2.037479250184235e-05,0.14670000000000508
24.466666666666665,1.0059627900040378,-0.023895511839859867,9.998271474155095,0.024688739377179983,59.02993457516538,391.740318469679,7675.25066485773,0.005449339802260609,-0.00424821337401264,0.0019931935707353274,0.5,34.994683371033446,27.998298678730706,206.16777396422654,99.98480963152414,1.697916652256976e-08,2.0388681107699787e-05,0.14680000000000507
24.483333333333334,1.01077465129967,-0.018518844736492422,10.003194818316146,0.021662380010761498,59.12615821056001,391.7342524469616,7675.259001773062,0.004813683600840749,0.005462477655792112,0.004827960400331633,0.5,34.99467974935321,27.998297519793027,206.16777651321786,99.98479928386632,1.6990740596447282e-08,2.0402569713364326e-05,0.14690000000000508
24.5,1.0008610981497243,-0.033419506703695104,10.006366138510264,0.03403139487449765,59.09477619010198,391.7281921636965,7675.267349385334,-0.009912115781372828,-0.014842697047254255,0.003432396472771505,0.5,34.99467612767298,27.998296360855353,206.16777906232366,99.98478893620852,1.7002314670324672e-08,2.0416458318835966e-05,0.1470000000000051
24.516666666666666,0.9879733727517748,-0.028257215592999867,10.004251026843528,0.031002516148583334,59.24905397196814,391.7221376260491,7675.275707680114,-0.01288886387078464,0.0051248059357923495,-0.002204384299227179,0.5,34.99467250599275,27.99829520191768,206.16778161154258,99.98477858855071,1.7013888744201927e-08,2.043034692411471e-05,0.1471000000000051
24.533333333333335,0.983933060665342,-0.019958465341868164,10.00134909933471,0.025657345719048905,59.282775043879944,391.7160888401512,7675.284076642913,-0.004041533106552902,0.008247587312472198,-0.003044296538458583,0.5,34.994668884312524,27.99829404298001,206.16778416087325,99.98476824089292,1.7025462818079045e-08,2.0444235529200557e-05,0.1472000000000051
24.55,0.9893271225087137,-0.027553508770769168,10.00311905089903,0.02971226377719654,59.214705491832916,391.7100458121123,7675.292456259181,0.005394795704994294,-0.007563440453265516,0.001900468762248472,0.5,34.994665262632296,27.998292884042336,206.16778671031435,99.98475789323513,1.703703689195603e-08,2.0458124134093503e-05,0.14730000000000512
24.566666666666666,0.9943677627292614,-0.031314657905330515,10.005030524059311,0.03221211850183334,59.27703782561717,391.70400854801386,7675.300846514312,0.005041622188935549,-0.003727497738540472,0.0019762925261789747,0.5,34.99466164095207,27.99829172510466,206.16778925986452,99.98474754557733,1.7048610965832886e-08,2.0472012738793557e-05,0.1474000000000051
24.583333333333332,0.9961251700912295,-0.02318546533059939,10.007157185443946,0.024572223867173858,59.39083452735772,391.69797705390954,7675.309247393639,0.0017584188092360413,0.008164905159938961,0.0019851406827453852,0.5,34.99465801927184,27.998290566166986,206.16779180952253,99.98473719791954,1.7060185039709604e-08,2.048590134330071e-05,0.14750000000000513
24.6,1.0086045460023085,-0.024743743461542504,10.00371952721936,0.02646015411553413,59.34757604465213,391.6919513358269,7675.317658882442,0.012477938121209642,-0.0016181769529658196,-0.003409871883581374,0.5,34.994654397591624,27.998289407229322,206.16779435928706,99.98472685026178,1.7071759113586187e-08,2.049978994761497e-05,0.14760000000000514
24.616666666666667,1.0093919540046365,-0.03006781130516219,10.001315706873019,0.031528077058523105,59.399083960951295,391.6859313997673,7675.326080965933,0.0007862582045123032,-0.005365572212629437,-0.0023096935352008713,0.5,34.9946507759114,27.99828824829165,206.16779690915686,99.984716502604,1.7083333187462637e-08,2.051367855173633e-05,0.14770000000000513
24.633333333333333,1.0074016488197048,-0.03307020251755715,10.00197069593801,0.03394576191963287,59.461178215625566,391.6799172517024,7675.3345136292755,-0.0019899442972364473,-0.002990399114676837,0.0007077264157140851,0.5,34.99464715423118,27.998287089353976,206.16779945913066,99.98470615494624,1.7094907261338955e-08,2.052756715566479e-05,0.14780000000000515
24.65,1.0067698416356559,-0.024230318924059246,9.99867875495547,0.025192876197276923,59.56023535701065,391.6739088975806,7675.342956857569,-0.0006334532907076343,0.008780658771609082,-0.0034468023716477995,0.5,34.99464353255097,27.998285930416312,206.16780200920724,99.98469580728847,1.710648133521514e-08,2.0541455759400355e-05,0.14790000000000517
24.666666666666668,1.0050401522197838,-0.012526747040766041,9.997368068739972,0.01375669588897093,59.62024977574446,391.6679063433204,7675.351410635857,-0.0017301098394582094,0.011678758613318423,-0.0015159456653207504,0.5,34.994639910870745,27.998284771478637,206.16780455938536,99.98468545963071,1.7118055409091187e-08,2.0555344362943023e-05,0.14800000000000516
24.683333333333334,1.0025434930757975,-0.024327247395285266,10.000474924126284,0.024464471916767705,59.53773168230347,391.6619095948152,7675.359874949123,-0.002495659943124095,-0.011744261790241902,0.0033131064236644773,0.5,34.99463628919053,27.99828361254097,206.16780710966378,99.98467511197295,1.7129629482967102e-08,2.0569232966292795e-05,0.14810000000000517
24.7,1.007995676086503,-0.0058596863925693505,10.001160743980162,0.009980733265543166,59.7201525777005,391.6559186579315,7675.368349782296,0.0054523636808197955,0.018476751036510624,0.0003617126675644039,0.5,34.994632667510324,27.998282453603306,206.16780966004134,99.98466476431521,1.7141203556842884e-08,2.058312156944967e-05,0.1482000000000052
24.716666666666665,1.0062553992119083,-0.008815576778798687,10.010320546629297,0.014945501779638852,59.66803574315105,391.64993353850673,7675.376835120242,-0.0017391038169955733,-0.002794434178703413,0.009210342514246139,0.5,34.99462904583011,27.998281294665635,206.16781221051687,99.98465441665746,1.7152777630718533e-08,2.0597010172413645e-05,0.14830000000000518
24.733333333333334,1.0042006643310348,-0.011071306675001866,10.006377650227709,0.01344987029615468,59.70612700470821,391.64395424235613,7675.385330947773,-0.002055419154190005,-0.002324555486143609,-0.0039027158169866903,0.5,34.9946254241499,27.99828013572797,206.16781476108918,99.98464406899973,1.7164351704594044e-08,2.0610898775184723e-05,0.1484000000000052
24.75,1.0138922953576508,-0.021537510109593087,9.999295702208043,0.02563888781347471,59.669472433902,391.6379807752613,7675.39383724964,0.009689615770874443,-0.010589295511061367,-0.006896536877493403,0.5,34.994621802469695,27.998278976790303,206.16781731175712,99.984633721342,1.7175925778469422e-08,2.0624787377762905e-05,0.1485000000000052
24.766666666666666,1.0125698288698965,-0.028189201983924512,9.98792902418586,0.03314008905407424,59.757519157222696,391.63201314298436,7675.402354010537,-0.0013273990283547631,-0.006851652130922904,-0.011247275856997443,0.5,34.99461818078949,27.998277817852635,206.16781986251954,99.98462337368426,1.7187499852344668e-08,2.0638675980148188e-05,0.1486000000000052
24.783333333333335,1.0184040878108758,-0.02649312702615346,9.995731650634967,0.03253887991541177,59.83465204622116,391.62605135125295,7675.410881215103,0.005837982307286315,0.0018340918807934177,0.007771341148312688,0.5,34.99461455910929,27.99827665891497,206.16782241337535,99.98461302602654,1.7199073926219782e-08,2.0652564582340577e-05,0.14870000000000522
24.8,1.013953180584427,-0.023515794682582622,10.003022782711627,0.027510695598287605,59.908973366479515,391.6200954057742,7675.419418847914,-0.004447725304591964,0.0031061703631089805,0.007237182509158652,0.5,34.99461093742909,27.998275499977307,206.16782496432342,99.98460267836882,1.7210648000094757e-08,2.0666453184340066e-05,0.14880000000000523
24.816666666666666,1.019328748225958,-0.025060870306117963,10.002458879730943,0.03174452065512923,59.89482196626802,391.61414531222545,7675.427966893491,0.005375328600594914,-0.0015548376234104056,-0.0005364001939373079,0.5,34.99460731574889,27.998274341039643,206.16782751536263,99.9845923307111,1.72222220739696e-08,2.068034178614666e-05,0.14890000000000522
24.833333333333332,1.0156585143341939,-0.020654278664906895,9.997963051467748,0.025998575980046942,59.98940111158216,391.60820107625796,7675.436525336298,-0.003672027458405643,0.004326061338059607,-0.00457336985793794,0.5,34.99460369406869,27.998273182101983,206.16783006649192,99.98458198305339,1.723379614784431e-08,2.0694230387760355e-05,0.14900000000000524
24.85,1.0051781638870574,-0.030816331554118996,9.997972133426764,0.03131399475386898,59.97132176769809,391.60226270349324,7675.445094160738,-0.010480346397052715,-0.010160312658579702,0.00018828035005761577,0.5,34.99460007238849,27.998272023164315,206.16783261771022,99.98457163539568,1.7245370221718886e-08,2.070811898918115e-05,0.14910000000000526
24.866666666666667,1.0057232320784946,-0.025282091170853456,9.98985495032749,0.027835874803330073,60.06356892881559,391.5963301995313,7675.453673351161,0.0005410944157474968,0.00539095182990672,-0.008213044568698471,0.5,34.99459645070829,27.998270864226654,206.16783516901643,99.98456128773799,1.7256944295593325e-08,2.0722007590409054e-05,0.14920000000000525
24.883333333333333,1.006138085541583,-0.02543351549909986,9.986887688359005,0.02926494126543506,60.07630113309352,391.59040356994143,7675.462262891854,0.00041354022075992347,-0.0002034939408355744,-0.0029641459836395895,0.5,34.9945928290281,27.998269705288994,206.16783772040952,99.98455094008028,1.726851836946763e-08,2.0735896191444057e-05,0.14930000000000526
24.9,1.0041121022403652,-0.028488824170109606,9.986165077580175,0.03193586179206763,60.1087061298799,391.5844828202669,7675.470862767051,-0.002026323334000054,-0.0030675144750757504,-0.0006689037675929355,0.5,34.99458920734791,27.99826854635133,206.16784027188848,99.9845405924226,1.7280092443341805e-08,2.0749784792286164e-05,0.14940000000000528
24.916666666666668,0.9970415145020418,-0.019477201040479293,9.994059877533486,0.0205768078686941,60.23260949830903,391.57856795602385,7675.479472960923,-0.007067283121990644,0.009148111780532618,0.007736230291757621,0.5,34.99458558566772,27.99826738741367,206.16784282345228,99.98453024476491,1.7291666517215847e-08,2.0763673392935374e-05,0.14950000000000527
24.933333333333334,1.0032049268036771,-0.016385703415880547,9.994425236901085,0.017602150466345022,60.20210102501843,391.5726589827016,7675.4880934575895,0.006163526651497601,0.0030974038492192326,0.00031134296994125973,0.5,34.99458196398753,27.998266228476012,206.1678453750999,99.98451989710723,1.7303240591089753e-08,2.0777561993391685e-05,0.14960000000000528
24.95,1.0087504279225998,-0.039091412871379135,10.002480349931067,0.04013571337723858,60.10845575039706,391.5667559057633,7675.4967242411085,0.005549400838371448,-0.022560788767810185,0.008452508526248036,0.5,34.99457834230734,27.998265069538352,206.1678479268303,99.98450954944956,1.7314814664963523e-08,2.07914505936551e-05,0.1497000000000053
24.966666666666665,1.0049718020914513,-0.028724248220584433,10.006326976310845,0.02983031423771884,60.350677144002404,391.56085873064677,7675.505365295482,-0.0037763493865095497,0.010433157409261193,0.0036638585596517883,0.5,34.994574720627156,27.99826391060069,206.16785047864255,99.98449920179188,1.732638873883716e-08,2.0805339193725616e-05,0.1498000000000053
24.983333333333334,1.0086930601817463,-0.031053316697826693,10.000913115766284,0.03226012780620276,60.297649164708865,391.5549674627576,7675.514016604655,0.00371843390988422,-0.0024238392637563567,-0.0053720984083432625,0.5,34.99457109894698,27.99826275166303,206.16785303053567,99.98448885413421,1.7337962812710667e-08,2.0819227793603237e-05,0.1499000000000053
25.0,1.003143035344704,-0.03310500198898233,9.990230765434427,0.03465890974391461,60.361386129990194,391.5490821074806,7675.522678152513,-0.005556005749667404,-0.0022389049985756778,-0.010644683685259481,0.5,34.99456747726679,27.99826159272537,206.16785558250865,99.98447850647655,1.7349536886584037e-08,2.083311639328796e-05,0.15000000000000532
25.016666666666666,1.0074181912046334,-0.029795804383019427,9.984650986975396,0.03432713936707437,60.407751596787165,391.54320267017,7675.531349922886,0.004272093048642423,0.0032107935421195814,-0.005636977207331211,0.5,34.99456385558661,27.998260433787717,206.1678581345606,99.98446815881888,1.736111096045727e-08,2.0847004992779785e-05,0.1501000000000053
25.033333333333335,1.0070512854924538,-0.02514908679331789,9.990445149024726,0.02781119909348358,60.47379997411865,391.5373291561538,7675.540031899547,-0.00036412750064176335,0.004747853173735737,0.005711583044232666,0.5,34.994560233906434,27.99825927485006,206.16786068669055,99.98445781116125,1.7372685034330373e-08,2.0860893592078713e-05,0.15020000000000533
25.05,1.0060023156254554,-0.026595551243216786,9.995125520777465,0.027696536006117888,60.48246463215976,391.5314615707351,7675.5487240662105,-0.001046856411759154,-0.0013640244407695143,0.00470505813322301,0.5,34.994556612226255,27.998258115912403,206.16786323889755,99.98444746350359,1.7384259108203342e-08,2.0874782191184745e-05,0.15030000000000535
25.066666666666666,0.9999120497487374,-0.03226823719714745,10.00067578318662,0.03227543204052556,60.513823994762504,391.5255999191878,7675.557426406533,-0.0060874148045700505,-0.005574665029230596,0.005648706115528554,0.5,34.99455299054608,27.998256956974746,206.1678657911807,99.98443711584595,1.7395833182076176e-08,2.088867079009788e-05,0.15040000000000533
25.083333333333332,1.004772573563113,-0.02700051413902492,10.00993160777047,0.029162722582121183,60.58684829584961,391.5197442067601,7675.566138904116,0.004865311090879248,0.005428831725693761,0.00916225730469261,0.5,34.994549368865904,27.99825579803709,206.1678683435391,99.9844267681883,1.7407407255948874e-08,2.0902559388818118e-05,0.15050000000000535
25.1,1.00343415971879,-0.02074089085530587,10.00983643859051,0.023210897344051483,60.64405483704007,391.51389443867373,7675.574861542505,-0.0013384534939910615,0.006256994333732683,-0.00020484827623777282,0.5,34.99454574718574,27.998254639099436,206.16787089597187,99.98441642053068,1.741898132982144e-08,2.0916447987345456e-05,0.15060000000000537
25.116666666666667,1.0041090380861974,-0.020526711869789736,10.001570924732235,0.020992860893641968,60.64218526264021,391.5080506201228,7675.583594305183,0.000671901726392866,6.934901106754485e-05,-0.008267996980705216,0.5,34.99454212550557,27.998253480161782,206.16787344847808,99.98440607287304,1.7430555403693874e-08,2.09303365856799e-05,0.15070000000000536
25.133333333333333,1.004470321509534,-0.013493783111438716,9.997604112088965,0.01441539833556308,60.72277971687122,391.5022127562743,7675.592337175581,0.00036010573687394613,0.006962321039233727,-0.004089471117788277,0.5,34.994538503825396,27.998252321224125,206.16787600105687,99.98439572521542,1.7442129477566172e-08,2.0944225183821444e-05,0.15080000000000537
25.15,0.9955476046423088,-0.015646917140745155,9.99811932650058,0.016376478713828534,60.74029228479344,391.49638085226997,7675.601090137071,-0.008922585865933783,-0.00214381428582842,0.000552713632642922,0.5,34.99453488214523,27.998251162286472,206.16787855370737,99.9843853775578,1.7453703551438334e-08,2.0958113781770093e-05,0.1509000000000054
25.166666666666668,0.9989214578488814,-0.025700698134996824,10.003957878339692,0.026025987431986006,60.708377410544834,391.4905549132228,7675.609853172969,0.0033759599088909907,-0.009950643232386688,0.006012644646024464,0.5,34.99453126046507,27.99825000334882,206.16788110642872,99.98437502990018,1.7465277625310364e-08,2.0972002379525845e-05,0.15100000000000538
25.183333333333334,1.000133793967712,-0.01796258644205149,10.010489666197993,0.02080158503968399,60.85150498718072,391.48473494422063,7675.618626266534,0.001214824952333882,0.007850875831958568,0.006395808639705169,0.5,34.9945276387849,27.99824884441117,206.1678836592201,99.98436468224257,1.747685169918226e-08,2.0985890977088698e-05,0.1511000000000054
25.2,0.9991461362920131,-0.017160659720100405,10.016725644745513,0.023978328398973885,60.86001492115716,391.47892095032336,7675.627409400967,-0.0009857462975356762,0.0009105983201103296,0.006221038662486805,0.5,34.994524017104744,27.99824768547352,206.1678862120807,99.98435433458498,1.7488425773054023e-08,2.0999779574458654e-05,0.1512000000000054
25.216666666666665,1.0035776831195014,-0.021108042827555417,10.010891177066293,0.024020436638401692,60.854104765996354,391.47311293656566,7675.6362025594135,0.004429598365896886,-0.004048744426599281,-0.0057645911784037695,0.5,34.99452039542458,27.998246526535866,206.16788876500965,99.98434398692737,1.749999984692565e-08,2.1013668171635713e-05,0.1513000000000054
25.233333333333334,0.9978441729519797,-0.027298817464159096,10.007557937776838,0.02840752858327068,60.910537694173925,391.46731090795436,7675.645005724961,-0.005734918231031567,-0.006248044818783891,-0.0032246098925148995,0.5,34.99451677374442,27.998245367598216,206.16789131800613,99.98433363926978,1.7511573920797143e-08,2.1027556768619876e-05,0.15140000000000542
25.25,1.0119907680539713,-0.029976909860422594,10.00977930283145,0.033735585803325335,60.92074124912658,391.46151486946735,7675.653818880643,0.014147705467644003,-0.0026387217263804585,0.002267992107092574,0.5,34.994513152064265,27.998244208660566,206.16789387106934,99.98432329161218,1.7523147994668505e-08,2.1041445365411143e-05,0.15150000000000544
25.266666666666666,1.0010961600658934,-0.025044697260192764,10.011548813231382,0.027601069585085312,61.0682076677812,391.45572482606116,7675.662642009431,-0.01089375838325028,0.004962535830105569,0.0016825949859858669,0.5,34.99450953038411,27.998243049722916,206.1678964241985,99.9843129439546,1.7534722068539734e-08,2.105533396200951e-05,0.15160000000000542
25.283333333333335,1.0016447593471849,-0.02526329313840794,10.006244725071834,0.026075665377787265,61.04691880994284,391.44994078265876,7675.671475094246,0.0005462706803924332,-0.0003112584364832706,-0.005299457346419223,0.5,34.99450590870396,27.998241890785266,206.1678989773928,99.98430259629703,1.7546296142410824e-08,2.106922255841498e-05,0.15170000000000544
25.3,1.0087747370403108,-0.029406725410889564,10.001464005317294,0.03072297845050516,61.049093696813586,391.4441627441635,7675.68031811795,0.007127696888353686,-0.004226664311292555,-0.004707293935143168,0.5,34.994502287023806,27.998240731847616,206.1679015306515,99.98429224863945,1.7557870216281782e-08,2.1083111154627553e-05,0.15180000000000546
25.316666666666666,1.010443629703919,-0.017210180320184672,10.001891374545371,0.020219864962105528,61.195408904200654,391.4383907154463,7675.689171063347,0.0016690665214754714,0.012202181959423835,0.00021239859392151107,0.5,34.994498665343656,27.99823957290997,206.1679040839738,99.98428190098187,1.7569444290152608e-08,2.109699975064723e-05,0.15190000000000545
25.333333333333332,1.0063221671702989,-0.025748601669105,10.000943726909874,0.026530239054356003,61.13790555458556,391.4326247013528,7675.698033913189,-0.004121817795311526,-0.0085537763923635,-0.0007972357533076238,0.5,34.994495043663505,27.998238413972324,206.16790663735898,99.9842715533243,1.75810183640233e-08,2.111088834647401e-05,0.15200000000000546
25.35,1.0065794809965067,-0.03299162651657205,9.998628783369375,0.03366915541370526,61.17319819952084,391.4268647067044,7675.7069066501645,0.00025612717417818813,-0.0072825693568806275,-0.0021873625336651854,0.5,34.99449142198336,27.998237255034674,206.16790919080626,99.98426120566674,1.7592592437893855e-08,2.1124776942107892e-05,0.15210000000000548
25.366666666666667,1.009997152108112,-0.025930809580941332,10.000472150994199,0.027795233295306972,61.28523613549024,391.4211107362937,7675.715789256912,0.0034186189634684023,0.00709216146569598,0.001718832461845965,0.5,34.99448780030322,27.998236096097028,206.1679117443149,99.98425085800919,1.7604166511764277e-08,2.1138665537548876e-05,0.15220000000000547
25.383333333333333,1.01191556641148,-0.01965276169469328,9.99655419799198,0.023239432634086378,61.32241247263905,391.4153627948854,7675.724681716011,0.0019168557743926933,0.006207943853352753,-0.004028110205355517,0.5,34.994484178623075,27.998234937159385,206.16791429788415,99.98424051035164,1.7615740585634566e-08,2.1152554132796964e-05,0.1523000000000055
25.4,1.0070989228440101,-0.017365769839648992,9.99987914081711,0.018761103578582877,61.36279985658929,391.4096208872199,7675.733584009986,-0.004815569455424281,0.002345216765562266,0.0032841336368963853,0.5,34.99448055694293,27.99823377822174,206.16791685151333,99.9842301626941,1.7627314659504724e-08,2.1166442727852155e-05,0.1524000000000055
25.416666666666668,1.007651883580684,-0.024699206832534473,9.999179664579113,0.025870299210342715,61.33484202836489,391.4038850180097,7675.742496121304,0.000552703968629568,-0.007344601118343198,-0.0005704381059857489,0.5,34.994476935262796,27.998232619284092,206.1679194052017,99.98421981503655,1.7638888733374742e-08,2.118033132271445e-05,0.1525000000000055
25.433333333333334,1.0093977856391092,-0.02995095345998801,9.996178425449854,0.03162220164637363,61.38230866739042,391.3981551919412,7675.751418032376,0.001744470729804982,-0.005303758384291724,-0.002908336977120286,0.5,34.99447331358265,27.99823146034645,206.16792195894854,99.98420946737902,1.7650462807244628e-08,2.1194219917383844e-05,0.1526000000000055
25.45,1.0074625736975176,-0.033913254795157485,9.998246946117069,0.03476872601739227,61.44217621888083,391.3924314136738,7675.760349725558,-0.0019340591131630416,-0.003925282680583109,0.0021379345626435595,0.5,34.994469691902516,27.998230301408803,206.1679245127532,99.98419911972148,1.766203688111438e-08,2.1208108511860343e-05,0.15270000000000553
25.466666666666665,1.0176567810275146,-0.02271217976312624,9.998003108757699,0.028837104858052427,61.53193954285282,391.3867136878399,7675.76929118315,0.010194086864628409,0.011195017021979278,-0.00044173995429620924,0.5,34.99446607022239,27.998229142471164,206.16792706661494,99.98418877206396,1.7673610954984002e-08,2.1221997106143945e-05,0.15280000000000551
25.483333333333334,1.0151494085905568,-0.016704986261399407,9.994349086375776,0.023247989225654107,61.575813076740594,391.381002019044,7675.778242387395,-0.0025086293467288558,0.005941430902550471,-0.0037600067447735143,0.5,34.99446244854225,27.99822798353352,206.1679296205331,99.98417842440644,1.7685185028853484e-08,2.123588570023465e-05,0.15290000000000553
25.5,1.0125485021516887,-0.03440888537615084,9.993540135854651,0.03719028709407908,61.4893825162381,391.3752964118682,7675.787203320482,-0.002601267273852501,-0.01771544130417885,-0.0004955696155588941,0.5,34.99445882686212,27.99822682459588,206.167932174507,99.98416807674892,1.7696759102722834e-08,2.124977429413246e-05,0.15300000000000555
25.516666666666666,1.0089402940464196,-0.03213983639524131,9.993444275683357,0.03399768498346703,61.641311878335614,391.3695968708638,7675.796173964539,-0.0036082637769804197,0.0022670049654174725,-0.00013587104306489974,0.5,34.99445520518199,27.99822566565824,206.16793472853598,99.98415772909141,1.7708333176592052e-08,2.1263662887837367e-05,0.15310000000000554
25.533333333333335,1.018468147840432,-0.031158767712176072,9.987781556090685,0.038224454587153546,61.637416180047374,391.3639034005553,7675.805154301645,0.009524725817421103,0.0008807328510475837,-0.005679189122549544,0.5,34.99445158350186,27.998224506720597,206.16793728261942,99.9841473814339,1.7719907250461137e-08,2.1277551481349383e-05,0.15320000000000555
25.55,1.0154862332952512,-0.024914106502810313,9.991121467937012,0.03064807757664436,61.744091125474554,391.35821600544455,7675.814144313821,-0.0029802802330702533,0.0063029565394001,0.0032285509292917375,0.5,34.994447961821734,27.998223347782957,206.16793983675663,99.98413703377639,1.7731481324330086e-08,2.12914400746685e-05,0.15330000000000557
25.566666666666666,1.0115703553503947,-0.021897168768673328,9.995755828813294,0.025126745517353416,61.77022524824372,391.35253469000475,7675.82314398303,-0.003913984784799415,0.003098440534337111,0.004580270382038469,0.5,34.99444434014161,27.998222188845315,206.16794239094696,99.98412668611888,1.77430553981989e-08,2.130532866779472e-05,0.15340000000000556
25.583333333333332,1.0089816274555978,-0.030121624927982857,9.994815449456636,0.03185650634097778,61.74328410894362,391.3468594586784,7675.83215329118,-0.002589154780067273,-0.00823975818755296,-0.0007952216993525723,0.5,34.99444071846149,27.998221029907675,206.16794494518982,99.9841163384614,1.775462947206758e-08,2.131921726072804e-05,0.15350000000000558
25.6,1.018703279967578,-0.027976606540517167,9.989404385796574,0.035279930001048676,61.805426564727185,391.34119031588824,7675.841172220125,0.009718909111435522,0.00204893942983898,-0.005448169766157662,0.5,34.99443709678137,27.998219870970036,206.1679474994845,99.98410599080391,1.776620354593613e-08,2.1333105853468464e-05,0.1536000000000056
25.616666666666667,1.0138176259663174,-0.023467449956094427,9.993193978410808,0.02807011578444139,61.90196268407098,391.3355272660246,7675.850200751665,-0.004883952726986767,0.004575660127100025,0.0037090210175104994,0.5,34.99443347510125,27.9982187120324,206.16795005383045,99.98409564314643,1.7777777619804544e-08,2.1346994446015994e-05,0.15370000000000558
25.633333333333333,1.0202432793727625,-0.01623226941744289,9.99044118895576,0.027651274215730614,61.9241323923916,391.3298703134563,7675.85923886754,0.006424699721929217,0.007185179851382016,-0.0028807771807390827,0.5,34.99442985342113,27.99821755309476,206.16795260822707,99.98408529548894,1.7789351693672822e-08,2.1360883038370624e-05,0.1538000000000056
25.65,1.0138839299922149,-0.01578648959717358,9.991018759625044,0.022860557289489013,61.96310591772467,391.32421946252043,7675.868286549438,-0.006359188004370216,0.000455961570647257,0.0005695669827796993,0.5,34.994426231741016,27.998216394157126,206.1679551626737,99.98407494783147,1.7800925767540967e-08,2.1374771630532357e-05,0.15390000000000562
25.666666666666668,1.0110356415562745,-0.024640174336797528,9.98757954308054,0.02971754314222167,61.94179904947259,391.31857471753284,7675.877343778991,-0.002849501754944762,-0.008913072882252324,-0.0032822362312317265,0.5,34.9944226100609,27.998215235219487,206.1679577171698,99.98406460017401,1.781249984140898e-08,2.1388660222501194e-05,0.1540000000000056
25.683333333333334,1.0202862771022974,-0.030654112871079116,9.984039885138658,0.040071931585934334,61.9658888203997,391.3129360827785,7675.886410537774,0.009248927561980948,-0.00607573660001336,-0.0034325001552450544,0.5,34.99441898838079,27.99821407628185,206.16796027171472,99.98405425251654,1.7824073915276858e-08,2.140254881427713e-05,0.15410000000000562
25.7,1.0196866733485048,-0.03287514341855976,9.989943335209507,0.03961518713988034,62.05783594090776,391.3073035625173,7675.895486807311,-0.00059633089690595,-0.002115590244183953,0.005942050716379499,0.5,34.99441536670068,27.998212917344215,206.16796282630793,99.98404390485908,1.78356479891446e-08,2.1416437405860175e-05,0.15420000000000564
25.716666666666665,1.0234280338678872,-0.030849229152899973,9.990453854760169,0.03989431238577622,62.107154419215924,391.3016771609839,7675.904572569065,0.003741644420649394,0.002034694108781422,0.0004743191247459808,0.5,34.99441174502057,27.998211758406583,206.16796538094886,99.98403355720163,1.784722206301221e-08,2.143032599725032e-05,0.15430000000000563
25.733333333333334,1.021956842043071,-0.022854438915985056,9.989212155750845,0.03347702756460469,62.19284202801698,391.2960568823842,7675.913667804447,-0.001471773750736799,0.007971354375730738,-0.0013841953134373698,0.5,34.99440812334046,27.998210599468948,206.16796793563688,99.98402320954418,1.7858796136879686e-08,2.1444214588447567e-05,0.15440000000000564
25.75,1.0036816087759393,-0.027011826347789838,9.990124156167491,0.028994967646973062,62.2127200301126,391.290442730899,7675.922772494814,-0.018274836551177426,-0.004140617340578847,0.000985344293391271,0.5,34.994404501660355,27.998209440531316,206.1679704903715,99.98401286188673,1.7870370210747028e-08,2.1458103179451918e-05,0.15450000000000566
25.766666666666666,1.0028789950089974,-0.025761666233152413,9.989329229932968,0.028032188219505375,62.23571679186247,391.28483471068085,7675.931886621469,-0.000802979858773994,0.0012360495796106866,-0.0008166941493672362,0.5,34.99440087998025,27.99820828159368,206.16797304515208,99.98400251422929,1.7881944284614234e-08,2.1471991770263372e-05,0.15460000000000565
25.783333333333335,0.9944477601602575,-0.027330035942660678,9.999212986944459,0.02789945700412957,62.286611341753016,391.2792328258594,7675.941010165654,-0.008426655595868977,-0.001395866692526188,0.009909589923885975,0.5,34.99439725830015,27.998207122656048,206.16797559997815,99.98399216657185,1.7893518358481307e-08,2.148588036088193e-05,0.15470000000000567
25.8,0.9979772648045181,-0.02447887280999467,10.005075048376874,0.025081036587907123,62.3175598627965,391.27363708053343,7675.950143108563,0.003532154988898555,0.0029526517925139023,0.005811603560055483,0.5,34.994393636620046,27.998205963718412,206.16797815484912,99.98398181891443,1.7905092432348248e-08,2.1499768951307588e-05,0.15480000000000568
25.816666666666666,0.9968982562272437,-0.020990056337965444,10.004447971391874,0.021679083670462913,62.370211758497994,391.26804747877827,7675.9592854313305,-0.001079257395966992,0.0034773718657820306,-0.0006877141664825069,0.5,34.994390014939945,27.99820480478078,206.16798070976446,99.983971471257,1.7916666506215053e-08,2.151365754154035e-05,0.15490000000000567
25.833333333333332,0.9874497915927677,-0.018937969889282875,10.005424538396113,0.023357173325813687,62.42573874192252,391.2624640246425,7675.968437115038,-0.009448124383072387,0.002068688860913156,0.0009408869347300296,0.5,34.99438639325985,27.99820364584315,206.16798326472366,99.98396112359957,1.7928240580081723e-08,2.1527546131580215e-05,0.1550000000000057
25.85,0.9981725190241512,-0.025452334719328305,9.996412668869745,0.02576883544354143,62.361609972416666,391.25688672214466,7675.977598140714,0.010719236458353331,-0.00666953516962596,-0.008897641918171315,0.5,34.99438277157975,27.99820248690552,206.16798581972617,99.98395077594215,1.793981465394826e-08,2.1541434721427183e-05,0.1551000000000057
25.866666666666667,0.9969233864389616,-0.028036022059675356,9.988574910402674,0.03043080594388468,62.455479496078404,391.25131557528397,7675.986768489329,-0.0012527910467384873,-0.002719748115857365,-0.007791588740173254,0.5,34.99437914989966,27.99820132796789,206.1679883747715,99.98394042828474,1.7951388727814666e-08,2.1555323311081256e-05,0.1552000000000057
25.883333333333333,1.004553191192184,-0.022186209101529165,9.981133308784274,0.029476739764497533,62.518711212174296,391.2457505880259,7675.995948141802,0.007626543321590038,0.005718950986502431,-0.007542634554686781,0.5,34.99437552821957,27.998200169030262,206.16799092985914,99.98393008062733,1.796296280168094e-08,2.1569211900542428e-05,0.1553000000000057
25.9,0.9981819200010706,-0.016293229386472836,9.98273823870546,0.02380655495143165,62.60085797970494,391.24019176431375,7676.005137078995,-0.006370732267919156,0.005920127932515797,0.0015016974162146753,0.5,34.99437190653948,27.998199010092634,206.16799348498859,99.98391973296994,1.7974536875547072e-08,2.1583100489810707e-05,0.15540000000000573
25.916666666666668,0.9988180954743519,-0.021319617618938674,9.985165542593677,0.025999819964554537,62.56409842524536,391.2346391080618,7676.014335281718,0.0006369721969647078,-0.004983326232232821,0.002514526178837658,0.5,34.99436828485939,27.998197851155005,206.1679960401593,99.98390938531254,1.7986110949413074e-08,2.1596989078886086e-05,0.15550000000000572
25.933333333333334,0.9959061656533207,-0.03045501360478636,9.986599920402588,0.033524000580639146,62.59108494758595,391.22909262316114,7676.023542730723,-0.0029112817426855944,-0.009109044659670492,0.0015931744747983533,0.5,34.9943646631793,27.998196692217377,206.16799859537082,99.98389903765515,1.7997685023278943e-08,2.161087766776857e-05,0.15560000000000573
25.95,1.0126705926787394,-0.030353201323090405,9.993751092804157,0.03347936139685086,62.63320412975387,391.223552313474,7676.032759406712,0.01676822192730298,0.00022713695130044197,0.007148288472825268,0.5,34.99436104149922,27.99819553327975,206.16800115062267,99.98388868999776,1.800925909714468e-08,2.1624766256458155e-05,0.15570000000000575
25.966666666666665,1.016343288363267,-0.03413675959443411,10.002724030442447,0.03794559631839303,62.687857170820735,391.2180181828374,7676.041985290331,0.0036777454850378494,-0.0036240943084762524,0.009038519708505388,0.5,34.99435741981913,27.99819437434212,206.16800370591434,99.98387834234038,1.8020833171010277e-08,2.1638654844954844e-05,0.15580000000000574
25.983333333333334,1.0026087617730364,-0.0321277511989856,10.000978574091866,0.03224836536044601,62.799879203645446,391.21249023505953,7676.051220362169,-0.013735535995669151,0.0019779455604676008,-0.0017805794140746173,0.5,34.994353798139045,27.99819321540449,206.16800626124538,99.983867994683,1.8032407244875742e-08,2.1652543433258637e-05,0.15590000000000576
26.0,0.9988768508232118,-0.037163441019606745,9.993454668274117,0.037752204580385675,62.77287795885517,391.20696847392526,7676.060464602766,-0.0037364605041713267,-0.0051663294936522336,-0.007434806653858854,0.5,34.994350176458966,27.99819205646687,206.1680088166153,99.98385764702562,1.8043981318741075e-08,2.166643202136953e-05,0.15600000000000577
26.016666666666666,0.9918612177897383,-0.03610428319535992,9.993697857922992,0.037543419501474204,62.859101293474964,391.2014529031916,7676.069717992606,-0.007015477551283746,0.0010632225927539477,0.00022475364414920726,0.5,34.994346554778886,27.99819089752924,206.16801137202364,99.98384729936825,1.8055555392606276e-08,2.1680320609287527e-05,0.15610000000000576
26.033333333333335,0.99140448355891,-0.03487812203097349,9.989225827828005,0.03750340584657566,62.880865759165076,391.19594352659027,7676.078980512115,-0.000459504377559058,0.0011485828252981844,-0.004492579906279272,0.5,34.994342933098814,27.99818973859162,206.16801392746996,99.98383695171088,1.8067129466471338e-08,2.1694209197012628e-05,0.15620000000000578
26.05,1.008815759111258,-0.039324839360859155,9.995969764654596,0.040501592612787136,62.849594782223186,391.1904403478261,7676.08825214167,0.017415642675194708,-0.004328329114585049,0.006820522607457975,0.5,34.99433931141874,27.998188579654,206.1680164829538,99.98382660405353,1.8078703540336267e-08,2.170809778454483e-05,0.1563000000000058
26.066666666666666,1.0060722059656553,-0.03145955851583502,9.998210742295297,0.03209004499678895,63.00740118157948,391.18494337057604,7676.097532861592,-0.002742168871014094,0.00790346659156779,0.002102341012894989,0.5,34.99433568973866,27.998187420716373,206.16801903847468,99.98381625639618,1.8090277614201064e-08,2.172198637188414e-05,0.15640000000000578
26.083333333333332,1.0123079265326758,-0.0249440141448838,9.999802265593262,0.027815947402371605,63.01671001702706,391.1794525984954,7676.106822652151,0.006236503943238497,0.0065425648601419115,0.0014765193964955258,0.5,34.99433206805859,27.99818626177875,206.16802159403218,99.98380590873883,1.810185168806573e-08,2.1735874959030546e-05,0.1565000000000058
26.1,1.0118047569409765,-0.039311390995175076,10.001345016593639,0.04106772093378749,62.96140835079335,391.1739680352062,7676.116121493558,-0.0005023045185070043,-0.014337886330588622,0.001796278161979204,0.5,34.994328446378525,27.998185102841127,206.16802414962586,99.9837955610815,1.8113425761930255e-08,2.174976354598406e-05,0.15660000000000582
26.116666666666667,1.0070303671761551,-0.02684856844019659,9.995796809252841,0.028069995551572018,63.15517996376284,391.1684896843098,7676.125429365976,-0.004777593050255286,0.012363147188891657,-0.00576689986202804,0.5,34.99432482469845,27.998183943903506,206.1680267052553,99.98378521342414,1.8124999835794648e-08,2.1763652132744674e-05,0.1567000000000058
26.133333333333333,1.0142898487668903,-0.029618157799351695,9.993936438173508,0.03343885515000906,63.083287795830934,391.1630175493788,7676.13474624951,0.0072585648744548465,-0.002801972526804056,-0.0018112302283488273,0.5,34.99432120301839,27.998182784965884,206.16802926092004,99.98377486576682,1.813657390965891e-08,2.1777540719312392e-05,0.15680000000000582
26.15,1.0035622676030944,-0.029956294166730357,9.991139961728079,0.03144126402139141,63.18368442400805,391.15755163396057,7676.144072124213,-0.010729035041709972,-0.00038732477629850154,-0.002790088563023759,0.5,34.99431758133832,27.998181626028263,206.1680318166197,99.98376451810948,1.8148147983523038e-08,2.1791429305687213e-05,0.15690000000000584
26.166666666666668,1.004926653529885,-0.029274834832617395,9.991926949174792,0.03076429252946562,63.199855718037924,391.15209194157643,7676.153406970085,0.001364792712078131,0.0006951477756082536,0.0007749228801197157,0.5,34.99431395965826,27.99818046709064,206.16803437235384,99.98375417045216,1.8159722057387027e-08,2.1805317891869138e-05,0.15700000000000583
26.183333333333334,1.0038666833297294,-0.03391947259243601,9.99260753003982,0.03493012378452725,63.21772011138024,391.14663847572075,7676.162750767071,-0.0010595948773029508,-0.0046319941384420655,0.0007618926568935717,0.5,34.99431033797819,27.998179308153023,206.16803692812206,99.98374382279484,1.8171296131250885e-08,2.1819206477858166e-05,0.15710000000000585
26.2,0.9985273270704542,-0.02515520355317647,9.99827713212902,0.025257125957465505,63.34488345452637,391.14119123986086,7676.172103495067,-0.005336433448429046,0.008861997644543023,0.005515595128722654,0.5,34.994306716298134,27.998178149215402,206.16803948392393,99.98373347513753,1.818287020511461e-08,2.1833095063654295e-05,0.15720000000000586
26.216666666666665,1.0017585837355218,-0.027117153265133,10.002087174027587,0.027254185829032145,63.30367643525388,391.13575023743977,7676.181465133908,0.0032329946635977756,-0.001895146915380015,0.0038437066901481024,0.5,34.994303094618076,27.998176990277784,206.1680420397591,99.98372312748022,1.8194444278978202e-08,2.184698364925753e-05,0.15730000000000585
26.233333333333334,1.0066397483385459,-0.023156249086365974,10.011073548655945,0.026513229119239756,63.374766203931685,391.1303154718727,7676.190835663386,0.004885107091956168,0.004117788194074939,0.008915576051800957,0.5,34.99429947293802,27.998175831340163,206.1680445956271,99.98371277982291,1.820601835284166e-08,2.1860872234667865e-05,0.15740000000000587
26.25,1.011913428140525,-0.014193821420293613,10.015359951237443,0.024070059533048846,63.438943025647234,391.1248869465515,7676.200215063231,0.005275076919399805,0.009036539158684005,0.004127870577930072,0.5,34.99429585125797,27.99817467240255,206.1680471515276,99.98370243216561,1.821759242670498e-08,2.1874760819885304e-05,0.15750000000000589
26.266666666666666,1.0145475054804154,-0.01938459092154822,10.013129373159238,0.027565147085197625,63.40604360022134,391.1194646648373,7676.20960331312,0.0026334237209237033,-0.005229401818014148,-0.0021384393472384743,0.5,34.99429222957791,27.998173513464934,206.16804970746017,99.98369208450832,1.822916650056817e-08,2.1888649404909846e-05,0.15760000000000587
26.283333333333335,1.0166722032641002,-0.022485550696082476,10.0074601034689,0.02897005863065614,63.457460976480505,391.114048630069,7676.219000392686,0.0021226263126796993,-0.003200959333327641,-0.005613414780284264,0.5,34.99428860789786,27.998172354527316,206.16805226342447,99.98368173685101,1.8240740574431226e-08,2.1902537989741492e-05,0.1577000000000059
26.3,1.0219541396261433,-0.02162500110162764,10.006989645377436,0.03159965138402311,63.51389978356611,391.1086388455573,7676.2284062815,0.005281755268976192,0.0008520442362996971,-0.00048569229869719667,0.5,34.99428498621781,27.9981711955897,206.16805481942006,99.98367138919373,1.8252314648294147e-08,2.191642657438024e-05,0.1578000000000059
26.316666666666666,1.0119557113221664,-0.023128124652426085,10.006383555785618,0.026807270813567666,63.58152615358919,391.10323531458715,7676.237820959084,-0.009998665034422032,-0.0015136438418441032,-0.0005793162233404986,0.5,34.994281364537756,27.99817003665208,206.1680573754466,99.98366104153645,1.8263888722156933e-08,2.193031515882609e-05,0.1579000000000059
26.333333333333332,1.008540283839763,-0.016725745408896295,10.007502255345118,0.02022348976956263,63.648601959943285,391.09783804041894,7676.247244404906,-0.003415038410200993,0.0064211081113672045,0.0010056437142324033,0.5,34.99427774285771,27.99816887771447,206.16805993150373,99.98365069387918,1.8275462796019586e-08,2.1944203743079047e-05,0.1580000000000059
26.35,1.0129540483886759,-0.016561138505795676,10.00616462330042,0.02191128335178227,63.63343063015533,391.0924470262844,7676.256676598381,0.004413375991917062,0.00014098552829983033,-0.0013403275167804222,0.5,34.99427412117767,27.998167718776852,206.16806248759107,99.9836403462219,1.8287036869882106e-08,2.1958092327139104e-05,0.15810000000000593
26.366666666666667,1.0099077818378834,-0.023443718177005798,10.00163897022713,0.02550421388022415,63.65353168214877,391.087062275392,7676.266117518874,-0.0030478464942298696,-0.0069613936234604,-0.004403457192982737,0.5,34.994270499497624,27.998166559839238,206.16806504370828,99.98362999856464,1.829861094374449e-08,2.1971980911006264e-05,0.15820000000000592
26.383333333333333,1.0107036733211041,-0.01862904817410545,10.002110100547204,0.021588652740647776,63.75009549835702,391.08168379092126,7676.275567145694,0.0007960644606814106,0.004822228602389669,0.00038616359291719513,0.5,34.99426687781758,27.998165400901627,206.16806759985496,99.98361965090737,1.831018501760674e-08,2.1985869494680527e-05,0.15830000000000594
26.4,1.0062371843165285,-0.01479093441614128,10.007822094276706,0.017856986210079882,63.801792513346,391.0763115760293,7676.285025458101,-0.004464823136066069,0.0039380515999632194,0.00564355708568953,0.5,34.99426325613754,27.998164241964012,206.1680701560308,99.98360930325012,1.8321759091468857e-08,2.1999758078161894e-05,0.15840000000000595
26.416666666666668,1.0049178144711042,-0.009710189955171745,10.010898711822923,0.015403366188529177,63.839418670717365,391.0709456338417,7676.294492435298,-0.0013187120257505353,0.005133955815221293,0.0029869779241962053,0.5,34.99425963445751,27.9981630830264,206.16807271223544,99.98359895559287,1.8333333165330842e-08,2.2013646661450364e-05,0.15850000000000594
26.433333333333334,1.009125089863344,-0.014774076890586211,10.009519329007778,0.01980355100798804,63.80800378624715,391.06558596746345,7676.303968056439,0.00420698066756393,-0.005087347382159572,-0.0012901722544491547,0.5,34.99425601277746,27.998161924088787,206.16807526846853,99.98358860793562,1.834490723919269e-08,2.2027535244545935e-05,0.15860000000000596
26.45,1.0196694559616344,-0.020978278864193515,10.001988823989151,0.02882612384615673,63.82257089518307,391.0602325799717,7676.313452300624,0.010542016624339632,-0.006336547072194626,-0.007419487506361987,0.5,34.99425239109743,27.99816076515118,206.16807782472975,99.98357826027838,1.8356481313054404e-08,2.2041423827448612e-05,0.15870000000000598
26.466666666666665,1.020195794094194,-0.03404679057876424,9.999031819953021,0.03959772450570219,63.854320042059655,391.05488547441644,7676.322945146903,0.0005249182256465585,-0.013119076620018403,-0.002723912540391584,0.5,34.994248769417396,27.998159606213566,206.16808038101874,99.98356791262113,1.8368055386915985e-08,2.205531241015839e-05,0.15880000000000596
26.483333333333334,1.0061257896794331,-0.032202818253823456,9.99999604504347,0.03278028074831148,64.0161145100015,391.0495446538227,7676.332446574273,-0.014069447031383348,0.0018607335452830288,0.000931468941534901,0.5,34.99424514773737,27.99815844727596,206.16808293733516,99.9835575649639,1.8379629460777434e-08,2.206920099267527e-05,0.15890000000000598
26.5,1.0047664122813704,-0.03072192965444229,10.003262142552414,0.03126028719828435,64.0225199414512,391.0442101211892,7676.341956561676,-0.0013575839121678555,0.0015379722451543927,0.0032396083324746604,0.5,34.99424152605734,27.998157288338348,206.16808549367872,99.98354721730666,1.839120353463875e-08,2.2083089574999255e-05,0.159000000000006
26.516666666666666,0.9955958608851914,-0.023975790649459608,9.999892294501985,0.02437717735495668,64.10865951787595,391.0388818794908,7676.351475088004,-0.009172159937381113,0.006686288589157955,-0.0034870919385734814,0.5,34.99423790437731,27.998156129400737,206.16808805004902,99.98353686964944,1.8402777608499927e-08,2.2096978157130343e-05,0.159100000000006
26.533333333333335,1.0028789937176474,-0.016863844435078105,9.9984831715824,0.017174904036803804,64.10203625027991,391.0335599316731,7676.361002132099,0.007282630640657412,0.007086290872639342,-0.0015329344816171697,0.5,34.99423428269728,27.998154970463126,206.16809060644582,99.98352652199223,1.8414351682360972e-08,2.2110866739068534e-05,0.159200000000006
26.55,1.0055853080346604,-0.01451936002934673,9.995101268106689,0.016309448634391835,64.11993502362739,391.02824428065776,7676.370537672749,0.002705388115203314,0.002284852183866226,-0.0034224739458729525,0.5,34.994230661017255,27.99815381152552,206.16809316286876,99.98351617433502,1.8425925756221885e-08,2.2124755320813826e-05,0.15930000000000602
26.566666666666666,0.998590689762636,-0.01366486209035218,10.003791182340118,0.014250838521300447,64.15719764062487,391.0229349293401,7676.38008168869,-0.006992480963845309,0.00100634379695965,0.008673640774430115,0.5,34.99422703933723,27.998152652587915,206.16809571931756,99.98350582667781,1.8437499830082665e-08,2.2138643902366224e-05,0.159400000000006
26.583333333333332,1.0002523943358663,-0.006536362751255109,10.003140303127182,0.0072559862964775455,64.13723980805683,391.01763188058885,7676.389634158607,0.0016615898305389783,0.0071160620615984445,-0.0007751176963351243,0.5,34.99422341765721,27.998151493650308,206.16809827579186,99.9834954790206,1.8449073903943306e-08,2.2152532483725723e-05,0.15950000000000603
26.6,1.008611085332337,-0.019869564994224074,10.004722245672742,0.02216447845161987,64.05015541799447,391.0123351372499,7676.3991950611335,0.008359055546528505,-0.013303422542845457,0.0018154270519580606,0.5,34.994219795977195,27.998150334712705,206.1681008322914,99.98348513136341,1.8460647977803815e-08,2.2166421064892325e-05,0.15960000000000604
26.616666666666667,0.9987766476916116,-0.023299686730359724,9.999057660845441,0.023350812779353906,64.17886703641842,391.0070447021397,7676.408764374851,-0.009836571643033544,-0.0035288212299446594,-0.005603630338880816,0.5,34.99421617429717,27.998149175775094,206.16810338881587,99.9834747837062,1.8472222051664192e-08,2.218030964586603e-05,0.15970000000000603
26.633333333333333,1.0005066978963606,-0.01918399727366285,9.99376744809096,0.020177366979381148,64.15537260851293,391.0017605780484,7676.418342078289,0.0017280889110116815,0.0040227692116049695,-0.005361210200668171,0.5,34.99421255261716,27.99814801683749,206.16810594536497,99.98346443604902,1.8483796125524436e-08,2.219419822664684e-05,0.15980000000000605
26.65,1.0139649415953875,-0.02978955492465536,9.989402544597269,0.03456394483088551,64.08560814020656,390.9964827677449,7676.427928149927,0.013456378310881133,-0.010680648234817696,-0.004177797031886159,0.5,34.99420893093714,27.998146857899886,206.1681085019384,99.98345408839184,1.849537019938454e-08,2.2208086807234752e-05,0.15990000000000607
26.666666666666668,1.0011301690677283,-0.019206286788164186,9.992833535830624,0.020530811548156728,64.21074326433757,390.99121127397007,7676.43752256819,-0.012833305594559268,0.01064196286987652,0.0032443630674060665,0.5,34.99420530925713,27.998145698962283,206.16811105853586,99.98344374073466,1.8506944273244514e-08,2.2221975387629765e-05,0.16000000000000605
26.683333333333334,0.9978638395131474,-0.037330140710057066,9.997772228351554,0.03745755801827559,64.07101829915885,390.9859460994359,7676.447125311456,-0.003263892935992241,-0.01803494779574205,0.005254086340225132,0.5,34.99420168757712,27.99814454002468,206.16811361515707,99.98343339307748,1.8518518347104355e-08,2.2235863967831884e-05,0.16010000000000607
26.7,1.0100751905188614,-0.03565113158606984,10.000573043911153,0.03705191777163502,64.15828027812096,390.980687246833,7676.45673635805,0.012213134840144503,0.00172782635403756,0.002770965981759012,0.5,34.99419806589711,27.998143381087075,206.16811617180178,99.98342304542031,1.8530092420964063e-08,2.2249752547841104e-05,0.1602000000000061
26.716666666666665,1.007884579161914,-0.04094846694823513,9.999211396876616,0.04170804451215216,64.19654037741161,390.97543471882494,7676.466355686245,-0.002191521560456746,-0.005320491390594307,-0.0012681542394791694,0.5,34.9941944442171,27.998142222149472,206.16811872846966,99.98341269776314,1.8541666494823632e-08,2.2263641127657427e-05,0.16030000000000608
26.733333333333334,0.9948197047054312,-0.03771924329579614,10.000262609581382,0.038074201715953035,64.237495558409,390.9701885180492,7676.475983274264,-0.013064152850067538,0.003247101508273769,0.0009946180064002528,0.5,34.99419082253709,27.998141063211868,206.16812128516045,99.98340235010598,1.855324056868307e-08,2.2277529707280853e-05,0.1604000000000061
26.75,0.9922272524382584,-0.04493871173396948,10.001348280985354,0.04562579374836851,64.19370496657865,390.96494864711633,7676.4856191002755,-0.0025916691438730394,-0.007199558214043526,0.0012106890626575673,0.5,34.99418720085709,27.99813990427427,206.16812384187386,99.98339200244882,1.8564814642542374e-08,2.2291418286711383e-05,0.1605000000000061
26.766666666666666,0.9941133908589453,-0.039601714296394926,9.998484571588774,0.040065579133163616,64.2100172519721,390.95971510861347,7676.495263142404,0.0018840257068592921,0.005286558353143246,-0.002955785774430165,0.5,34.99418357917708,27.998138745336668,206.16812639860967,99.98338165479167,1.8576388716401546e-08,2.2305306865949017e-05,0.1606000000000061
26.783333333333335,0.996752067032492,-0.030101274942730006,9.996648555894966,0.030461019564707554,64.21520318493582,390.9544879051009,7676.504915378717,0.0026375593746966646,0.009467109049325078,-0.0020007866024286058,0.5,34.99417995749708,27.998137586399068,206.16812895536756,99.98337130713453,1.858796279026058e-08,2.231919544499375e-05,0.16070000000000612
26.8,0.9989283747861561,-0.02828629955936416,9.995945571551633,0.028595518033304443,64.2157679432996,390.9492670391127,7676.514575787234,0.0021759495639396176,0.001802457875290806,-0.0007344849288790546,0.5,34.99417633581709,27.998136427461468,206.16813151214728,99.98336095947738,1.859953686411948e-08,2.233308402384559e-05,0.16080000000000613
26.816666666666666,1.007681092007175,-0.020759494944776986,9.996495861523963,0.022410377896996823,64.21366715437378,390.9440525131607,7676.524244345925,0.008752952765059373,0.007535286307812242,0.0004184106358654429,0.5,34.994172714137086,27.998135268523868,206.16813406894858,99.98335061182024,1.861111093797825e-08,2.2346972602504532e-05,0.16090000000000612
26.833333333333332,1.0132209500933933,-0.019836117489613753,10.001336940334179,0.023875899906136294,64.22899769997709,390.93884432972504,7676.533921032704,0.005541573108266037,0.001008605236111311,0.004824042142650218,0.5,34.99416909245709,27.99813410958627,206.16813662577118,99.98334026416312,1.8622685011836885e-08,2.236086118097058e-05,0.16100000000000614
26.85,1.0117172982117242,-0.02204532505659415,10.00104437098661,0.024987733890066283,64.25396682043903,390.93364249126614,7676.543605825441,-0.001503758811325141,-0.002214032351359892,-0.00025348695219966084,0.5,34.9941654707771,27.99813295064867,206.16813918261485,99.983329916506,1.8634259085695385e-08,2.2374749759243727e-05,0.16110000000000615
26.866666666666667,1.0038499461201242,-0.029150545098885535,9.99832812538218,0.029451116288085975,64.27658407462583,390.9284470002148,7676.553298701952,-0.007868565636221032,-0.007151894959943829,-0.0025908568998635494,0.5,34.994161849097104,27.998131791711074,206.16814173947935,99.98331956884886,1.864583315955375e-08,2.2388638337323978e-05,0.16120000000000614
26.883333333333333,1.007708318996531,-0.01936404985329442,10.004848175341117,0.021398645671417464,64.25619940178082,390.92325785898043,7676.562999640003,0.003861133269449781,0.009899435562631799,0.006347260007677123,0.5,34.99415822741711,27.998130632773474,206.16814429636437,99.98330922119175,1.8657407233411983e-08,2.2402526915211333e-05,0.16130000000000616
26.9,0.9992882589256062,-0.024847150702835358,10.004929010644476,0.02534129233795337,64.24296866612524,390.9180750699416,7676.57270861731,-0.008420028898565595,-0.005480844207526692,0.00017685093331476812,0.5,34.99415460573712,27.998129473835878,206.16814685326972,99.98329887353464,1.8668981307270083e-08,2.241641549290579e-05,0.16140000000000618
26.916666666666668,1.0094272630751115,-0.0306771038727105,9.996856556048755,0.03224629213597232,64.2283339687069,390.9128986354545,7676.582425611539,0.01013509274465821,-0.005970555130071845,-0.007969023435833026,0.5,34.994150984057136,27.998128314898285,206.16814941019513,99.98328852587753,1.8680555381128047e-08,2.2430304070407352e-05,0.16150000000000617
26.933333333333334,1.0214352126068433,-0.023896081374856902,9.99645115748441,0.032296340238356085,64.25213351877626,390.9077285578521,7676.592150600306,0.012007756508318802,0.006772773293903537,-0.0005255060409859172,0.5,34.99414736237715,27.998127155960688,206.16815196714037,99.98327817822043,1.8692129454985876e-08,2.2444192647716014e-05,0.16160000000000618
26.95,1.0095271415560694,-0.037524869294795496,9.991847686596765,0.03956376601988757,64.24308502545738,390.90256483943665,7676.601883561176,-0.011910538548941542,-0.01370823285037938,-0.004361210235848447,0.5,34.99414374069716,27.99812599702309,206.1681545241052,99.98326783056332,1.8703703528843573e-08,2.2458081224831783e-05,0.1617000000000062
26.966666666666665,1.0122661604772472,-0.026135176549465892,9.987821892885028,0.031332798908024616,64.28865882872017,390.89740748248806,7676.611624471666,0.0027367824375919263,0.011316894775853518,-0.004226109864158595,0.5,34.99414011901718,27.9981248380855,206.1681570810894,99.98325748290623,1.8715277602701137e-08,2.247196980175465e-05,0.1618000000000062
26.983333333333334,1.0085637988206244,-0.024349110851005003,9.99102505656983,0.027326448580963846,64.29785900732952,390.89225648926197,7676.62137330924,-0.003700950476909127,0.0018422730541721916,0.003171169546977971,0.5,34.9941364973372,27.998123679147902,206.1681596380927,99.98324713524914,1.8726851676558565e-08,2.2485858378484624e-05,0.1619000000000062
27.0,1.0045675296972825,-0.027478288479437694,9.993967114897002,0.028500897306295275,64.31233106237801,390.8871118619861,7676.631130051314,-0.003994938492687471,-0.003077011685097191,0.002996574241945004,0.5,34.99413287565722,27.998122520210313,206.16816219511492,99.98323678759206,1.8738425750415858e-08,2.24997469550217e-05,0.16200000000000622
27.016666666666666,1.0103982728756724,-0.025165802543978957,9.990586922514936,0.028809802665538328,64.30122997285883,390.881973602863,7676.640894675255,0.0058291903015936525,0.002252694570589733,-0.0034203298901985266,0.5,34.99412925397724,27.998121361272716,206.16816475215577,99.98322643993498,1.874999982427302e-08,2.251363553136588e-05,0.1621000000000062
27.033333333333335,1.0100649633237269,-0.02434590053509364,9.990429993594265,0.02802802972308719,64.32573407380168,390.87684171407113,7676.65066715838,-0.00033337735639919877,0.0008170077591180798,-0.00017136016833569883,0.5,34.99412563229727,27.998120202335127,206.1681673092151,99.9832160922779,1.8761573898130047e-08,2.252752410751716e-05,0.16220000000000623
27.05,1.014944348783174,-0.02007456810187116,9.991078164577107,0.026568294505350584,64.31904941492925,390.8717161977626,7676.660447477954,0.004879636720502719,0.0042821191059036505,0.0005725926380587431,0.5,34.994122010617296,27.998119043397537,206.16816986629263,99.98320574462085,1.877314797198694e-08,2.2541412683475547e-05,0.16230000000000624
27.066666666666666,1.0089888821914514,-0.02328938038906479,9.99233227534488,0.026114387232930587,64.34801366105768,390.86659705606473,7676.670235611196,-0.005954992014191357,-0.0031921617340920365,0.001310692617226474,0.5,34.99411838893732,27.998117884459944,206.16817242338817,99.98319539696378,1.8784722045843696e-08,2.2555301259241037e-05,0.16240000000000623
27.083333333333332,1.0021852127092792,-0.025088528841156258,9.99396712569298,0.025895930726198516,64.36416377418539,390.8614842910804,7676.680031535274,-0.00680297929413124,-0.0017701799020363544,0.0016661733024500723,0.5,34.99411476725735,27.99811672552235,206.1681749805015,99.98318504930671,1.879629611970032e-08,2.2569189834813627e-05,0.16250000000000625
27.1,1.0028494108966544,-0.010250299935805098,9.99147413777384,0.013633553228775972,64.34929575512692,390.85637790488454,7676.689835227306,0.0006634293761947052,0.014792339512084862,-0.002752220840631903,0.5,34.99411114557738,27.99811556658476,206.1681775376324,99.98317470164966,1.8807870193556813e-08,2.2583078410193323e-05,0.16260000000000627
27.116666666666667,0.9993972410714236,-0.020657233651908278,9.989308797558563,0.02326776206750508,64.26417358402702,390.8512778995298,7676.699646664362,-0.0034527538599119626,-0.010443178003040834,-0.001983179571512287,0.5,34.99410752389741,27.998114407647172,206.16818009478067,99.9831643539926,1.8819444267413172e-08,2.259696698538012e-05,0.16270000000000626
27.133333333333333,0.998966786173998,-0.02045866815411596,9.987551568175107,0.02397066284911658,64.35421354867708,390.8461842770418,7676.709465823462,-0.00043108539822401333,0.00016789250869259542,-0.0017604246849876194,0.5,34.99410390221745,27.998113248709583,206.1681826519461,99.98315400633557,1.8831018341269393e-08,2.261085556037402e-05,0.16280000000000627
27.15,1.0031183396903667,-0.009618656725208488,9.992329624475502,0.01269146343030711,64.36363364423468,390.84109703942016,7676.719292681577,0.0041528076345623294,0.01092183254502499,0.004587945421456486,0.5,34.99410028053748,27.998112089771993,206.16818520912847,99.98314365867851,1.8842592415125482e-08,2.2624744135175024e-05,0.1629000000000063
27.166666666666668,1.0003632708754593,-0.007318495438203386,9.993663284144013,0.009687414981377616,64.37442301297932,390.836016188642,7676.729127215631,-0.0027548716944909616,0.002323125825998113,0.0012932425997290444,0.5,34.99409665885752,27.998110930834407,206.1681877663276,99.98313331102149,1.8854166488981438e-08,2.263863270978313e-05,0.16300000000000628
27.183333333333334,1.0037095637345517,-0.007032084574466207,9.994192258531067,0.00984572465090593,64.37771434320322,390.83094172665756,7676.738969402493,0.0033463591047942615,0.00029561773822402404,0.0005238847524023448,0.5,34.99409303717756,27.998109771896818,206.16819032354329,99.98312296336445,1.886574056283726e-08,2.2652521284198342e-05,0.1631000000000063
27.2,1.0059674525600577,-0.014217427810950093,9.997911565953308,0.015559697982004355,64.38227497164013,390.82587365539183,7676.748819218991,0.002258578522923995,-0.007119013365738716,0.003844743629273485,0.5,34.9940894154976,27.998108612959232,206.1681928807753,99.98311261570743,1.8877314636692946e-08,2.2666409858420656e-05,0.1632000000000063
27.216666666666665,0.9995050551580741,-0.019859978919704445,9.9975438319071,0.020017415181740043,64.41719832266432,390.82081197674387,7676.7586766419,-0.006462506766126234,-0.005648122427929503,-0.0002689321927382147,0.5,34.99408579381764,27.998107454021646,206.16819543802347,99.9831022680504,1.88888887105485e-08,2.2680298432450074e-05,0.1633000000000063
27.233333333333334,1.0042270773097568,-0.015652412847551204,9.99950155145567,0.016220791660609617,64.39515928796621,390.8157566925893,7676.768541647947,0.004722628859624274,0.004241153517982923,0.0018838510051477529,0.5,34.99408217213769,27.99810629508406,206.1681979952876,99.98309192039339,1.890046278440392e-08,2.2694187006286592e-05,0.16340000000000632
27.25,1.0128266574792086,-0.013560521017328173,9.995027607715285,0.01931632610654159,64.38898744528868,390.8107078047795,7676.778414213809,0.008598439638917042,0.002012820973819168,-0.004510070355695248,0.5,34.99407855045773,27.99810513614647,206.16820055256753,99.98308157273638,1.8912036858259207e-08,2.2708075579930217e-05,0.16350000000000633
27.266666666666666,1.0118605473192952,-0.01762941751731131,9.9963468426532,0.021559247968730863,64.42381592482982,390.8056653151363,7676.7882943161185,-0.0009657510858779756,-0.00404495340518258,0.0013909174625145353,0.5,34.994074928777785,27.998103977208892,206.16820310986301,99.98307122507939,1.8923610932114356e-08,2.272196415338094e-05,0.16360000000000632
27.283333333333335,1.002811708862711,-0.029026642404455162,9.996185306066767,0.02941085056039441,64.44543712900557,390.80062922546267,7676.7981819314555,-0.009048904245162671,-0.011398303427911725,3.885646512566163e-05,0.5,34.994071307097826,27.998102818271306,206.16820566717388,99.98306087742237,1.8935185005969372e-08,2.273585272663877e-05,0.16370000000000634
27.3,1.0009255921831055,-0.02726689242712492,9.989473065280876,0.029242979563752047,64.43658814553585,390.79559953753,7676.808077036351,-0.0018894140932077827,0.0016421173360676375,-0.0067419831102894165,0.5,34.99406768541788,27.998101659333724,206.16820822449998,99.98305052976536,1.8946759079824256e-08,2.27497412997037e-05,0.16380000000000636
27.316666666666666,0.9970446985687538,-0.0279808794954118,9.985082635734514,0.03184670636163993,64.44976737400827,390.7905762530919,7676.817979607295,-0.0038830103637290956,-0.0007904243437904419,-0.0043773135658430945,0.5,34.99406406373794,27.99810050039614,206.16821078184108,99.98304018210838,1.8958333153679008e-08,2.2763629872575737e-05,0.16390000000000635
27.333333333333332,1.0044819419546875,-0.025595382099436452,9.988230813562009,0.028525454762938128,64.42956450143431,390.78555937386864,7676.827889620719,0.00743871529880036,0.002440118731845362,0.003106032830542203,0.5,34.994060442057986,27.998099341458556,206.16821333919702,99.9830298344514,1.896990722753362e-08,2.2777518445254876e-05,0.16400000000000636
27.35,1.0012831873649177,-0.03362748243532531,9.988033681998465,0.035716073329857,64.44035057145184,390.7805489015635,7676.837807053015,-0.003198856471537763,-0.00803432029769693,-5.6517825254307864e-05,0.5,34.99405682037804,27.998098182520973,206.16821589656763,99.9830194867944,1.89814813013881e-08,2.2791407017741118e-05,0.16410000000000638
27.366666666666667,1.0074009933176173,-0.020606375016395027,9.985763099702735,0.02611606446791303,64.4444434970936,390.7755448378492,7676.8477318805235,0.006116731338058385,0.012979307888653197,-0.002498469527311143,0.5,34.994053198698104,27.99809702358339,206.16821845395273,99.98300913913744,1.899305537524245e-08,2.2805295590034464e-05,0.16420000000000637
27.383333333333333,1.0050369484502009,-0.03372067751085993,9.988206625765033,0.0360763585552199,64.36874278671955,390.770547184376,7676.857664079535,-0.0023628864092597778,-0.013069369674069528,0.002673448367058147,0.5,34.99404957701816,27.998095864645812,206.16822101135216,99.98299879148045,1.9004629449096665e-08,2.281918416213491e-05,0.16430000000000639
27.4,1.0088962826315206,-0.023786125652919245,9.994439462782784,0.02599658923830212,64.4678638854703,390.76555594276823,7676.867603626298,0.003862462079124002,0.010042553381576657,0.00605728410443103,0.5,34.99404595533822,27.998094705708233,206.1682235687657,99.9829884438235,1.901620352295074e-08,2.2833072734042462e-05,0.1644000000000064
27.416666666666668,1.0179292501082233,-0.023782159704171458,9.99950374053951,0.029787442085238796,64.44016704846334,390.7605711146286,7676.877550497006,0.009035069735805748,9.353450366221205e-05,0.005063415052718511,0.5,34.994042333658285,27.998093546770654,206.16822612619325,99.98297809616653,1.9027777596804686e-08,2.2846961305757115e-05,0.1645000000000064
27.433333333333334,1.0084005160935183,-0.03347918267859744,10.002973608280355,0.03464507581619118,64.47707879763632,390.7555927015282,7676.887504667811,-0.009527000145616906,-0.009634152300743246,0.0036407889832906493,0.5,34.994038711978355,27.998092387833076,206.16822868363457,99.98296774850958,1.9039351670658498e-08,2.2860849877278875e-05,0.1646000000000064
27.45,1.0097053451727078,-0.02046585233704814,10.005110727171079,0.023220294593704352,64.49357484837786,390.7506207050197,7676.897466114815,0.0013058351476761174,0.013048947841705861,0.0019076174884314519,0.5,34.99403509029841,27.998091228895493,206.16823124108953,99.98295740085261,1.9050925744512178e-08,2.2874738448607735e-05,0.16470000000000642
27.466666666666665,1.0058965071680355,-0.02404975479230236,10.008559600936563,0.026200142042828705,64.45874142394538,390.7456551266275,7676.90743481407,-0.0038074982153666016,-0.0035226874228325386,0.003511375605019247,0.5,34.99403146861849,27.998090069957918,206.168233798558,99.98294705319567,1.9062499818365722e-08,2.2888627019743698e-05,0.1648000000000064
27.483333333333334,1.013307422691654,-0.03316111197471302,10.010844321246031,0.03734206288807016,64.43860295077903,390.740695967854,7676.9174107415865,0.007412056201080481,-0.009069686049543594,0.0024449071583579267,0.5,34.99402784693856,27.99808891102034,206.16823635603976,99.98293670553873,1.907407389221913e-08,2.2902515590686765e-05,0.16490000000000643
27.5,1.0091835669720086,-0.018287265455005742,10.010747166826132,0.02311482372009881,64.52786285799733,390.73574323017334,7676.927393873324,-0.004123899341018377,0.014869815374758481,-0.00035964254938857714,0.5,34.99402422525863,27.99808775208276,206.16823891353468,99.98292635788178,1.9085647966072406e-08,2.2916404161436935e-05,0.16500000000000645
27.516666666666666,1.0163328868493893,-0.018614510885869188,10.004533248127762,0.025176131473834577,64.45276743905899,390.73079691503756,7676.937384185193,0.007147318826219884,-0.00043702559879934416,-0.006207163604286664,0.5,34.9940206035787,27.99808659314518,206.1682414710426,99.98291601022486,1.909722203992555e-08,2.293029273199421e-05,0.16510000000000644
27.533333333333335,1.0084570220594482,-0.03563045025290663,10.00638196930987,0.03717274935197652,64.44765165337905,390.72585702387335,7676.947381653061,-0.007874989661037278,-0.01698061877248433,0.0021490820378298812,0.5,34.994016981898774,27.998085434207606,206.16824402856335,99.98290566256792,1.9108796113778558e-08,2.2944181302358586e-05,0.16520000000000645
27.55,1.0118265011273337,-0.03322276057241929,10.01413927596525,0.03799518424390238,64.53190497332338,390.7209235580824,7676.957386252746,0.0033741401053621924,0.0025440720351001785,0.007713653619874964,0.5,34.99401336021885,27.99808427527003,206.16824658609679,99.982895314911,1.912037018763143e-08,2.2958069872530067e-05,0.16530000000000647
27.566666666666666,1.0014001077697574,-0.03348909988259727,10.007913313351962,0.03443990583531936,64.57000905569653,390.71599651904216,7676.967397960019,-0.01043001795985988,-0.00037567473517762185,-0.006220321763723802,0.5,34.99400973853893,27.998083116332456,206.16824914364275,99.98288496725408,1.913194426148417e-08,2.2971958442508648e-05,0.16540000000000646
27.583333333333332,1.0013702931731947,-0.026586079028680876,9.998387305383222,0.026670152906610255,64.54752984901732,390.711075908103,7676.977416750607,-3.4808652094320025e-05,0.0067354845749222165,-0.0096451930096402,0.5,34.994006116859005,27.998081957394884,206.1682517012011,99.98287461959717,1.9143518335336778e-08,2.2985847012294336e-05,0.16550000000000648
27.6,1.0043424825413356,-0.030655567075719706,9.997403903350609,0.03107015652655694,64.52500633950059,390.70616172659396,7676.987442600185,0.002971698132373663,-0.004086076449870475,-0.000912026071016602,0.5,34.99400249517909,27.99808079845731,206.16825425877167,99.98286427194026,1.915509240918925e-08,2.2999735581887123e-05,0.1656000000000065
27.616666666666667,0.9997616544288397,-0.023492117148849863,9.995612944343236,0.023899436342040063,64.57683065490757,390.7012539758198,7676.997475484387,-0.004581674392623524,0.007131033756456579,-0.0019159608823940144,0.5,34.99399887349917,27.998079639519734,206.16825681635433,99.98285392428335,1.9166666483041587e-08,2.3013624151287018e-05,0.16570000000000648
27.633333333333333,0.9968346816154591,-0.025058299967291506,9.991777935290859,0.026562216831621813,64.56463382725036,390.6963526570564,7677.007515378797,-0.0029285976394874103,-0.0016327613314288036,-0.0038071394605876606,0.5,34.99399525181926,27.998078480582162,206.16825937394893,99.98284357662645,1.917824055689379e-08,2.3027512720494013e-05,0.1658000000000065
27.65,1.0027430212836073,-0.025668822803625365,9.991070174128506,0.027315626310698938,64.56294254157616,390.69145777155927,7677.017562258951,0.005908026363340678,-0.0006227794172300841,-0.0006970005009216748,0.5,34.99399163013934,27.99807732164459,206.16826193155532,99.98283322896955,1.9189814630745862e-08,2.304140128950811e-05,0.16590000000000651
27.666666666666668,1.0042699575115885,-0.018213466884021538,9.995552833638097,0.019228472791092403,64.58381362057438,390.6865693205576,7677.027616100344,0.001528652841062764,0.007532719953072207,0.004351401567836968,0.5,34.99398800845943,27.99807616270702,206.1682644891734,99.98282288131266,1.9201388704597798e-08,2.3055289858329313e-05,0.1660000000000065
27.683333333333334,1.005369212233436,-0.019121098390481376,10.00042014086277,0.01986509775463676,64.58046193237286,390.68168730525673,7677.037676878421,0.0011008405175345053,-0.0008221363510513094,0.004882475182598478,0.5,34.99398438677952,27.998075003769447,206.16826704680298,99.98281253365577,1.92129627784496e-08,2.306917842695762e-05,0.16610000000000652
27.7,1.0123560881781182,-0.022288503707110576,10.001561994207181,0.025532286215460574,64.58160341953784,390.6768117268374,7677.04774456858,0.006987288581392822,-0.0031468096387013097,0.0011974449781946912,0.5,34.99398076509961,27.998073844831875,206.16826960444394,99.98280218599889,1.9224536852301267e-08,2.3083066995393027e-05,0.16620000000000654
27.716666666666665,1.012213909545282,-0.029934330215884,9.997708727688837,0.03241109398640426,64.60568077385194,390.6719425864555,7677.057819146176,-0.00014393468269475372,-0.00771270806920183,-0.0037175875605136937,0.5,34.993977143419706,27.998072685894307,206.16827216209612,99.98279183834201,1.9236110926152802e-08,2.309695556363554e-05,0.16630000000000653
27.733333333333334,1.0056408770264076,-0.026482533508971607,9.99716906003081,0.027224086992651064,64.63130159150741,390.6670798852425,7677.067900586516,-0.006573298220658576,0.003441758987734639,-0.000600363834993969,0.5,34.993973521739804,27.998071526956736,206.1682747197594,99.98278149068514,1.9247685000004206e-08,2.3110844131685156e-05,0.16640000000000654
27.75,1.0038369711547221,-0.024243856972523486,9.998533444894628,0.024589333950234285,64.62617617999467,390.6622236243049,7677.077988864859,-0.0018033018978790727,0.0022622569641908034,0.0013249195290713604,0.5,34.993969900059895,27.998070368019167,206.16827727743367,99.98277114302827,1.925925907385547e-08,2.3124732699541875e-05,0.16650000000000656
27.766666666666666,1.0109720171452883,-0.025070445471357478,10.00329927818551,0.02756471414259174,64.61045764249388,390.65737380472666,7677.088083956423,0.007137096968811734,-0.0007426696762614034,0.004779628977914032,0.5,34.99396627837999,27.9980692090816,206.1682798351188,99.98276079537142,1.9270833147706602e-08,2.3138621267205698e-05,0.16660000000000655
27.783333333333335,1.0042054141725174,-0.03727826516442186,10.002080503097929,0.03757244665818569,64.62395721244414,390.6525304275658,7677.0981858363775,-0.006767266110214008,-0.01222736407937229,-0.001003913976754203,0.5,34.99396265670009,27.99806805014403,206.1682823928146,99.98275044771455,1.92824072215576e-08,2.315250983467662e-05,0.16670000000000657
27.8,1.0100822827820708,-0.026724529436461246,10.005428025540287,0.029074763685459373,64.62703755012036,390.64769349385614,7677.108294479846,0.00587873830548829,0.010610944970113521,0.0031615010227888513,0.5,34.9939590350202,27.998066891206463,206.16828495052098,99.9827401000577,1.929398129540847e-08,2.316639840195465e-05,0.16680000000000658
27.816666666666666,1.0042149636515592,-0.024951970079407446,10.010539641250698,0.027412955152015608,64.6528044309045,390.6428630046081,7677.118409861907,-0.005865013988549594,0.0018621331657961407,0.005079668957957543,0.5,34.9939554133403,27.9980657322689,206.16828750823782,99.98272975240086,1.9305555369259197e-08,2.318028696903978e-05,0.16690000000000657
27.833333333333332,1.0081491275813237,-0.030029736986713258,10.013144924205438,0.03377926211488304,64.62844488009671,390.63803896080793,7677.128531957594,0.003935413961419769,-0.005031234442727528,0.0026940479852366355,0.5,34.99395179166041,27.998064573331334,206.16829006596498,99.98271940474402,1.9317129443109793e-08,2.3194175535932017e-05,0.1670000000000066
27.85,1.0178933257197973,-0.032561217747928174,10.013068216293,0.03938673828183459,64.63605969186695,390.63322136341503,7677.138660741894,0.009744156263399889,-0.0025324412757122923,-3.194025692962842e-05,0.5,34.99394816998051,27.998063414393766,206.16829262370234,99.98270905708718,1.9328703516960257e-08,2.3208064102631354e-05,0.1671000000000066
27.866666666666667,1.017631735415015,-0.02746301636996927,10.015709508650158,0.03622177210579007,64.67119215122509,390.628410213368,7677.148796189748,-0.00026020676881273133,0.005144312685509527,0.0025503191440443434,0.5,34.99394454830062,27.998062255456198,206.1682951814498,99.98269870943034,1.9340277590810588e-08,2.3221952669137794e-05,0.1672000000000066
27.883333333333333,1.0041178883586397,-0.0320140418672692,10.008796153272492,0.03345517041856093,64.69063218262698,390.6236055115797,7677.158938276057,-0.013517435394041209,-0.004672283865122649,-0.006831988541367859,0.5,34.99394092662073,27.998061096518633,206.16829773920722,99.98268836177351,1.935185166466078e-08,2.3235841235451338e-05,0.1673000000000066
27.9,1.010478614124516,-0.034245888141890904,10.005328942094026,0.03620791632813809,64.6646413545702,390.6188072589375,7677.169086975669,0.006358720937497557,-0.0022924541267810654,-0.0034274394629813555,0.5,34.99393730494084,27.99805993758107,206.16830029697445,99.98267801411669,1.936342573851084e-08,2.3249729801571986e-05,0.16740000000000663
27.916666666666668,0.9983831828879017,-0.03176808255054347,10.00584234537831,0.03234119537711934,64.72333295172183,390.6140154563077,7677.179242263394,-0.012095135519889626,0.002486424690815618,0.00046988905459907805,0.5,34.993933683260956,27.998058778643507,206.16830285475143,99.98266766645986,1.9374999812360768e-08,2.3263618367499736e-05,0.16750000000000662
27.933333333333334,0.9951519608980849,-0.02831552974855949,10.002227956999574,0.02881373206517048,64.70448259762705,390.6092301045293,7677.189404113992,-0.003233117117175957,0.00338915447158563,-0.0036739015537575006,0.5,34.99393006158107,27.99805761970594,206.168305412538,99.98265731880306,1.9386573886210563e-08,2.327750693323459e-05,0.16760000000000663
27.95,0.9946345320190934,-0.024291627255234646,10.002334988449897,0.024986361392082046,64.70565631713865,390.6044512044182,7677.1995725021825,-0.0005173797425648185,0.004025154296434645,3.714711669326336e-05,0.5,34.99392643990119,27.99805646076838,206.168307970334,99.98264697114625,1.939814796006022e-08,2.329139549877655e-05,0.16770000000000665
27.966666666666665,0.9832307593117594,-0.025102796284534525,9.990373043704077,0.03168764454088437,64.73722944782587,390.5996787567688,7677.209747402637,-0.01140892891319946,-0.001017502669458491,-0.011946161789431009,0.5,34.99392281822131,27.99805530183082,206.16831052813944,99.98263662348944,1.9409722033909744e-08,2.330528406412561e-05,0.16780000000000664
27.983333333333334,0.9885146737245653,-0.03327780045038245,9.993390338445954,0.03581977708919725,64.70028220661096,390.59491276234763,7677.219928789983,0.005285451628037545,-0.008121878833678337,0.003157505812801041,0.5,34.99391919654143,27.998054142893256,206.1683130859541,99.98262627583264,1.9421296107759135e-08,2.3319172629281775e-05,0.16790000000000666
28.0,0.9967114135907319,-0.027836925984349392,10.007491571135322,0.0290141502052447,64.70897831230076,390.59015322189873,7677.230116638804,0.008204260442344811,0.005684340670599231,0.01400485974823483,0.5,34.993915574861546,27.998052983955695,206.1683156437779,99.98261592817586,1.9432870181608394e-08,2.333306119424504e-05,0.16800000000000667
28.016666666666666,0.9970330749742535,-0.02123696585364419,10.0091463782868,0.023312175744620314,64.73193282154305,390.5854001361439,7677.24031092364,0.0003223700554830528,0.00662775125300648,0.0015397315894981273,0.5,34.99391195318167,27.998051825018138,206.16831820161076,99.98260558051906,1.9444444255457515e-08,2.334694975901541e-05,0.16810000000000666
28.033333333333335,1.0003746268346645,-0.012323200721228665,10.004926955503507,0.013276931286581518,64.72820116340185,390.58065350577704,7677.250511618986,0.0033403161287155372,0.008838867420610408,-0.004374146680312013,0.5,34.9939083315018,27.998050666080577,206.1683207594525,99.98259523286228,1.9456018329306503e-08,2.3360838323592883e-05,0.16820000000000668
28.05,0.9987041041803928,-0.02319447792625876,10.006317967640818,0.02407439612558739,64.6786483777361,390.5759133314723,7677.260718699292,-0.0016700915098804186,-0.010845357688955084,0.0015804429757967887,0.5,34.993904709821926,27.998049507143016,206.1683233173031,99.9825848852055,1.9467592403155358e-08,2.3374726887977462e-05,0.1683000000000067
28.066666666666666,1.0096843207182542,-0.021620322728416696,10.009074794735282,0.025369459559494413,64.72441874777111,390.57117961387706,7677.270932138964,0.01098129471941891,0.0016222284785178012,0.0027288154781835846,0.5,34.99390108814205,27.998048348205455,206.16832587516242,99.98257453754871,1.947916647700408e-08,2.338861545216914e-05,0.16840000000000668
28.083333333333332,1.0124000167209293,-0.031750597916048826,10.010554547228113,0.035683775888213476,64.72362630640136,390.5664523536153,7677.281151912364,0.002716385196619638,-0.010102587689496477,0.001658271669285665,0.5,34.99389746646219,27.9980471892679,206.16832843303035,99.98256418989196,1.949074055085267e-08,2.3402504016167927e-05,0.1685000000000067
28.1,1.0122580581664802,-0.03217107109611703,10.005721832328092,0.03490009378018103,64.76547032506626,390.56173155128954,7677.291377993811,-0.00014465434800530266,-0.0005057897969158386,-0.004824531111113455,0.5,34.99389384478231,27.99804603033034,206.16833099090678,99.98255384223519,1.950231462470112e-08,2.3416392579973813e-05,0.16860000000000672
28.116666666666667,1.007054195885118,-0.02159948920936426,10.003956363683226,0.023064321897243216,64.78748656468527,390.5570172074754,7677.301610357579,-0.005204690707522897,0.010538831416580961,-0.0019514752647766648,0.5,34.99389022310245,27.998044871392786,206.1683335487916,99.98254349457842,1.951388869854944e-08,2.3430281143586802e-05,0.1687000000000067
28.133333333333333,1.0090857047047308,-0.024013611212968224,10.002521859471157,0.025798700051432272,64.73845038898651,390.5523093227241,7677.3118489779,0.002030937816310892,-0.0024389859271571833,-0.0013918098681712698,0.5,34.99388660142259,27.998043712455228,206.1683361066847,99.98253314692167,1.9525462772397628e-08,2.3444169707006895e-05,0.16880000000000672
28.15,1.0007080333767253,-0.015065897678389915,10.004327906220327,0.01569121280043847,64.8117114426929,390.54760789756847,7677.3220938289605,-0.00837705542130668,0.008978011610609066,0.0016488451378507396,0.5,34.99388297974272,27.99804255351767,206.16833866458603,99.98252279926491,1.953703684624568e-08,2.345805827023409e-05,0.16890000000000674
28.166666666666668,1.002026544165263,-0.020353592350706162,10.002437594532276,0.020599010149301978,64.74713382617253,390.5429129325114,7677.332344884902,0.0013179265058128053,-0.005319922720459137,-0.0017976137473619945,0.5,34.99387935806286,27.998041394580117,206.16834122249546,99.98251245160817,1.9548610920093595e-08,2.347194683326839e-05,0.16900000000000673
28.183333333333334,1.0166289441306842,-0.01663825604952272,10.005913972149216,0.024256070676293467,64.76378796118767,390.53822442803437,7677.342602119828,0.014603522270520565,0.0037759968827112997,0.0034103917515577796,0.5,34.993875736383,27.998040235642563,206.16834378041287,99.98250210395143,1.956018499394138e-08,2.3485835396109795e-05,0.16910000000000674
28.2,1.0144153402612728,-0.027097346847756568,10.005326080807144,0.03115239448505446,64.77170593668008,390.53354238459747,7677.3528655077935,-0.002213828247310918,-0.01046786738431633,-0.0004024295978099261,0.5,34.993872114703144,27.998039076705005,206.1683463383382,99.98249175629469,1.957175906778903e-08,2.34997239587583e-05,0.16920000000000676
28.216666666666665,1.0100927272022455,-0.024848568899989956,10.005228065181232,0.027325264244449296,64.82795123245059,390.5288668026328,7677.363135022812,-0.004322657492895018,0.0022466954366120004,-0.0001377277856065935,0.5,34.993868493023285,27.99803791776745,206.16834889627134,99.98248140863795,1.9583333141636546e-08,2.3513612521213912e-05,0.16930000000000675
28.233333333333334,1.0118446794731937,-0.00959669735019448,10.001724957778539,0.015341835891323532,64.8168255250432,390.524197682553,7677.373410638855,0.0017508992662423676,0.015187689286877908,-0.003771663199726,0.5,34.99386487134343,27.998036758829898,206.16835145421217,99.98247106098124,1.9594907215483926e-08,2.3527501083476626e-05,0.16940000000000677
28.25,1.011818949366748,-0.012955408030389044,10.00298563027836,0.017789101259114544,64.76450353561766,390.51953502474447,7677.383692329847,-2.5482000746438414e-05,-0.0033359248945033955,0.0013197869637512208,0.5,34.993861249663574,27.998035599892344,206.16835401216065,99.9824607133245,1.9606481289331173e-08,2.354138964554644e-05,0.16950000000000678
28.266666666666666,1.0100397457818882,-0.016344111849477677,9.999737250933183,0.019183189729571965,64.8071790001334,390.5148788295705,7677.393980069674,-0.001780034151887993,-0.003445487939291645,-0.0031880862819158662,0.5,34.99385762798373,27.998034440954793,206.16835657011666,99.9824503656678,1.961805536317829e-08,2.355527820742336e-05,0.16960000000000677
28.283333333333335,1.0080214726642738,-0.020037321598566426,9.998683120506456,0.021623338197267746,64.84771617983338,390.5102290973701,7677.404273832179,-0.0020186077914731895,-0.003711200284034877,-0.000988929503211912,0.5,34.99385400630388,27.99803328201724,206.16835912808008,99.98244001801108,1.9629629437025268e-08,2.356916676910738e-05,0.1697000000000068
28.3,1.0129966685317366,-0.02148168207600941,10.000974165951417,0.0251262771158842,64.83869995915163,390.5055858284617,7677.414573591159,0.004976025965957201,-0.001403731440277954,0.002316161434462251,0.5,34.993850384624025,27.99803212307969,206.16836168605087,99.98242967035436,1.9641203510872112e-08,2.358305533059851e-05,0.1698000000000068
28.316666666666666,1.0066403034625373,-0.019220146613727014,10.003416035066643,0.020620004031556376,64.87681826448384,390.50094902313685,7677.42487932037,-0.006355497747116948,0.002304219102354767,0.0024016329941637157,0.5,34.99384676294419,27.998030964142142,206.1683642440289,99.98241932269767,1.9652777584718823e-08,2.3596943891896737e-05,0.1699000000000068
28.333333333333332,1.009553206434613,-0.01631383531982909,9.999455169129694,0.018912967346744136,64.85572123813185,390.4963186816657,7677.435190993526,0.002911674737937902,0.002836175170503372,-0.004011385451806744,0.5,34.99384314126434,27.998029805204588,206.1683668020141,99.98240897504097,1.9664351658565403e-08,2.3610832453002072e-05,0.1700000000000068
28.35,1.0131323833537809,-0.009000856633704899,9.997103217463938,0.01618209768705085,64.86157908980285,390.491694804295,7677.445508584297,0.0035786573451369015,0.007270326730081347,-0.002480661826308653,0.5,34.9938395195845,27.998028646267038,206.16836936000638,99.98239862738427,1.9675925732411846e-08,2.3624721013914507e-05,0.17010000000000683
28.366666666666667,1.0112446961330224,-0.0185003003478343,9.997452006122655,0.0217987917379734,64.82804800161861,390.4870773912463,7677.455832066313,-0.0018876035141391979,-0.00949180005513408,0.0005165428844644417,0.5,34.99383589790465,27.998027487329487,206.16837191800568,99.98238827972759,1.9687499806258154e-08,2.363860957463405e-05,0.17020000000000682
28.383333333333333,1.0184517448894155,-0.019522938177534838,9.999025653757798,0.026880387323263883,64.86745037229748,390.4824664427191,7677.46616141316,0.007207570926332492,-0.0009946057346216632,0.0015915131745714228,0.5,34.993832276224815,27.99802632839194,206.16837447601188,99.9823779320709,1.969907388010433e-08,2.365249813516069e-05,0.17030000000000683
28.4,1.0126824478750571,-0.01797629962482537,9.996014225501396,0.02235760200083165,64.90814687279743,390.47786195888926,7677.476496598382,-0.005770282486780333,0.0014930208665090083,-0.003038367771089964,0.5,34.99382865454498,27.998025169454394,206.1683770340249,99.98236758441422,1.9710647953950373e-08,2.3666386695494436e-05,0.17040000000000685
28.416666666666668,1.0199324677534525,-0.02035429597859511,9.996938259193653,0.02865228101570927,64.88115184257558,390.47326393990966,7677.486837595481,0.007250328975069828,-0.0023612327026658326,0.0009660667572068647,0.5,34.993825032865146,27.998024010516843,206.16837959204466,99.98235723675755,1.9722222027796284e-08,2.3680275255635285e-05,0.17050000000000684
28.433333333333334,1.0137768440110744,-0.015439948084394467,9.997692705899306,0.020820865891969513,64.92490660642054,390.4686723859096,7677.4971843779185,-0.0061553880865327345,0.004926962793203022,0.000667115235745167,0.5,34.99382141118531,27.998022851579297,206.1683821500711,99.98234688910088,1.9733796101642055e-08,2.3694163815583237e-05,0.17060000000000686
28.45,1.0070914244746996,-0.013008762498127532,10.000996526087349,0.014849608340698301,64.93454350493285,390.46408729699533,7677.507536919111,-0.0066845993315065655,0.0024890687193252995,0.00326043363642098,0.5,34.99381778950548,27.998021692641753,206.16838470810413,99.98233654144421,1.9745370175487695e-08,2.3708052375338293e-05,0.17070000000000687
28.466666666666665,1.0074522966242956,-0.015691550950696194,9.997442129562726,0.017558444546888794,64.91933495585992,390.4595086732488,7677.517895192437,0.0003599819243985414,-0.0027448577055866593,-0.003506685605654969,0.5,34.99381416782565,27.998020533704207,206.16838726614367,99.98232619378756,1.9756944249333202e-08,2.3721940934900452e-05,0.17080000000000686
28.483333333333334,0.9971644212748192,-0.018015239770095427,10.003086959863484,0.018496376217533268,64.95965580073182,390.4549365147315,7677.528259171231,-0.010286214965877177,-0.0022245900285438516,0.005684613941869359,0.5,34.993810546145816,27.99801937476666,206.1683898241896,99.98231584613092,1.9768518323178577e-08,2.3735829494269715e-05,0.17090000000000688
28.5,0.9982247383858592,-0.020266690172069023,10.008838215037855,0.022181045410985513,64.93552026564136,390.45037082147786,7677.538628828786,0.0010622384493056381,-0.00215096721652037,0.005789585598989731,0.5,34.99380692446599,27.99801821582912,206.1683923822419,99.98230549847426,1.9780092397023813e-08,2.374971805344608e-05,0.1710000000000069
28.516666666666666,0.9994803378486119,-0.028685439031621653,10.012201605268364,0.031176921820810208,64.94099112476476,390.44581159350184,7677.549004138355,0.001257036262424207,-0.008358837699990131,0.003509637698709556,0.5,34.99380330278616,27.99801705689157,206.1683949403005,99.9822951508176,1.9791666470868916e-08,2.376360661242955e-05,0.17110000000000689
28.533333333333335,1.0044263344947035,-0.03041662835616838,10.009675500887761,0.032224241903182495,64.9354061530441,390.44125883079414,7677.559385073147,0.004944693778460397,-0.0017750973284368342,-0.0024954453746105047,0.5,34.99379968110634,27.99801589795403,206.16839749836524,99.98228480316097,1.9803240544713888e-08,2.3777495171220125e-05,0.1712000000000069
28.55,1.0091650997420252,-0.021022513546488146,10.007729331224741,0.024201522203490807,64.94320763469095,390.4367125333222,7677.569771606334,0.004737891631621138,0.009358468421934963,-0.002110932975264369,0.5,34.993796059426515,27.998014739016487,206.1684000564361,99.98227445550434,1.9814814618558726e-08,2.37913837298178e-05,0.17130000000000692
28.566666666666666,1.009411719537311,-0.025909217690904082,10.0090326922834,0.029008550347948095,64.92102626131661,390.4321727010291,7677.580163711043,0.0002471535954177657,-0.0048629879439328946,0.0013892355627505755,0.5,34.9937924377467,27.998013580078943,206.168402614513,99.98226410784771,1.9826388692403426e-08,2.380527228822258e-05,0.1714000000000069
28.583333333333332,1.0107448364563987,-0.03031324777526388,10.006187812383189,0.03275162122661102,64.95882092355662,390.4276393338358,7677.590561360361,0.001331721125626186,-0.004453496073044319,-0.002766802025409087,0.5,34.993788816066875,27.9980124211414,206.1684051725959,99.98225376019107,1.9837962766247994e-08,2.3819160846434465e-05,0.17150000000000692
28.6,1.0008865634821833,-0.031735659845819796,9.998733432456811,0.03177328544335387,65.00249341089177,390.42311243164073,7677.600964527334,-0.009862309387576056,-0.0015530462851202124,-0.007428261419821345,0.5,34.99378519438706,27.998011262203857,206.1684077306847,99.98224341253446,1.984953684009243e-08,2.383304940445345e-05,0.17160000000000694
28.616666666666667,1.0104614096891944,-0.03245847940923276,10.001776689450757,0.03414910143402859,64.96038640242364,390.418591994321,7677.61137318497,0.009576551060400873,-0.0006692947476465802,0.0030554742610328567,0.5,34.99378157270724,27.998010103266317,206.1684102887793,99.98223306487783,1.986111091393673e-08,2.384693796227954e-05,0.17170000000000693
28.633333333333333,1.016032160286139,-0.023500141625702783,10.006054272170765,0.029085749668200832,64.97896764072854,390.4140780217247,7677.621787306231,0.005572839477898828,0.009032579955968007,0.004118497958580476,0.5,34.993777951027425,27.998008944328774,206.16841284687968,99.98222271722122,1.9872684987780895e-08,2.386082651991273e-05,0.17180000000000695
28.65,1.0173223328187035,-0.026716917710221704,10.008756765625538,0.03302436329431403,64.96502835364645,390.4095705136843,7677.632206864045,0.0012913568368648994,-0.003168318167487536,0.002759144406180144,0.5,34.993774329347616,27.998007785391238,206.16841540498572,99.98221236956462,1.9884259061624927e-08,2.387471507735303e-05,0.17190000000000696
28.666666666666668,1.0178902412132418,-0.02193355779011575,10.010480837114704,0.030183793783257792,65.00589443552161,390.405069470006,7677.642631831292,0.0005686403585377203,0.004813224412962283,0.0016388486423610028,0.5,34.99377070766781,27.998006626453698,206.1684179630974,99.98220202190802,1.9895833135468826e-08,2.3888603634600427e-05,0.17200000000000695
28.683333333333334,1.0120604578094126,-0.017472644761849808,10.011293886075194,0.024048728690446775,65.0303007869145,390.400574890472,7677.65306218082,-0.005829503814342744,0.004474615249892064,0.000733901914090682,0.5,34.993767085988,27.99800546751616,206.1684205212146,99.98219167425142,1.9907407209312593e-08,2.390249219165493e-05,0.17210000000000697
28.7,1.0144003467124225,-0.023786977390401646,10.0125091854784,0.03049171655704001,64.99050815298689,390.39608677484466,7677.663497885426,0.0023403264817539677,-0.006291854833487599,0.001326767443383278,0.5,34.99376346430819,27.998004308578622,206.1684230793373,99.98218132659483,1.9918981283156224e-08,2.3916380748516536e-05,0.172200000000007
28.716666666666665,1.0143511625013901,-0.01433190394948221,10.015693019066818,0.025645399417844415,65.0294942287403,390.39160512286054,7677.673938917878,-4.8125108826384466e-05,0.00950995597752277,0.0030159487322884994,0.5,34.993759842628386,27.998003149641082,206.1684256374654,99.98217097893824,1.993055535699972e-08,2.3930269305185248e-05,0.17230000000000698
28.733333333333334,1.0140816857306625,-0.018898056514805087,10.017397216867975,0.029294613151872092,64.99454235482835,390.3871299342364,7677.684385250897,-0.0002689825770433246,-0.004535272069543001,0.0017847538859759786,0.5,34.99375622094858,27.998001990703546,206.16842819559884,99.98216063128166,1.9942129430843083e-08,2.394415786166106e-05,0.172400000000007
28.75,1.0066367942836942,-0.022834193379573414,10.017230521255659,0.029366372899917257,65.05717432328333,390.38266120866314,7677.6948368571675,-0.007444952165080495,-0.0039384642711180595,-9.726306868242389e-05,0.5,34.99375259926878,27.99800083176601,206.1684307537376,99.98215028362509,1.9953703504686313e-08,2.395804641794398e-05,0.172500000000007
28.766666666666666,1.0084636280223016,-0.02218156280774541,10.022471144844337,0.032690682107146485,65.04657928716087,390.378198945811,7677.705293709331,0.0018288924473606686,0.0007446816350188071,0.005228336956622678,0.5,34.99374897758898,27.997999672828474,206.16843331188156,99.9821399359685,1.996527757852941e-08,2.3971934974033997e-05,0.172600000000007
28.783333333333335,1.0039609314017681,-0.019560413749785604,10.021793797891007,0.029551613317411806,65.06867682953231,390.37374314532804,7677.715755779991,-0.004502943358302085,0.0026088501079492288,-0.0007232719727486091,0.5,34.99374535590918,27.997998513890934,206.1684358700307,99.98212958831193,1.9976851652372368e-08,2.3985823529931123e-05,0.17270000000000701
28.8,1.0139890494555495,-0.014323538882836643,10.016801134808095,0.026137982885249923,65.03367106888551,390.3692938068397,7677.726223041713,0.010026641782522982,0.005148146980252685,-0.005084105038690808,0.5,34.99374173422938,27.997997354953405,206.16843842818488,99.98211924065538,1.9988425726215195e-08,2.399971208563535e-05,0.17280000000000703
28.816666666666666,1.0186341922017415,-0.03091706030242807,10.013485546434792,0.03853690805003422,64.97285950798441,390.3648509299457,7677.736695467019,0.00464383375875537,-0.016649719923023682,-0.003020746379789435,0.5,34.993738112549586,27.99799619601587,206.1684409863441,99.98210889299882,1.999999980005789e-08,2.401360064114668e-05,0.17290000000000702
28.833333333333332,1.0239614002467987,-0.030138069123909362,10.006690796921758,0.03908072396793503,65.060199432594,390.3604145142278,7677.747173028394,0.005323587762233393,0.0006577573859020768,-0.0068075539312778335,0.5,34.99373449086979,27.997995037078333,206.1684435445083,99.98209854534227,2.001157387390045e-08,2.4027489196465114e-05,0.17300000000000704
28.85,1.0224990100373255,-0.03557002784586713,10.010450656543686,0.043368127727030505,65.09070214018374,390.3559845592417,7677.757655698285,-0.001460234263603399,-0.005363949769475676,0.003856262212207949,0.5,34.99373086919,27.9979938781408,206.1684461026774,99.98208819768571,2.0023147947742872e-08,2.404137775159065e-05,0.17310000000000705
28.866666666666667,1.0264273738980465,-0.02702257710108001,10.013324028633583,0.040078941491807255,65.08237319372986,390.3515610645218,7677.768143449097,0.003929933365611302,0.008597458359798046,0.0027200899076685343,0.5,34.99372724751021,27.997992719203264,206.16844866085134,99.98207785002917,2.0034722021585163e-08,2.405526630652329e-05,0.17320000000000704
28.883333333333333,1.0213334800972582,-0.024093233102891375,10.012920174491654,0.03467921645481505,65.11320904856366,390.347144029581,7677.778636253197,-0.005094073951191386,0.00292165976305191,-0.0004561344596893114,0.5,34.99372362583043,27.997991560265735,206.16845121903006,99.98206750237264,2.0046296095427322e-08,2.4069154861263034e-05,0.17330000000000706
28.9,1.018821965950167,-0.03198498415373871,10.003235767831514,0.03725331924293658,65.0836520993375,390.342733453908,7677.789134082915,-0.002516253451561013,-0.008062909651965246,-0.009542375681890628,0.5,34.99372000415063,27.997990401328202,206.16845377721353,99.9820571547161,2.0057870169269345e-08,2.408304341580988e-05,0.17340000000000708
28.916666666666668,1.0194020108720598,-0.03345231330700163,9.996139270663432,0.03886330886090682,65.10890906321208,390.33832933697107,7677.799636910538,0.0005759924805534896,-0.0015933147714175578,-0.007069275681146113,0.5,34.99371638247085,27.997989242390673,206.16845633540166,99.98204680705958,2.0069444243111233e-08,2.409693197016383e-05,0.1735000000000071
28.933333333333334,1.0113754407072184,-0.023833332689323347,9.996386770408185,0.02665458161119032,65.14302889701557,390.33393167821504,7677.810144708317,-0.008026446449987167,0.009621856141065303,7.700338668718448e-05,0.5,34.99371276079106,27.99798808345314,206.16845889359442,99.98203645940305,2.0081018316952988e-08,2.4110820524324885e-05,0.17360000000000708
28.95,1.0077066916598352,-0.0257536983146653,9.989639696603756,0.02880878456827198,65.1058635595976,390.32954047706164,7677.820657448467,-0.003671668699535395,-0.0020389435716032483,-0.006712191133605265,0.5,34.99370913911128,27.99798692451561,206.16846145179173,99.98202611174652,2.009259239079461e-08,2.4124709078293042e-05,0.1737000000000071
28.966666666666665,1.0014518156844439,-0.02683858550947087,9.990919607863724,0.02837013894914359,65.15291748511139,390.32515573291107,7677.831175103156,-0.0062542885609007965,-0.0010622806382103189,0.0012987349876714205,0.5,34.99370551743151,27.997985765578083,206.16846400999356,99.98201576409002,2.0104166464636098e-08,2.4138597632068303e-05,0.17380000000000712
28.983333333333334,1.0055000231357931,-0.02545923290023749,9.99636924421158,0.02629821863289512,65.13315188761281,390.32077744514214,7677.841697644521,0.004050694582846668,0.001474580882206288,0.005424643312627136,0.5,34.99370189575173,27.997984606640554,206.16846656819982,99.98200541643351,2.011574053847745e-08,2.4152486185650667e-05,0.1739000000000071
29.0,1.0000150979033557,-0.03432152576429922,9.998363889471488,0.03436050347178076,65.1434431603493,390.3164056131113,7677.852225044661,-0.00548388465909016,-0.00882602832771125,0.0021494343264382384,0.5,34.993698274071946,27.997983447703024,206.16846912641049,99.981995068777,2.0127314612318668e-08,2.4166374739040134e-05,0.17400000000000712
29.016666666666666,1.0069264977729497,-0.023392929524089598,9.995875992680164,0.02474270170569588,65.13598488021147,390.3120402361499,7677.862757275631,0.006910146839753468,0.01088334977452312,-0.0026789071615798297,0.5,34.99369465239217,27.997982288765495,206.16847168462547,99.9819847211205,2.0138888686159755e-08,2.4180263292236706e-05,0.17410000000000714
29.033333333333335,1.012670148550798,-0.01629423750697739,9.991332213005593,0.022386025337874354,65.14554114654871,390.3076813135715,7677.873294309453,0.005742077108805677,0.007017512768444874,-0.004668176791988337,0.5,34.9936910307124,27.99798112982797,206.16847424284475,99.981974373464,2.015046276000071e-08,2.419415184524038e-05,0.17420000000000713
29.05,1.0125458842188573,-0.01737820048759186,9.99259950380497,0.022674660825453736,65.16149628652138,390.30332884466463,7677.883836118108,-0.00012389194176985155,-0.0010613975994737022,0.0012862490859196624,0.5,34.99368740903263,27.99797997089044,206.16847680106824,99.98196402580751,2.0162036833841525e-08,2.420804039805116e-05,0.17430000000000714
29.066666666666666,1.0162391502318917,-0.01726170724795776,9.989755470425571,0.02581814865834226,65.16633814528609,390.2989828286972,7677.894382673541,0.003692406290845268,6.612545689591236e-05,-0.0028456498791275715,0.5,34.99368378735286,27.997978811952912,206.16847935929593,99.98195367815103,2.0173610907682208e-08,2.422192895066904e-05,0.17440000000000716
29.083333333333332,1.0110491653490796,-0.024533102739261774,9.99514719193818,0.027340153039774624,65.19629241945634,390.294643264913,7677.904933947659,-0.005188018371774959,-0.007174875342235046,0.005519512087724388,0.5,34.99368016567309,27.99797765301539,206.16848191752774,99.98194333049454,2.0185184981522758e-08,2.4235817503094025e-05,0.17450000000000715
29.1,1.007633530097079,-0.020712285580481164,10.00328810422903,0.022317935728786892,65.20523281217785,390.2903101525363,7677.915489912329,-0.003412420891216878,0.003963629877814485,0.008072343211666753,0.5,34.993676543993324,27.997976494077864,206.16848447576365,99.98193298283806,2.0196759055363177e-08,2.4249706055326114e-05,0.17460000000000717
29.116666666666667,1.006568512325004,-0.01646462681632156,9.998857969293944,0.017763202669933368,65.20041400268802,390.2859834907679,7677.926050539383,-0.0010664550397114895,0.004169137125716339,-0.00450410858521208,0.5,34.99367292231356,27.99797533514034,206.16848703400356,99.9819226351816,2.0208333129203456e-08,2.4263594607365306e-05,0.17470000000000718
29.133333333333333,1.0031981984903855,-0.025111539176562756,10.000293244941254,0.025316087341853324,65.18132740964435,390.2816632787865,7677.936615800616,-0.0033697930881806753,-0.008620411197147043,0.0015867011163410096,0.5,34.9936693006338,27.997974176202817,206.16848959224745,99.98191228752513,2.0219907203043603e-08,2.4277483159211602e-05,0.17480000000000717
29.15,1.012469141639545,-0.021056711015830103,10.002081634754633,0.024560279053551907,65.18853167934317,390.277349515751,7677.947185667783,0.009271663700876436,0.0040856570729501255,0.001716792196971776,0.5,34.99366567895403,27.99797301726529,206.1684921504953,99.98190193986866,2.0231481276883618e-08,2.4291371710865e-05,0.1749000000000072
29.166666666666668,1.005809420414189,-0.014294711760432382,10.007698518239893,0.017244317563238104,65.24189770262967,390.2730422007954,7677.957760112603,-0.006657988427903269,0.006859874422707833,0.005496920451163955,0.5,34.99366205727427,27.997971858327766,206.168494708747,99.98189159221221,2.02430553507235e-08,2.4305260262325504e-05,0.1750000000000072
29.183333333333334,1.0033199828274388,-0.028856031915296364,10.014983068524037,0.03268348595715164,65.15752284963925,390.2687413330339,7677.968339106759,-0.00248669450762988,-0.014431368995532242,0.007538720202538183,0.5,34.99365843559452,27.997970699390248,206.16849726700255,99.98188124455577,2.0254629424563243e-08,2.431914881359311e-05,0.1751000000000072
29.2,1.0014335586432717,-0.027859911852308995,10.013951778520948,0.031191210668296436,65.24007535160263,390.26444691155757,7677.978922621897,-0.0018869346109689307,0.0009779263632070695,-0.0010485580664499165,0.5,34.99365481391476,27.997969540452726,206.1684998252619,99.98187089689931,2.0266203498402855e-08,2.433303736466782e-05,0.1752000000000072
29.216666666666665,1.0128837453979354,-0.02396068663100186,10.007970129766893,0.028349097073721467,65.20780859968772,390.260158935437,7677.989510629624,0.011447481771441502,0.0037934814385815487,-0.0060492620234509995,0.5,34.993651192235,27.9979683815152,206.16850238352498,99.98186054924287,2.0277777572242333e-08,2.4346925915549633e-05,0.17530000000000723
29.233333333333334,1.0039430513103402,-0.02893141432323308,10.004736485879796,0.029580705152609216,65.25929380637304,390.25587740372123,7678.000103101512,-0.008942186660822169,-0.005026867474092295,-0.0031456617776555993,0.5,34.993647570555254,27.99796722257768,206.16850494179175,99.98185020158643,2.028935164608168e-08,2.436081446623855e-05,0.17540000000000722
29.25,1.0100170946819096,-0.03330881776713825,10.006103227271453,0.03531436600631462,65.24040444943236,390.25160231543424,7678.010700009095,0.006074785720745394,-0.004352708012114999,0.001443459536396815,0.5,34.9936439488755,27.99796606364016,206.16850750006216,99.98183985393,2.0300925719920887e-08,2.437470301673457e-05,0.17550000000000723
29.266666666666666,1.0127517399446406,-0.019246664823543157,10.006895281150271,0.024095962591779176,65.25656256186039,390.2473336695833,7678.021301323871,0.0027350085253701104,0.014073942841280903,0.0005437183389507792,0.5,34.99364032719575,27.99796490470264,206.16851005833618,99.98182950627357,2.0312499793759962e-08,2.4388591567037693e-05,0.17560000000000725
29.283333333333335,1.0065032749075684,-0.030962606311378565,10.007521179165604,0.03252030347656245,65.18440380357518,390.2430714651505,7678.031907017302,-0.006248190800705463,-0.0117030940482797,0.0008322405083931223,0.5,34.993636705516,27.997963745765123,206.16851261661378,99.98181915861714,2.0324073867598905e-08,2.440248011714792e-05,0.17570000000000724
29.3,1.0073568040804106,-0.03346159175484712,10.005187748467394,0.03465163354745981,65.25240465982091,390.2388157010991,7678.042517060814,0.0008522173014171912,-0.002539605707268001,-0.0022891544743285416,0.5,34.99363308383625,27.9979625868276,206.16851517489488,99.98180881096073,2.0335647941437715e-08,2.441636866706525e-05,0.17580000000000726
29.316666666666666,1.0032179823316352,-0.030728366658056956,10.005078024768322,0.0313110686565233,65.29714979946993,390.2345663763667,7678.053131425797,-0.00413888321373542,0.002730879335727128,-0.00015766033865516243,0.5,34.99362946215651,27.997961427890083,206.16851773317944,99.98179846330432,2.034722201527639e-08,2.4430257216789685e-05,0.17590000000000727
29.333333333333332,1.0044689119857908,-0.027594134024641344,9.999698195668671,0.027955282806404604,65.28696945912989,390.2303234898718,7678.063750083602,0.0012481915374035876,0.0030394998191901916,-0.005433912841342777,0.5,34.99362584047677,27.997960268952568,206.16852029146744,99.9817881156479,2.035879608911493e-08,2.4444145766321223e-05,0.17600000000000726
29.35,1.0073172159525516,-0.0402808273175764,9.996764871432722,0.041067458063593375,65.23961268802526,390.22608704051373,7678.074373005548,0.0028465664985447615,-0.012736233477782117,-0.002710153702636342,0.5,34.99362221879702,27.997959110015046,206.16852284975883,99.9817777679915,2.0370370162953335e-08,2.4458034315659864e-05,0.17610000000000728
29.366666666666667,1.0202068755901728,-0.042969133799930254,9.99915738613125,0.04749064635519174,65.272062130505,390.2218570271647,7678.085000162916,0.012891397836942691,-0.0026455560063710945,0.0024397026239126136,0.5,34.99361859711728,27.99795795107753,206.16852540805357,99.9817674203351,2.038194423679161e-08,2.4471922864805608e-05,0.1762000000000073
29.383333333333333,1.0217015642127694,-0.033511387430893054,10.005185067840543,0.04026067197337431,65.31275462201994,390.2176334486809,7678.0956315269505,0.0014987116084117119,0.009563646561739721,0.005858204688262595,0.5,34.993614975437545,27.997956792140013,206.1685279663516,99.9817570726787,2.0393518310629748e-08,2.4485811413758453e-05,0.17630000000000728
29.4,1.0181042535056533,-0.033421678869239205,10.00653390935476,0.03856855681231174,65.31493581796184,390.21341630389446,7678.106267068864,-0.00359652284840458,0.0001137033516511067,0.0013470308034974128,0.5,34.99361135375781,27.997955633202498,206.1685305246529,99.98174672502232,2.040509238446775e-08,2.4499699962518404e-05,0.1764000000000073
29.416666666666668,1.0138673126996116,-0.029053508994406372,10.00504289432905,0.032586423287700034,65.34011495707044,390.20920559161806,7678.116906759828,-0.004237753707632826,0.004341045414641904,-0.0015682340260918894,0.5,34.993607732078075,27.997954474264983,206.16853308295742,99.98173637736593,2.0416666458305622e-08,2.4513588511085456e-05,0.17650000000000732
29.433333333333334,1.0139071114780174,-0.02168530750621783,9.99919354489095,0.025774142659704243,65.33342033556166,390.20500131064,7678.127550570983,3.720880527399846e-05,0.007263545155014055,-0.005978811541036053,0.5,34.993604110398344,27.99795331532747,206.16853564126512,99.98172602970955,2.042824053214336e-08,2.4527477059459615e-05,0.1766000000000073
29.45,1.0036710718757016,-0.02168622320773029,10.000711665637427,0.02200628319173757,65.36722733829745,390.20080345972906,7678.138198473432,-0.010235465039055126,2.581214069206284e-05,0.001517901466267181,0.5,34.99360048871861,27.997952156389957,206.16853819957598,99.98171568205318,2.0439814605980963e-08,2.4541365607640873e-05,0.17670000000000732
29.466666666666665,1.0085766112669874,-0.020370100752478453,10.002666976996322,0.022262528184054237,65.33754287458277,390.19661203763354,7678.148850438244,0.004906257014384615,0.0013502533824344871,0.0019318996162495453,0.5,34.99359686703888,27.997950997452442,206.16854075788993,99.9817053343968,2.045138867981843e-08,2.455525415562924e-05,0.17680000000000734
29.483333333333334,1.0096823562382136,-0.017581534201327867,10.003594006605153,0.020390829504537647,65.35501732017256,390.19242704307845,7678.159506436454,0.001106051994647971,0.0028044606360359842,0.0008777743200417612,0.5,34.99359324535916,27.99794983851493,206.16854331620695,99.98169498674045,2.0462962753655764e-08,2.4569142703424704e-05,0.17690000000000733
29.5,1.0124498355542735,-0.032140886539985904,10.003450022446629,0.03464046385441049,65.29756989679153,390.1882484747702,7678.1701664390575,0.002767416840436602,-0.014559626288466838,0.00011294556475203538,0.5,34.993589623679426,27.997948679577416,206.16854587452698,99.98168463908408,2.0474536827492967e-08,2.4583031251027277e-05,0.17700000000000735
29.516666666666666,1.016164429925193,-0.037602033366179025,10.000097325661104,0.040929356195272104,65.360353518771,390.184076331391,7678.180830417021,0.003712553848018527,-0.005519640781441391,-0.0032554971960091195,0.5,34.9935860019997,27.997947520639904,206.16854843285003,99.98167429142772,2.0486110901330033e-08,2.4596919798436953e-05,0.17710000000000736
29.533333333333335,1.0104621424529316,-0.0353006383332973,10.001306491854693,0.03684164526962678,65.39606147284732,390.1799106116053,7678.191498341272,-0.005701518210530441,0.0023224189024488146,0.0011682773000132294,0.5,34.99358238031998,27.997946361702393,206.16855099117603,99.98166394377137,2.0497684975166964e-08,2.4610808345653732e-05,0.17720000000000735
29.55,1.0078862075627528,-0.029582672231033235,9.999848282820034,0.030616158480688365,65.39330389212506,390.1757513140533,7678.202170182705,-0.0025767605485026435,0.005691396477972292,-0.0015586903033075674,0.5,34.99357875864026,27.997945202764882,206.16855354950494,99.98165359611502,2.0509259049003763e-08,2.4624696892677615e-05,0.17730000000000737
29.566666666666666,1.0132120724782405,-0.032544452522787475,10.004372738911037,0.035395676342047835,65.36816923576491,390.17159843735584,7678.212845912181,0.005328317904843688,-0.002881524097758054,0.004575987147606948,0.5,34.99357513696054,27.99794404382737,206.1685561078367,99.98164324845868,2.052083312284043e-08,2.4638585439508602e-05,0.17740000000000739
29.583333333333332,1.0132361745870357,-0.039064097358431624,10.008477883857699,0.04210879993350254,65.40294051772146,390.167451980114,7678.223525500524,2.6667423907523237e-05,-0.006446033450066656,0.004219790297693712,0.5,34.99357151528082,27.99794288488986,206.16855866617132,99.98163290080235,2.053240719667696e-08,2.4652473986146692e-05,0.17750000000000737
29.6,1.0026561270312462,-0.04420360381466843,10.001513722724429,0.0443092321593798,65.43544641750957,390.16331194090566,7678.234208918526,-0.010585108077640697,-0.005261218246598987,-0.006872672314941284,0.5,34.99356789360111,27.99794172595236,206.16856122450875,99.98162255314602,2.0543981270513355e-08,2.4666362532591885e-05,0.1776000000000074
29.616666666666667,1.0014531239420086,-0.037762276885229616,9.993206588773454,0.03839589887874368,65.41551390890415,390.1591783182882,7678.2448961369455,-0.001208945075763324,0.006295064566330569,-0.008418509039572258,0.5,34.99356427192139,27.997940567014847,206.16856378284896,99.98161220548968,2.0555555344349617e-08,2.4680251078844182e-05,0.1777000000000074
29.633333333333333,1.0053124830645896,-0.027878844163830106,9.992188956977547,0.029435431490428644,65.41150882327172,390.15505111079847,7678.255587126505,0.0038587761972596877,0.009864097061897777,-0.001190548717300413,0.5,34.993560650241676,27.997939408077336,206.1685663411919,99.98160185783337,2.0567129418185747e-08,2.4694139624903583e-05,0.1778000000000074
29.65,1.0131191946064348,-0.03218506504140274,9.991420064431242,0.03579865542282025,65.36516619817655,390.15093031695204,7678.266281857894,0.007806308533921666,-0.004319095565582454,-0.0006929267163664267,0.5,34.993557028561966,27.99793824913983,206.16856889953758,99.98159151017705,2.0578703492021745e-08,2.4708028170770087e-05,0.1779000000000074
29.666666666666668,1.0186897278368596,-0.03093065768010836,9.992670097914067,0.03687363565275217,65.42221278087013,390.14681593524574,7678.276980301766,0.005571221738953648,0.0012763732113625873,0.0012275962265255256,0.5,34.993553406882256,27.99793709020232,206.1685714578859,99.98158116252074,2.0590277565857604e-08,2.4721916716443694e-05,0.17800000000000743
29.683333333333334,1.0118270304767625,-0.04714000802784387,9.993347482416619,0.0490535447653114,65.40443616754904,390.1427079641521,7678.287682428746,-0.006862235869600177,-0.016194803458230964,0.0009644862125030631,0.5,34.99354978520255,27.997935931264816,206.16857401623687,99.98157081486443,2.060185163969333e-08,2.4735805261924405e-05,0.17810000000000742
29.7,1.0042062512067897,-0.04170946264432078,9.996739334778509,0.04204751805163516,65.47500216783111,390.13860640212613,7678.29838820942,-0.007618149381928359,0.005489375459775222,0.003295790650285179,0.5,34.99354616352284,27.99793477232731,206.16857657459045,99.98156046720813,2.0613425713528925e-08,2.474969380721222e-05,0.17820000000000744
29.716666666666665,1.0008226161579736,-0.03245149678016698,10.00415789846254,0.032727150779758477,65.47198472461046,390.1345112475995,7678.309097614345,-0.003378833930330755,0.009386346032790397,0.007255446587645499,0.5,34.99354254184314,27.997933613389804,206.16857913294658,99.98155011955183,2.0624999787364387e-08,2.4763582352307137e-05,0.17830000000000745
29.733333333333334,1.0009728439884635,-0.029321757982461356,10.005378569116639,0.029826893851740907,65.46634721417162,390.13042249898615,7678.319810614043,0.00015088586146807154,0.0031505840281621203,0.0011658137253633635,0.5,34.99353892016344,27.997932454452297,206.16858169130526,99.98153977189553,2.063657386119971e-08,2.477747089720916e-05,0.17840000000000744
29.75,1.0106888236126337,-0.03229105359833358,10.004608655351184,0.0343253631162295,65.44592650957469,390.12634015467574,7678.330527179,0.009715565685462498,-0.0029823532860708676,-0.0007176715393385363,0.5,34.993535298483735,27.997931295514796,206.16858424966645,99.98152942423924,2.06481479350349e-08,2.4791359441918284e-05,0.17850000000000746
29.766666666666666,1.007707641311169,-0.02505124178561137,10.005828762758465,0.02685082050407039,65.48998433064159,390.12226421304047,7678.341247279673,-0.0029805717531825155,0.007260178441596908,0.0010924037597616527,0.5,34.99353167680404,27.997930136577292,206.1685868080301,99.98151907658297,2.065972200886996e-08,2.4805247986434512e-05,0.17860000000000747
29.783333333333335,1.0028134495914645,-0.025207165496719867,10.005081158688604,0.025867762711356747,65.49530972835166,390.1181946724309,7678.351970886484,-0.004894519612352018,-0.00016901583153148693,-0.0007447533761036572,0.5,34.99352805512434,27.997928977639788,206.16858936639622,99.98150872892668,2.0671296082704885e-08,2.4819136530757844e-05,0.17870000000000746
29.8,1.0076117530873852,-0.03136071122740025,10.001817519933194,0.032322498920216665,65.47483223902613,390.11413153117707,7678.362697969824,0.00479669241053069,-0.006209853945279718,-0.003155182175780724,0.5,34.99352443344465,27.997927818702287,206.16859192476477,99.98149838127041,2.068287015653967e-08,2.483302507488828e-05,0.17880000000000748
29.816666666666666,1.00856526133588,-0.0314721055970072,9.998884509832909,0.032635811628395406,65.49892334182536,390.11007478758785,7678.373428500049,0.0009519000211853155,-0.00016297919739536785,-0.0029305958699793757,0.5,34.99352081176495,27.997926659764783,206.1685944831357,99.98148803361414,2.0694444230374326e-08,2.4846913618825818e-05,0.1789000000000075
29.833333333333332,1.002260492016814,-0.030863139624938314,10.002188500363877,0.03102314313430527,65.52952640068798,390.10602443995236,7678.384162447484,-0.0063029720285565785,0.0006668468834170216,0.0032927959287166746,0.5,34.99351719008526,27.997925500827282,206.16859704150897,99.98147768595787,2.0706018304208848e-08,2.486080216257046e-05,0.1790000000000075
29.85,1.00034257371202,-0.021080817096802158,10.005658835907392,0.02182982683737129,65.52434231269935,390.1019804865401,7678.39489978242,-0.0019163452139408378,0.00984147329807436,0.0032988580248205323,0.5,34.99351356840557,27.99792434188978,206.16859959988457,99.98146733830163,2.0717592378043238e-08,2.4874690706122207e-05,0.1791000000000075
29.866666666666667,1.0028985859738926,-0.02629112129139908,10.005653321010454,0.027047965064096086,65.47031591418192,390.0979429255994,7678.405640475119,0.0025560099824485354,-0.00520960447503852,8.556564087576626e-05,0.5,34.99350994672588,27.99792318295228,206.16860215826247,99.98145699064537,2.072916645187749e-08,2.4888579249481056e-05,0.17920000000000752
29.883333333333333,1.0146826328653211,-0.03179737496933843,10.002579188993026,0.0351187412328703,65.48117022788628,390.09391175535694,7678.416384495807,0.011782488600903461,-0.005559522844922836,-0.002976713124950286,0.5,34.99350632504619,27.99792202401478,206.16860471664265,99.98144664298911,2.0740740525711608e-08,2.490246779264701e-05,0.1793000000000075
29.9,1.0059128233521948,-0.032484768622320685,9.995972858207887,0.03326298302503068,65.56150838428877,390.0898869740209,7678.4271318146775,-0.00877351546712893,-0.0008037703146762477,-0.006593182568454432,0.5,34.9935027033665,27.997920865077283,206.16860727502504,99.98143629533287,2.0752314599545594e-08,2.4916356335620065e-05,0.17940000000000753
29.916666666666668,1.0169304815530482,-0.033675982656270455,10.003273572578989,0.03783466471898648,65.51847206325881,390.08586857977883,7678.437882401896,0.011021873385815435,-0.001062158290154461,0.0073206026977644875,0.5,34.99349908168682,27.997919706139783,206.16860983340965,99.98142594767663,2.0763888673379448e-08,2.4930244878400225e-05,0.17950000000000754
29.933333333333334,1.0185616026485897,-0.01882970169516498,10.008522035924855,0.027780709673346435,65.55145410154465,390.0818565707989,7678.448636227595,0.0016335259338004786,0.014937162566549837,0.004983933944581601,0.5,34.99349546000714,27.997918547202286,206.16861239179644,99.9814156000204,2.0775462747213166e-08,2.4944133420987488e-05,0.17960000000000753
29.95,1.014208837365006,-0.025261803625850485,10.008901949706209,0.030320789129233146,65.49311756284997,390.0778509452268,7678.459393261872,-0.004352619105886116,-0.006424350897738663,0.0004939487793297356,0.5,34.99349183832746,27.99791738826479,206.1686149501854,99.98140525236417,2.078703682104675e-08,2.4958021963381855e-05,0.17970000000000755
29.966666666666665,1.010317424389183,-0.02278416848916616,10.005197547649484,0.0255461033174993,65.57726924092489,390.07385170118886,7678.470153474797,-0.003892966159721957,0.002411805008032989,-0.0037475945218322254,0.5,34.99348821664778,27.997916229327288,206.16861750857646,99.98139490470794,2.07986108948802e-08,2.4971910505583325e-05,0.17980000000000756
29.983333333333334,1.0153303345579465,-0.01973625619364763,9.998909391937621,0.02501444833816449,65.55885111652697,390.06985883679334,7678.480916836406,0.005010576884515541,0.002936285472391715,-0.006341048336299871,0.5,34.9934845949681,27.99791507038979,206.16862006696965,99.98138455705173,2.0810184968713516e-08,2.49857990475919e-05,0.17990000000000755
30.0,1.0163444416516028,-0.021358504409496406,9.991501881917172,0.028204480278125495,65.57712483353902,390.0658723501265,7678.491683316706,0.0010114506166481,-0.00175331934609179,-0.0073775848595125215,0.5,34.99348097328843,27.997913911452297,206.1686226253649,99.9813742093955,2.08217590425467e-08,2.4999687589407576e-05,0.18000000000000757
